key/t,False-0,False-1,False-2,False-3,False-4,False-5,False-6,False-7,False-8,False-9,False-10,False-inf,True-0,True-1,True-2,True-3,True-4,True-5,True-6,True-7,True-8,True-9,True-10,True-inf
total_time_sec,10.414177,14.171986,11.002018,10.544131,10.972183,10.844698,14.300522,23.242507,12.409187,11.728107,11.495552,17.564437,10.177839,14.256068,11.368113,10.348819,10.631057,11.590834,11.138943,11.024059,14.305120,12.647173,11.024686,11.288051
load_time_sec,7.429850,10.642456,7.445794,6.977485,7.153920,6.807203,10.326126,14.832438,7.267463,7.113051,6.831329,10.672812,7.243140,10.674242,7.425086,6.812700,6.889171,7.710631,7.312613,6.926590,10.373573,7.803560,6.995843,7.397682
detect_races_time_sec,2.235994,2.289529,2.180398,2.184480,2.072009,2.138418,2.070355,4.539913,2.265541,2.335622,2.137739,4.298386,2.183301,2.313071,2.563792,2.174786,2.216244,2.218832,2.119665,2.306275,2.198871,2.737203,2.196607,2.064660
extract_traces_time_sec,0.064002,0.049180,0.039816,0.037640,0.037044,0.036497,0.033490,0.078817,0.035575,0.042460,0.035138,0.068132,0.068496,0.056354,0.042859,0.038015,0.036876,0.037963,0.035515,0.036678,0.036300,0.034390,0.032542,0.033504
find_reactive_cmds_time_sec,0.000810,0.000947,0.000963,0.000545,0.000999,0.000952,0.001652,0.003225,0.000974,0.001001,0.000945,0.001878,0.000971,0.000976,0.000976,0.000997,0.000944,0.000963,0.000998,0.001552,0.000959,0.001312,0.000960,0.001212
find_proactive_cmds_time_sec,0.095202,0.106444,0.103247,0.092699,0.100343,0.114613,0.102771,0.208193,0.118005,0.125891,0.097717,0.162813,0.097100,0.116483,0.106748,0.096143,0.098287,0.109422,0.105919,0.113853,0.096202,0.119511,0.092448,0.109644
find_covered_races_time,0.011988,0.027619,0.033089,0.036359,0.038576,0.058708,0.054936,0.121955,0.100498,0.067920,0.067195,0.143001,0.013165,0.030175,0.029466,0.044102,0.055410,0.060063,0.077445,0.083575,0.087805,0.126767,0.091003,0.082003
per_packet_inconsistent_time_sec,0.001134,0.027894,0.037350,0.044392,0.052410,0.099964,0.076432,0.167541,0.091467,0.091299,0.091767,0.200501,0.001224,0.032484,0.036599,0.047208,0.054950,0.065492,0.078523,0.084488,0.090019,0.137707,0.100589,0.115473
find_inconsistent_update_time_sec,-0.000034,-0.000088,-0.001059,-0.000175,-0.000190,-0.000221,-0.000765,-0.002283,-0.001275,-0.001264,-0.001089,-0.004169,-0.000036,-0.000082,-0.000149,-0.000764,-0.001348,-0.002854,-0.001928,-0.003132,-0.002386,-0.003188,-0.003500,-0.004792
