key/t,False-0,False-1,False-2,False-3,False-4,False-5,False-6,False-7,False-8,False-9,False-10,False-inf,True-0,True-1,True-2,True-3,True-4,True-5,True-6,True-7,True-8,True-9,True-10,True-inf
total_time_sec,9.344993,9.852027,10.146150,9.997178,10.198534,10.030668,10.199708,10.216272,10.776527,10.493182,10.513203,11.178329,10.145357,13.127981,12.249248,9.920486,10.313642,10.502499,11.470451,10.435307,10.722731,10.834801,10.523664,10.836908
load_time_sec,6.616799,6.623806,6.553159,6.635136,6.762383,6.560790,6.634291,6.562414,6.975635,6.582575,6.697796,7.424341,7.022585,9.675131,9.007747,6.521319,6.769971,6.882642,6.937707,6.831004,6.797124,6.954045,6.721567,6.903693
detect_races_time_sec,1.999777,2.083065,2.377835,2.010581,1.997347,2.015529,2.016528,2.028276,2.155512,2.043332,2.004926,1.986706,2.383119,2.252146,2.057909,2.088853,2.049933,2.050954,2.322285,1.967713,2.072463,2.076342,2.032068,2.122715
extract_traces_time_sec,0.063956,0.045470,0.040425,0.039910,0.035464,0.034099,0.043174,0.033296,0.030268,0.038119,0.033412,0.030713,0.069524,0.047331,0.037315,0.037977,0.036661,0.038901,0.034483,0.033539,0.043047,0.035769,0.032560,0.030436
find_reactive_cmds_time_sec,0.000996,0.000980,0.001006,0.000970,0.000959,0.000969,0.001003,0.000984,0.000941,0.001388,0.000960,0.001280,0.000947,0.000951,0.000989,0.000931,0.000932,0.001011,0.000937,0.000902,0.001069,0.001289,0.001562,0.000871
find_proactive_cmds_time_sec,0.089448,0.094086,0.101729,0.092368,0.095054,0.091623,0.100494,0.102032,0.092662,0.130292,0.096614,0.096054,0.092978,0.098206,0.091239,0.089839,0.097530,0.104255,0.109631,0.091810,0.140119,0.105656,0.094906,0.095031
find_covered_races_time,0.012322,0.026356,0.031106,0.032624,0.037701,0.042809,0.055703,0.055395,0.056639,0.062204,0.060500,0.071591,0.012761,0.026566,0.028871,0.040681,0.053832,0.063998,0.080655,0.094111,0.131636,0.091736,0.087625,0.080286
per_packet_inconsistent_time_sec,0.001142,0.029508,0.035712,0.045196,0.050985,0.062092,0.071013,0.077164,0.083909,0.089207,0.087223,0.100728,0.001338,0.029973,0.034436,0.043550,0.059286,0.065600,0.133658,0.080524,0.093475,0.093648,0.093687,0.153217
find_inconsistent_update_time_sec,-0.000035,-0.000089,-0.000165,-0.000177,-0.000382,-0.000205,-0.000752,-0.001038,-0.001129,-0.002023,-0.001291,-0.001891,-0.000035,-0.000093,-0.000161,-0.001551,-0.001345,-0.001419,-0.003891,-0.003117,-0.004003,-0.002515,-0.003698,-0.004653
