key/t,False-0,False-1,False-2,False-3,False-4,False-5,False-6,False-7,False-8,False-9,False-10,False-inf,True-0,True-1,True-2,True-3,True-4,True-5,True-6,True-7,True-8,True-9,True-10,True-inf
total_time_sec,14.589765,15.835238,14.662368,16.714421,14.722786,16.287023,16.807938,17.739773,16.231436,16.774858,18.131609,18.777011,18.203993,22.321942,21.979928,20.555242,23.863280,23.420948,23.241466,23.804842,22.935052,20.845396,25.026979,24.696847
load_time_sec,9.776709,11.316906,8.945162,11.096221,9.287857,10.427800,11.488098,12.038953,11.860349,12.114217,11.846904,12.123673,12.906936,16.083177,14.882466,14.089332,16.606592,15.429547,14.762088,15.588667,14.063015,14.406398,16.603456,15.704621
detect_races_time_sec,3.764457,2.966869,3.684421,3.785114,3.438915,3.290033,3.049821,3.395574,2.371751,2.445828,3.370005,3.449942,3.983439,4.027819,4.192864,3.911695,4.605661,4.119007,4.737904,5.100581,5.179385,3.483265,4.590010,5.252849
extract_traces_time_sec,0.106246,0.055605,0.040199,0.037666,0.057886,0.061103,0.046753,0.059543,0.035935,0.039517,0.058927,0.064631,0.116718,0.082903,0.072269,0.070191,0.069480,0.073154,0.085218,0.111896,0.094989,0.057917,0.127085,0.061018
find_reactive_cmds_time_sec,0.002396,0.001393,0.001324,0.001392,0.002540,0.002402,0.001503,0.002696,0.001444,0.001611,0.002483,0.002480,0.002381,0.002551,0.002500,0.002521,0.002788,0.002823,0.002594,0.003870,0.003581,0.002470,0.007319,0.002756
find_proactive_cmds_time_sec,0.124271,0.081340,0.121228,0.083622,0.122971,0.123283,0.103011,0.099249,0.082017,0.084710,0.123780,0.128025,0.138250,0.131271,0.129717,0.126839,0.136204,0.200423,0.173226,0.189371,0.161681,0.131754,0.202060,0.153420
find_covered_races_time,0.028293,0.027411,0.051460,0.032438,0.058585,0.065184,0.058904,0.050251,0.073516,0.059211,0.096914,0.119403,0.036973,0.050095,0.053668,0.070509,0.092820,0.202497,0.159498,0.176636,0.144417,0.149021,0.162433,0.136191
per_packet_inconsistent_time_sec,0.002203,0.028948,0.058035,0.040248,0.078480,0.088182,0.073936,0.068693,0.097155,0.078869,0.135909,0.198586,0.002754,0.051493,0.097237,0.075300,0.087459,0.157982,0.116201,0.156221,0.138051,0.130760,0.165405,0.172317
find_inconsistent_update_time_sec,-0.000046,-0.000132,-0.000257,-0.000151,-0.000292,-0.000330,-0.001059,-0.001158,-0.001472,-0.001523,-0.002454,-0.003915,-0.000066,-0.000147,-0.000261,-0.001432,-0.002634,-0.005122,-0.004420,-0.004896,-0.004915,-0.002915,-0.009544,-0.008626
