key/t,False-0,False-1,False-2,False-3,False-4,False-5,False-6,False-7,False-8,False-9,False-10,False-inf,True-0,True-1,True-2,True-3,True-4,True-5,True-6,True-7,True-8,True-9,True-10,True-inf
total_time_sec,16.179144,16.399639,16.747932,17.487666,22.506767,20.301420,20.503652,20.942034,21.050284,21.293698,21.563346,26.498310,16.454446,16.565874,16.468852,17.462749,18.595204,18.860283,18.981094,19.242873,19.424181,19.947173,20.133815,27.718288
load_time_sec,12.044204,12.012043,12.258090,12.173231,15.219095,13.313727,13.075089,13.137467,12.845352,12.781960,12.725681,11.700156,12.130691,12.174374,12.127348,12.328615,12.590232,12.633442,12.256649,12.007464,11.809862,11.760745,11.781310,12.216458
detect_races_time_sec,3.449939,3.419918,3.463760,3.492225,4.396474,3.684474,3.646427,3.538201,3.400643,3.375436,3.395074,2.968101,3.638871,3.421389,3.366612,3.426407,3.523992,3.291228,3.294932,3.311118,3.160997,3.170995,3.236655,3.002980
extract_traces_time_sec,0.505849,0.385611,0.128536,0.111241,0.124883,0.113283,0.112617,0.105015,0.099415,0.100534,0.098090,0.070421,0.504033,0.381760,0.132542,0.110488,0.104908,0.097768,0.099675,0.096618,0.088722,0.093437,0.088667,0.072085
find_reactive_cmds_time_sec,0.014512,0.013302,0.013736,0.017768,0.016545,0.015117,0.014351,0.013906,0.013347,0.013552,0.013741,0.010725,0.012739,0.012788,0.013109,0.013803,0.015067,0.012549,0.013642,0.014892,0.013683,0.013490,0.013305,0.011347
find_proactive_cmds_time_sec,0.050652,0.040700,0.034736,0.038359,0.053696,0.052439,0.052138,0.050955,0.051416,0.047921,0.048466,0.035890,0.056301,0.052203,0.037497,0.054624,0.047757,0.052597,0.038641,0.051047,0.040096,0.034586,0.035190,0.062480
find_covered_races_time,0.112344,0.396987,0.625223,1.290438,2.174036,2.501874,2.872945,3.271604,3.708972,3.931081,4.244245,9.079019,0.110352,0.386001,0.575787,1.169883,1.821311,2.201943,2.576990,2.990383,3.420619,3.902262,3.987404,9.512128
per_packet_inconsistent_time_sec,0.001529,0.124248,0.204089,0.323994,0.451531,0.535186,0.630736,0.707767,0.802643,0.901093,0.887904,2.041964,0.001360,0.131042,0.196617,0.315654,0.419999,0.489914,0.592124,0.661004,0.769500,0.838248,0.848419,2.171309
find_inconsistent_update_time_sec,-0.000052,-0.006774,-0.019703,-0.040347,-0.070438,-0.085252,-0.099286,-0.117052,-0.128430,-0.142008,-0.150042,-0.591946,-0.000047,-0.006255,-0.019281,-0.043220,-0.071868,-0.080766,-0.108373,-0.110291,-0.120635,-0.133350,-0.142785,-0.669444
