key/t,False-0,False-1,False-2,False-3,False-4,False-5,False-6,False-7,False-8,False-9,False-10,False-inf
total_time_sec,4.593461,5.052740,5.131040,5.232538,5.144990,5.237909,5.385846,5.612793,6.924375,9.515550,11.344054,7.650818
load_time_sec,2.580376,2.534605,2.581580,2.629288,2.597220,2.659416,2.655204,2.621171,2.557612,2.584552,2.559052,2.543301
detect_races_time_sec,1.512333,1.455150,1.424115,1.372625,1.379238,1.372111,1.349690,1.347210,1.337540,1.313882,1.269692,1.153314
extract_traces_time_sec,0.039695,0.039606,0.038417,0.037778,0.036065,0.036271,0.034905,0.033794,0.034104,0.033854,0.032571,0.033734
find_reactive_cmds_time_sec,0.016766,0.016758,0.016679,0.016508,0.016685,0.016757,0.016523,0.016581,0.016995,0.016466,0.016236,0.015746
find_proactive_cmds_time_sec,0.026840,0.027389,0.027018,0.026483,0.027261,0.027183,0.026912,0.026788,0.027105,0.027205,0.026028,0.025600
find_covered_races_time,0.416299,0.952639,1.010428,1.103366,1.042241,1.075926,1.239167,1.503861,2.869590,5.423513,7.270467,3.167236
per_packet_inconsistent_time_sec,0.001085,0.025783,0.031367,0.043752,0.042856,0.046249,0.058841,0.058569,0.073781,0.101640,0.144969,0.581273
find_inconsistent_update_time_sec,0.000049,0.000789,0.001416,0.002715,0.003398,0.003975,0.004576,0.004798,0.007616,0.014405,0.025003,0.130579
