key/t,False-0,False-1,False-2,False-3,False-4,False-5,False-6,False-7,False-8,False-9,False-10,False-inf
total_time_sec,7.227538,7.614115,7.633083,7.652598,7.809714,7.622995,7.556884,7.880652,9.402356,12.270664,14.079269,9.927096
load_time_sec,4.304999,4.139738,4.191210,4.152825,4.365617,4.141332,4.151322,4.050368,4.071971,4.116342,4.196956,4.280351
detect_races_time_sec,2.395128,2.355618,2.280149,2.259459,2.236072,2.213876,2.115062,2.130843,2.104500,2.207014,2.067127,1.256638
extract_traces_time_sec,0.044710,0.045793,0.041692,0.038373,0.039294,0.037350,0.034797,0.037143,0.035838,0.033405,0.035370,0.036125
find_reactive_cmds_time_sec,0.006512,0.006917,0.006092,0.006475,0.009055,0.005988,0.006715,0.006353,0.006507,0.007438,0.006734,0.004957
find_proactive_cmds_time_sec,0.026012,0.023281,0.022915,0.022041,0.023282,0.025578,0.023993,0.021514,0.021838,0.023299,0.027984,0.021906
find_covered_races_time,0.448902,1.009508,1.055145,1.130024,1.086516,1.141919,1.161752,1.559416,3.058234,5.742376,7.541969,3.406921
per_packet_inconsistent_time_sec,0.001178,0.031821,0.034156,0.040430,0.045877,0.052188,0.058183,0.067304,0.091277,0.117038,0.167000,0.731000
find_inconsistent_update_time_sec,-0.000050,-0.001384,-0.001684,-0.002932,-0.003962,-0.004707,-0.005018,-0.007666,-0.012147,-0.023678,-0.036073,-0.189144
