key/t,False-0,False-1,False-2,False-3,False-4,False-5,False-6,False-7,False-8,False-9,False-10,False-inf
total_time_sec,15.920203,16.170250,15.995527,16.541347,17.263197,17.652151,18.109583,18.536918,18.870465,19.097871,19.254143,23.320437
load_time_sec,10.375661,10.436294,10.282403,10.293036,10.360304,10.302095,10.326412,10.331080,10.388708,10.330664,10.279986,10.327805
detect_races_time_sec,4.977587,4.903442,4.813993,4.734924,4.686487,4.632874,4.625958,4.583414,4.471155,4.426632,4.414354,2.566132
extract_traces_time_sec,0.420834,0.312961,0.107252,0.089179,0.085326,0.082239,0.083427,0.083010,0.078818,0.077273,0.078411,0.062523
find_reactive_cmds_time_sec,0.013489,0.012213,0.012448,0.012954,0.011793,0.011517,0.013524,0.012914,0.011580,0.011648,0.013017,0.010391
find_proactive_cmds_time_sec,0.029595,0.032167,0.028755,0.029311,0.031130,0.028119,0.030732,0.029666,0.028031,0.028047,0.033184,0.027490
find_covered_races_time,0.101496,0.343355,0.532869,1.037232,1.501352,1.872244,2.235410,2.555017,2.913174,3.139731,3.288850,7.674900
per_packet_inconsistent_time_sec,0.001449,0.123436,0.196912,0.310022,0.534002,0.494237,0.579086,0.667963,0.741390,0.808146,0.857857,2.123663
find_inconsistent_update_time_sec,-0.000048,-0.006335,-0.020851,-0.034651,-0.052762,-0.228777,-0.214986,-0.273804,-0.237562,-0.275681,-0.288435,-0.527485
