key/t,False-0,False-1,False-2,False-3,False-4,False-5,False-6,False-7,False-8,False-9,False-10,False-inf
total_time_sec,3.796870,4.179907,4.249983,4.274453,4.237888,4.224284,4.288037,4.573341,5.733214,7.765159,9.303722,6.249022
load_time_sec,2.189206,2.181328,2.198980,2.221801,2.204706,2.177289,2.186537,2.182267,2.209192,2.191358,2.205859,2.219039
detect_races_time_sec,1.221668,1.171464,1.153312,1.136103,1.118031,1.094462,1.096494,1.087557,1.088884,1.067489,1.055948,0.933461
extract_traces_time_sec,0.031637,0.030509,0.030571,0.030129,0.029113,0.028632,0.027567,0.026802,0.026856,0.026338,0.026309,0.025913
find_reactive_cmds_time_sec,0.004992,0.004893,0.004921,0.004869,0.004891,0.004724,0.004803,0.004724,0.004730,0.004624,0.004383,0.003514
find_proactive_cmds_time_sec,0.011345,0.011322,0.011467,0.012103,0.011451,0.011324,0.011756,0.011273,0.011346,0.011807,0.011494,0.011267
find_covered_races_time,0.336789,0.757937,0.822147,0.834048,0.829745,0.864786,0.912580,1.207484,2.321586,4.364590,5.858481,2.448822
per_packet_inconsistent_time_sec,0.001170,0.021862,0.027525,0.033622,0.037463,0.040078,0.045286,0.049723,0.064575,0.086688,0.118516,0.486549
find_inconsistent_update_time_sec,0.000041,0.000569,0.001037,0.001754,0.002467,0.002966,0.002991,0.003488,0.006022,0.012242,0.022709,0.120438
