key/t,False-0,False-1,False-2,False-3,False-4,False-5,False-6,False-7,False-8,False-9,False-10,False-inf
total_time_sec,6.585309,7.092494,7.071748,7.082535,7.044641,7.325612,7.218359,7.570610,9.015614,11.339918,13.303104,8.890218
load_time_sec,3.900584,3.917198,3.887863,3.861069,3.862246,4.011815,3.915502,3.904622,3.888592,3.847391,3.967293,3.898770
detect_races_time_sec,2.199968,2.177331,2.130620,2.100730,2.075645,2.057340,2.048145,2.077518,2.101847,2.017891,1.930034,1.119726
extract_traces_time_sec,0.038210,0.040726,0.036517,0.036290,0.034834,0.035818,0.037551,0.032559,0.037232,0.032098,0.034894,0.030593
find_reactive_cmds_time_sec,0.006315,0.006531,0.006382,0.006236,0.006266,0.006655,0.005960,0.006226,0.006194,0.006089,0.005658,0.004711
find_proactive_cmds_time_sec,0.025112,0.021734,0.021085,0.022114,0.022199,0.021955,0.025979,0.021623,0.023058,0.024079,0.025336,0.020106
find_covered_races_time,0.414110,0.899906,0.955166,1.013022,0.994985,1.138516,1.119112,1.460873,2.868760,5.275477,7.146041,2.967662
per_packet_inconsistent_time_sec,0.000921,0.028165,0.032457,0.040230,0.044588,0.048695,0.061074,0.061416,0.080379,0.117344,0.158395,0.675320
find_inconsistent_update_time_sec,-0.000049,-0.000864,-0.001617,-0.002796,-0.003840,-0.004779,-0.004997,-0.005713,-0.009511,-0.019508,-0.035412,-0.173281
