key/t,False-0,False-1,False-2,False-3,False-4,False-5,False-6,False-7,False-8,False-9,False-10,False-inf
total_time_sec,0.733254,0.729343,0.875966,0.744160,0.729867,0.737675,0.730874,0.745259,0.751860,0.764575,0.762858,0.782258
load_time_sec,0.480967,0.475456,0.534297,0.485865,0.468633,0.475460,0.464224,0.473353,0.478381,0.486414,0.483079,0.478994
detect_races_time_sec,0.221945,0.220708,0.295480,0.220804,0.220316,0.218185,0.218644,0.220060,0.218714,0.220803,0.220240,0.218596
extract_traces_time_sec,0.015885,0.015742,0.020915,0.014553,0.014235,0.013862,0.013622,0.013627,0.013344,0.013500,0.013383,0.012551
find_reactive_cmds_time_sec,0.001370,0.001369,0.001893,0.001381,0.001376,0.001383,0.001377,0.001370,0.001397,0.001404,0.001373,0.001437
find_proactive_cmds_time_sec,0.012490,0.012596,0.017419,0.013299,0.012993,0.012611,0.012875,0.012760,0.012812,0.012727,0.012822,0.012547
find_covered_races_time,0.000001,0.000001,0.000002,0.000001,0.000001,0.000001,0.000001,0.000001,0.000001,0.000001,0.000000,0.000001
per_packet_inconsistent_time_sec,0.000573,0.003416,0.005826,0.008046,0.011987,0.015789,0.019714,0.023616,0.026661,0.029128,0.031345,0.057356
find_inconsistent_update_time_sec,0.000014,0.000046,0.000121,0.000197,0.000315,0.000373,0.000407,0.000462,0.000539,0.000588,0.000605,0.000762
