key/t,False-0,False-1,False-2,False-3,False-4,False-5,False-6,False-7,False-8,False-9,False-10,False-inf,True-0,True-1,True-2,True-3,True-4,True-5,True-6,True-7,True-8,True-9,True-10,True-inf
total_time_sec,3.570797,3.512752,3.608690,4.137156,4.177807,3.982021,3.942165,4.008748,4.059832,4.129348,4.247597,4.512617,3.654776,3.433339,3.508634,3.890123,3.842864,3.968733,3.876809,4.190473,4.258353,4.403394,4.463206,4.815295
load_time_sec,2.248001,2.068478,2.103123,2.264418,2.362882,2.073378,2.037861,2.041508,2.061592,2.065830,2.121138,2.050103,2.024867,2.056392,2.078284,2.227368,2.074356,2.157045,2.065238,2.238544,2.122881,2.257945,2.218072,2.098711
detect_races_time_sec,0.557158,0.573381,0.577791,0.586185,0.594998,0.566199,0.581859,0.603949,0.569932,0.573172,0.605488,0.565985,0.646594,0.587680,0.563959,0.582964,0.608341,0.571717,0.572494,0.603986,0.607999,0.594360,0.589427,0.582893
extract_traces_time_sec,0.038506,0.046238,0.034885,0.037183,0.033483,0.029709,0.030479,0.033885,0.028610,0.029247,0.031262,0.026148,0.044676,0.036535,0.033007,0.036136,0.033984,0.031447,0.032167,0.031457,0.032794,0.029847,0.032600,0.028362
find_reactive_cmds_time_sec,0.003089,0.003126,0.003312,0.003277,0.005149,0.003458,0.003286,0.003761,0.003341,0.002954,0.003690,0.003840,0.002942,0.003168,0.003835,0.003423,0.003067,0.003295,0.003201,0.004167,0.004532,0.003820,0.003392,0.003219
find_proactive_cmds_time_sec,0.096762,0.147972,0.096637,0.103656,0.120502,0.095244,0.105560,0.108902,0.095223,0.101412,0.100283,0.089509,0.101381,0.094279,0.097023,0.101944,0.094643,0.095560,0.099929,0.100858,0.106983,0.104921,0.109812,0.102883
find_covered_races_time,0.004506,0.008110,0.009407,0.011655,0.015681,0.015093,0.019302,0.019026,0.021129,0.022000,0.024917,0.045179,0.004221,0.007703,0.009324,0.011181,0.012863,0.015481,0.018683,0.019813,0.024511,0.025206,0.029317,0.052120
per_packet_inconsistent_time_sec,0.001374,0.013661,0.015102,0.029748,0.039969,0.046948,0.059364,0.071808,0.084057,0.089215,0.099761,0.189503,0.001346,0.008093,0.014660,0.028161,0.035874,0.045477,0.062279,0.069910,0.087581,0.091796,0.105415,0.237894
find_inconsistent_update_time_sec,-0.000049,-0.000088,-0.000379,-0.000416,-0.000294,-0.000449,-0.000827,-0.001100,-0.001406,-0.001816,-0.002114,-0.002957,-0.000046,-0.000096,-0.000113,-0.000222,-0.000287,-0.000737,-0.001237,-0.001770,-0.001755,-0.003143,-0.004282,-0.012159
