key/t,False-0,False-1,False-2,False-3,False-4,False-5,False-6,False-7,False-8,False-9,False-10,False-inf,True-0,True-1,True-2,True-3,True-4,True-5,True-6,True-7,True-8,True-9,True-10,True-inf
total_time_sec,6.982169,8.199481,8.483412,8.962814,9.757888,9.894056,8.544143,9.857447,10.556982,9.783534,10.278043,11.775023,9.157164,8.253892,10.165345,10.120516,8.184138,9.548195,9.965586,8.503941,9.585201,9.381394,8.631391,9.065115
load_time_sec,4.063541,5.342204,4.904034,4.836465,5.144885,4.904142,4.854709,5.026046,5.242938,5.195349,4.998113,6.137059,5.554698,5.146274,6.144889,5.488062,4.122180,5.169265,5.480544,4.374077,4.758075,4.430206,3.925316,3.939870
detect_races_time_sec,1.191323,1.184071,1.339150,1.424352,1.538859,1.811691,1.152798,1.235846,1.322740,1.569838,1.171451,1.276876,1.755629,1.330623,1.312174,1.532273,1.712908,1.748339,1.562814,1.395148,1.385421,1.581807,1.321631,1.417209
extract_traces_time_sec,0.067783,0.064126,0.091519,0.062107,0.061575,0.058530,0.056372,0.055277,0.069796,0.054834,0.055439,0.083170,0.090253,0.115924,0.063648,0.152574,0.065057,0.113280,0.052159,0.055245,0.059229,0.060258,0.049785,0.057855
find_reactive_cmds_time_sec,0.025284,0.008330,0.016677,0.008331,0.009856,0.008252,0.008242,0.008347,0.008920,0.007965,0.008445,0.053771,0.008603,0.023625,0.008092,0.008946,0.007960,0.017501,0.007496,0.007886,0.006330,0.007880,0.007627,0.011993
find_proactive_cmds_time_sec,0.223994,0.132677,0.167305,0.303483,0.128479,0.135490,0.155364,0.136966,0.219394,0.137550,0.268387,0.197479,0.167668,0.166661,0.138545,0.181256,0.138850,0.255574,0.139543,0.166693,0.130082,0.152028,0.123577,0.218974
find_covered_races_time,0.010393,0.014964,0.018260,0.047968,0.021455,0.025377,0.030433,0.031506,0.057858,0.040301,0.080237,0.066442,0.009532,0.015048,0.019046,0.020856,0.021169,0.025736,0.044225,0.032535,0.032816,0.040375,0.041262,0.068079
per_packet_inconsistent_time_sec,0.002823,0.015700,0.030983,0.080979,0.062622,0.122897,0.098540,0.113896,0.146618,0.167974,0.285405,0.295347,0.002764,0.016678,0.032664,0.047333,0.054225,0.105905,0.174981,0.112504,0.132529,0.193625,0.214049,0.312645
find_inconsistent_update_time_sec,-0.000068,-0.000141,-0.000393,-0.000367,-0.000452,-0.000908,-0.001601,-0.002185,-0.002877,-0.003702,-0.020309,-0.005871,-0.000066,-0.000147,-0.000192,-0.000360,-0.000500,-0.000860,-0.001613,-0.001958,-0.003474,-0.005323,-0.006275,-0.019820
