key/t,False-0,False-1,False-2,False-3,False-4,False-5,False-6,False-7,False-8,False-9,False-10,False-inf,True-0,True-1,True-2,True-3,True-4,True-5,True-6,True-7,True-8,True-9,True-10,True-inf
total_time_sec,2.694863,2.766011,3.021773,2.692449,3.022326,2.707261,2.958245,2.989575,2.805349,2.741181,2.745523,3.842920,2.893993,2.795404,2.965567,2.820855,2.741477,2.927621,2.799202,3.149880,3.178343,2.704855,2.888192,3.616417
load_time_sec,1.980036,2.048913,2.297753,1.937217,2.250453,1.945369,2.057746,2.075834,2.002375,1.876555,1.922761,2.098924,2.057780,2.006315,2.177041,2.042365,1.967880,2.155149,1.883344,2.091973,2.332963,1.889684,2.061135,2.593726
detect_races_time_sec,0.582512,0.578932,0.580352,0.585134,0.583613,0.576640,0.658894,0.648980,0.573030,0.573855,0.573260,1.227333,0.705013,0.644015,0.627386,0.615476,0.591476,0.585494,0.652080,0.812938,0.612341,0.582383,0.584484,0.656778
extract_traces_time_sec,0.034956,0.033257,0.031424,0.033733,0.029469,0.027309,0.030338,0.034914,0.026853,0.027688,0.024960,0.047886,0.032917,0.034651,0.034463,0.034317,0.032771,0.029701,0.028917,0.041187,0.028140,0.026393,0.026604,0.023174
find_reactive_cmds_time_sec,0.002978,0.002838,0.002731,0.004237,0.003022,0.002813,0.004006,0.004164,0.003305,0.004992,0.003501,0.006517,0.003435,0.003116,0.003271,0.003016,0.003120,0.002981,0.003328,0.006244,0.002842,0.002755,0.002869,0.003588
find_proactive_cmds_time_sec,0.089347,0.092936,0.089567,0.097876,0.106415,0.090056,0.112018,0.116081,0.090896,0.128091,0.095286,0.150079,0.090111,0.097840,0.101667,0.092206,0.095672,0.091250,0.120840,0.104361,0.092106,0.088996,0.088186,0.096815
find_covered_races_time,0.003766,0.004838,0.007571,0.009806,0.011733,0.014069,0.019054,0.021205,0.019522,0.023299,0.022564,0.066756,0.003193,0.004896,0.007017,0.008930,0.011969,0.014185,0.023933,0.017998,0.020375,0.021456,0.022694,0.039920
per_packet_inconsistent_time_sec,0.001196,0.004169,0.012197,0.024206,0.037359,0.050690,0.075778,0.087730,0.088673,0.106192,0.102745,0.244836,0.001464,0.004429,0.014526,0.024326,0.038321,0.048535,0.085490,0.074773,0.088685,0.091837,0.100568,0.191423
find_inconsistent_update_time_sec,-0.000042,-0.000099,-0.000146,-0.000200,-0.000229,-0.000281,-0.000371,-0.000613,-0.000648,-0.000467,-0.000407,-0.000534,-0.000043,-0.000105,-0.000155,-0.000182,-0.000236,-0.000291,-0.001228,-0.000368,-0.000853,-0.001313,-0.001611,-0.010952
