key/t,False-0,False-1,False-2,False-3,False-4,False-5,False-6,False-7,False-8,False-9,False-10,False-inf,True-0,True-1,True-2,True-3,True-4,True-5,True-6,True-7,True-8,True-9,True-10,True-inf
total_time_sec,2.307776,2.293001,2.358016,2.305006,2.304983,2.393523,2.339485,2.348015,2.323957,2.340236,2.280860,2.326485,2.170703,2.189992,2.261198,2.253088,2.289802,2.328952,2.346013,2.276467,2.296904,2.245984,2.242082,2.276036
load_time_sec,1.836006,1.829239,1.881101,1.835508,1.827475,1.884796,1.843868,1.864911,1.847232,1.853474,1.810069,1.789445,1.722891,1.731852,1.775411,1.779674,1.804623,1.832884,1.852005,1.809015,1.819949,1.781101,1.770414,1.718696
detect_races_time_sec,0.398602,0.382846,0.400267,0.386410,0.388011,0.408845,0.392381,0.401828,0.394308,0.398668,0.380299,0.392325,0.373335,0.382673,0.407320,0.387339,0.388363,0.397445,0.392826,0.388336,0.393498,0.378839,0.380482,0.372370
extract_traces_time_sec,0.019177,0.019727,0.019216,0.019101,0.017843,0.018899,0.017111,0.017262,0.016461,0.016573,0.015909,0.013832,0.017614,0.017772,0.021381,0.018135,0.019071,0.017095,0.017419,0.016748,0.016672,0.015779,0.015654,0.012708
find_reactive_cmds_time_sec,0.002006,0.002333,0.002130,0.002738,0.002004,0.002687,0.002032,0.002366,0.002035,0.002227,0.002031,0.002141,0.001924,0.001907,0.002083,0.002064,0.002100,0.001939,0.002025,0.001993,0.002079,0.001938,0.002053,0.001902
find_proactive_cmds_time_sec,0.050023,0.053756,0.048434,0.048445,0.050552,0.051843,0.050955,0.018489,0.018595,0.019522,0.018986,0.018231,0.053094,0.051390,0.048103,0.052915,0.054378,0.053320,0.048120,0.019353,0.020463,0.019279,0.019135,0.018032
find_covered_races_time,0.001268,0.002051,0.002365,0.002997,0.003320,0.003875,0.004490,0.005692,0.005877,0.006015,0.006538,0.013240,0.001164,0.001809,0.002368,0.003038,0.004488,0.003782,0.004720,0.005481,0.005590,0.006095,0.006762,0.012995
per_packet_inconsistent_time_sec,0.000616,0.002894,0.004259,0.009493,0.015261,0.021862,0.027542,0.035832,0.037925,0.042113,0.045209,0.092181,0.000597,0.002430,0.004310,0.009572,0.016205,0.021803,0.027787,0.034181,0.037098,0.040857,0.044608,0.095737
find_inconsistent_update_time_sec,-0.000028,-0.000107,-0.000192,-0.000260,-0.000465,-0.000661,-0.001050,-0.001580,-0.001470,-0.001589,-0.001766,-0.005032,-0.000026,-0.000098,-0.000173,-0.000296,-0.000516,-0.000631,-0.001057,-0.001309,-0.001501,-0.002042,-0.002918,-0.043535
