key/t,False-0,False-1,False-2,False-3,False-4,False-5,False-6,False-7,False-8,False-9,False-10,False-inf
total_time_sec,1.177490,1.186652,1.201695,1.226603,1.185135,1.227779,1.205271,1.217933,1.210649,1.214570,1.226130,1.281508
load_time_sec,0.852183,0.855273,0.865575,0.871405,0.840737,0.878887,0.849407,0.854179,0.850811,0.847826,0.849670,0.861258
detect_races_time_sec,0.282418,0.283821,0.284963,0.300989,0.283044,0.284532,0.281187,0.287059,0.278431,0.282506,0.284644,0.290527
extract_traces_time_sec,0.018419,0.018683,0.019083,0.017725,0.019395,0.016435,0.015893,0.016821,0.016029,0.016858,0.016197,0.014409
find_reactive_cmds_time_sec,0.001801,0.001812,0.002047,0.001789,0.001801,0.001760,0.001817,0.001928,0.001867,0.001909,0.001748,0.001853
find_proactive_cmds_time_sec,0.018825,0.018112,0.019514,0.017641,0.017710,0.017206,0.017210,0.017282,0.017881,0.017313,0.017890,0.017030
find_covered_races_time,0.003055,0.004019,0.004531,0.005720,0.006700,0.007930,0.010257,0.009897,0.010436,0.011165,0.012375,0.022737
per_packet_inconsistent_time_sec,0.000741,0.004843,0.005828,0.011016,0.015255,0.020443,0.028851,0.030052,0.034267,0.036028,0.042632,0.072146
find_inconsistent_update_time_sec,-0.000015,-0.000054,-0.000120,-0.000285,-0.000458,-0.000550,-0.000611,-0.000680,-0.000891,-0.000928,-0.000937,-0.001500
