key/t,False-0,False-1,False-2,False-3,False-4,False-5,False-6,False-7,False-8,False-9,False-10,False-inf,True-0,True-1,True-2,True-3,True-4,True-5,True-6,True-7,True-8,True-9,True-10,True-inf
total_time_sec,3.803835,3.752600,4.080162,4.354757,4.320783,4.744257,4.465200,4.276625,4.505525,4.694128,4.507182,5.814075,3.472323,3.796727,4.319130,5.957760,4.753330,6.808867,4.433808,4.324702,4.326769,4.530683,8.565587,6.739058
load_time_sec,2.291042,2.270915,2.425116,2.570914,2.428695,2.492214,2.220075,2.192432,2.348671,2.338254,2.309777,2.637322,2.085303,2.224542,2.621064,2.572685,2.896350,3.196984,2.206275,2.271929,2.121737,2.303573,4.232066,2.146595
detect_races_time_sec,0.717204,0.645212,0.642095,0.622749,0.629516,0.609600,0.641239,0.588151,0.642218,0.586961,0.590428,0.629492,0.604666,0.652423,0.639185,1.323785,0.628245,1.291038,0.635615,0.582181,0.665088,0.604825,1.340510,0.826919
extract_traces_time_sec,0.044769,0.034696,0.041960,0.032662,0.036754,0.032314,0.044761,0.033590,0.031925,0.030089,0.029552,0.027295,0.037255,0.069951,0.042845,0.080105,0.032737,0.043437,0.034225,0.031306,0.033641,0.031459,0.060302,0.057417
find_reactive_cmds_time_sec,0.003402,0.003409,0.005604,0.003068,0.003201,0.003438,0.006508,0.003179,0.003565,0.003172,0.003057,0.004635,0.003966,0.003987,0.004046,0.008068,0.003453,0.007685,0.004350,0.003288,0.003669,0.003438,0.006663,0.007886
find_proactive_cmds_time_sec,0.107179,0.096929,0.105488,0.100090,0.106131,0.123158,0.188650,0.106146,0.104774,0.105404,0.096252,0.108725,0.096511,0.103770,0.120499,0.184775,0.105686,0.170423,0.114881,0.102427,0.113440,0.104185,0.163474,0.170871
find_covered_races_time,0.004663,0.008827,0.009409,0.011922,0.014703,0.018615,0.037096,0.020036,0.022460,0.023865,0.026068,0.045980,0.004254,0.007607,0.009157,0.025411,0.012903,0.027259,0.026396,0.018897,0.023642,0.026431,0.051667,0.098695
per_packet_inconsistent_time_sec,0.001476,0.007674,0.015750,0.029904,0.039863,0.056509,0.108966,0.076816,0.084054,0.095538,0.103725,0.191011,0.001351,0.008173,0.020541,0.071322,0.039150,0.114175,0.069470,0.070645,0.090921,0.095585,0.211147,0.424729
find_inconsistent_update_time_sec,-0.000045,-0.000087,-0.000111,-0.000224,-0.000305,-0.000516,-0.000828,-0.001081,-0.001480,-0.001906,-0.002068,-0.002883,-0.000046,-0.000085,-0.000387,-0.000411,-0.000329,-0.000863,-0.000922,-0.001080,-0.001602,-0.002334,-0.007624,-0.023884
