key/t,False-0,False-1,False-2,False-3,False-4,False-5,False-6,False-7,False-8,False-9,False-10,False-inf,True-0,True-1,True-2,True-3,True-4,True-5,True-6,True-7,True-8,True-9,True-10,True-inf
total_time_sec,2.105297,2.075311,2.108749,2.116109,2.048590,2.221798,2.180823,2.057485,2.089756,2.145356,2.133174,2.208252,1.991753,2.050766,2.105716,2.139341,2.188755,2.219944,2.037209,2.131535,2.161261,2.128159,2.093821,2.339151
load_time_sec,1.558838,1.531318,1.552390,1.553025,1.484875,1.613229,1.538553,1.466504,1.482710,1.499103,1.498009,1.499826,1.450929,1.504945,1.541421,1.562531,1.597617,1.600651,1.457412,1.510898,1.540448,1.514402,1.460349,1.580901
detect_races_time_sec,0.491693,0.480582,0.490909,0.486249,0.477632,0.507416,0.517032,0.470711,0.465577,0.507257,0.484406,0.491323,0.483635,0.486390,0.496204,0.499811,0.496211,0.511032,0.474388,0.491145,0.491026,0.476032,0.485882,0.515436
extract_traces_time_sec,0.028351,0.032345,0.025650,0.025797,0.024534,0.024689,0.028151,0.023911,0.024399,0.022634,0.020826,0.021129,0.029022,0.028744,0.025370,0.024126,0.026524,0.026521,0.022513,0.025424,0.021600,0.021647,0.021031,0.021936
find_reactive_cmds_time_sec,0.003281,0.002867,0.002496,0.002535,0.002510,0.002587,0.003268,0.002387,0.002686,0.002550,0.002398,0.002899,0.003812,0.002510,0.003642,0.002768,0.002689,0.002708,0.002832,0.003148,0.002463,0.002578,0.002706,0.002719
find_proactive_cmds_time_sec,0.019467,0.018712,0.019669,0.019705,0.016863,0.019691,0.022085,0.019791,0.019621,0.018868,0.019834,0.022024,0.020776,0.018950,0.022426,0.019732,0.021362,0.020291,0.017717,0.020231,0.017918,0.020968,0.021109,0.018556
find_covered_races_time,0.002627,0.004535,0.005613,0.007191,0.010137,0.011282,0.012301,0.012878,0.018037,0.015227,0.015507,0.027641,0.002708,0.004635,0.005657,0.007008,0.008927,0.011327,0.011161,0.013491,0.014342,0.015186,0.015907,0.027729
per_packet_inconsistent_time_sec,0.000964,0.004712,0.011799,0.021407,0.031773,0.042617,0.059091,0.060934,0.076329,0.079228,0.091715,0.142891,0.000796,0.004427,0.010820,0.023127,0.035165,0.046911,0.050882,0.066792,0.072713,0.076095,0.085239,0.163929
find_inconsistent_update_time_sec,-0.000031,-0.000117,-0.000155,-0.000152,-0.000203,-0.000236,-0.000289,-0.000309,-0.000336,-0.000429,-0.000409,-0.000457,-0.000031,-0.000107,-0.000131,-0.000181,-0.000200,-0.000428,-0.000249,-0.000324,-0.000690,-0.001187,-0.001548,-0.007876
