key/t,False-0,False-1,False-2,False-3,False-4,False-5,False-6,False-7,False-8,False-9,False-10,False-inf,True-0,True-1,True-2,True-3,True-4,True-5,True-6,True-7,True-8,True-9,True-10,True-inf
total_time_sec,9.065115,9.381394,9.585201,8.503941,9.965586,9.548195,8.184138,10.120516,10.165345,8.631391,8.253892,9.157164,11.775023,9.783534,10.556982,9.857447,8.544143,9.894056,9.757888,8.962814,8.483412,10.278043,8.199481,6.982169
load_time_sec,3.939870,4.430206,4.758075,4.374077,5.480544,5.169265,4.122180,5.488062,6.144889,3.925316,5.146274,5.554698,6.137059,5.195349,5.242938,5.026046,4.854709,4.904142,5.144885,4.836465,4.904034,4.998113,5.342204,4.063541
detect_races_time_sec,1.417209,1.581807,1.385421,1.395148,1.562814,1.748339,1.712908,1.532273,1.312174,1.321631,1.330623,1.755629,1.276876,1.569838,1.322740,1.235846,1.152798,1.811691,1.538859,1.424352,1.339150,1.171451,1.184071,1.191323
extract_traces_time_sec,0.057855,0.060258,0.059229,0.055245,0.052159,0.113280,0.065057,0.152574,0.063648,0.049785,0.115924,0.090253,0.083170,0.054834,0.069796,0.055277,0.056372,0.058530,0.061575,0.062107,0.091519,0.055439,0.064126,0.067783
find_reactive_cmds_time_sec,0.011993,0.007880,0.006330,0.007886,0.007496,0.017501,0.007960,0.008946,0.008092,0.007627,0.023625,0.008603,0.053771,0.007965,0.008920,0.008347,0.008242,0.008252,0.009856,0.008331,0.016677,0.008445,0.008330,0.025284
find_proactive_cmds_time_sec,0.218974,0.152028,0.130082,0.166693,0.139543,0.255574,0.138850,0.181256,0.138545,0.123577,0.166661,0.167668,0.197479,0.137550,0.219394,0.136966,0.155364,0.135490,0.128479,0.303483,0.167305,0.268387,0.132677,0.223994
find_covered_races_time,0.068079,0.040375,0.032816,0.032535,0.044225,0.025736,0.021169,0.020856,0.019046,0.041262,0.015048,0.009532,0.066442,0.040301,0.057858,0.031506,0.030433,0.025377,0.021455,0.047968,0.018260,0.080237,0.014964,0.010393
per_packet_inconsistent_time_sec,0.312645,0.193625,0.132529,0.112504,0.174981,0.105905,0.054225,0.047333,0.032664,0.214049,0.016678,0.002764,0.295347,0.167974,0.146618,0.113896,0.098540,0.122897,0.062622,0.080979,0.030983,0.285405,0.015700,0.002823
find_inconsistent_update_time_sec,-0.019820,-0.005323,-0.003474,-0.001958,-0.001613,-0.000860,-0.000500,-0.000360,-0.000192,-0.006275,-0.000147,-0.000066,-0.005871,-0.003702,-0.002877,-0.002185,-0.001601,-0.000908,-0.000452,-0.000367,-0.000393,-0.020309,-0.000141,-0.000068
