key/t,False-0,False-1,False-2,False-3,False-4,False-5,False-6,False-7,False-8,False-9,False-10,False-inf,True-0,True-1,True-2,True-3,True-4,True-5,True-6,True-7,True-8,True-9,True-10,True-inf
total_time_sec,3.776663,3.299088,3.363683,3.143105,3.895109,3.223079,3.103816,3.713573,4.190519,3.667864,3.972082,3.843813,4.181739,4.218971,3.595576,2.960908,3.979364,3.199368,3.470120,3.143491,3.904558,3.687099,4.195349,4.125824
load_time_sec,2.689952,2.203342,2.505796,2.324972,2.683822,2.378227,2.251201,2.811537,3.051632,2.741777,2.420570,2.579807,2.939757,3.259744,2.771206,2.173307,2.535774,2.174219,2.552131,2.225517,2.639496,2.529771,3.004362,2.657721
detect_races_time_sec,0.915155,0.891601,0.689068,0.637587,1.023543,0.612961,0.627916,0.643179,0.817583,0.644910,1.101805,0.906216,0.992248,0.761795,0.668013,0.614678,1.212286,0.805134,0.686280,0.654548,1.005773,0.707895,0.940369,0.920193
extract_traces_time_sec,0.046668,0.062144,0.033128,0.036913,0.033782,0.036575,0.031383,0.027338,0.035133,0.051580,0.035731,0.025825,0.059667,0.038006,0.033236,0.032250,0.031457,0.034530,0.034971,0.027516,0.045962,0.058083,0.029316,0.069690
find_reactive_cmds_time_sec,0.005025,0.003777,0.003110,0.003287,0.003455,0.003956,0.003001,0.003874,0.003975,0.003340,0.005022,0.003543,0.006081,0.003365,0.003621,0.003330,0.003479,0.003114,0.003763,0.003492,0.003746,0.006738,0.003263,0.008000
find_proactive_cmds_time_sec,0.114006,0.125848,0.109741,0.101668,0.097139,0.112351,0.108305,0.099581,0.118264,0.094127,0.160811,0.110701,0.177319,0.136197,0.097814,0.100324,0.134395,0.106195,0.101217,0.097988,0.099812,0.144388,0.092541,0.125854
find_covered_races_time,0.004518,0.006817,0.007776,0.010184,0.012987,0.017966,0.016708,0.022093,0.038533,0.020360,0.043267,0.045542,0.004992,0.009909,0.007601,0.010088,0.013279,0.022733,0.018109,0.022838,0.019882,0.031996,0.022405,0.041854
per_packet_inconsistent_time_sec,0.001254,0.005391,0.014579,0.028264,0.038901,0.060671,0.064921,0.105373,0.124904,0.111231,0.204114,0.171593,0.001542,0.009698,0.013888,0.026711,0.048392,0.053118,0.073108,0.111138,0.089049,0.205787,0.101443,0.288390
find_inconsistent_update_time_sec,-0.000044,-0.000124,-0.000447,-0.000193,-0.001434,-0.000333,-0.000343,-0.000553,-0.000480,-0.000495,-0.000703,-0.000543,-0.000080,-0.000201,-0.000159,-0.000182,-0.000252,-0.000286,-0.000486,-0.000416,-0.000801,-0.002383,-0.001611,-0.014061
