key/t,False-0,False-1,False-2,False-3,False-4,False-5,False-6,False-7,False-8,False-9,False-10,False-inf
total_time_sec,0.801003,0.932586,0.923789,0.923734,0.924185,0.937134,0.941072,0.957258,0.940039,0.953442,0.957626,0.970256
load_time_sec,0.545883,0.673178,0.664397,0.660784,0.657904,0.665953,0.665623,0.672754,0.655656,0.665051,0.668417,0.651095
detect_races_time_sec,0.221986,0.221322,0.220681,0.220930,0.220770,0.220157,0.219726,0.222851,0.220544,0.221011,0.220297,0.217036
extract_traces_time_sec,0.015967,0.015904,0.015679,0.014641,0.014204,0.013971,0.013753,0.013848,0.013500,0.013554,0.013363,0.012368
find_reactive_cmds_time_sec,0.001353,0.001405,0.001386,0.001395,0.001370,0.001390,0.001388,0.001492,0.001384,0.001407,0.001405,0.001387
find_proactive_cmds_time_sec,0.013104,0.014263,0.013724,0.012788,0.012536,0.012740,0.012664,0.013703,0.012719,0.013052,0.012797,0.012359
find_covered_races_time,0.002045,0.003040,0.003469,0.004472,0.005291,0.006351,0.007230,0.008202,0.008810,0.009461,0.009843,0.019424
per_packet_inconsistent_time_sec,0.000642,0.003417,0.004357,0.008510,0.011795,0.016192,0.020261,0.023940,0.026879,0.029313,0.030896,0.055819
find_inconsistent_update_time_sec,0.000015,0.000046,0.000088,0.000205,0.000306,0.000368,0.000418,0.000459,0.000538,0.000583,0.000598,0.000758
