key/t,False-0,False-1,False-2,False-3,False-4,False-5,False-6,False-7,False-8,False-9,False-10,False-inf
total_time_sec,0.838377,0.944298,0.848757,0.936954,0.875443,0.952971,0.952978,0.865085,0.871890,0.949747,0.959361,0.924380
load_time_sec,0.559458,0.663327,0.565464,0.654245,0.565000,0.653713,0.653597,0.558437,0.565878,0.638770,0.649063,0.571453
detect_races_time_sec,0.225379,0.225158,0.225464,0.222455,0.239285,0.226506,0.223267,0.225123,0.222021,0.224559,0.221406,0.227206
extract_traces_time_sec,0.016439,0.016057,0.015942,0.015007,0.015641,0.014677,0.014285,0.014185,0.013891,0.013724,0.013731,0.013101
find_reactive_cmds_time_sec,0.010274,0.010295,0.010270,0.010220,0.011066,0.010553,0.010226,0.010400,0.010394,0.010267,0.010317,0.010586
find_proactive_cmds_time_sec,0.023896,0.022514,0.023285,0.021814,0.024473,0.023611,0.022050,0.023259,0.022778,0.022392,0.021984,0.022944
find_covered_races_time,0.002262,0.003463,0.003802,0.004859,0.006099,0.006810,0.007825,0.008639,0.009257,0.009794,0.010427,0.020770
per_packet_inconsistent_time_sec,0.000642,0.003426,0.004433,0.008158,0.013555,0.016712,0.021321,0.024590,0.027143,0.029667,0.031839,0.057540
find_inconsistent_update_time_sec,0.000016,0.000047,0.000083,0.000185,0.000309,0.000374,0.000395,0.000437,0.000514,0.000562,0.000581,0.000764
