key/t,False-0,False-1,False-2,False-3,False-4,False-5,False-6,False-7,False-8,False-9,False-10,False-inf
total_time_sec,2.403943,2.373091,2.429424,2.380616,2.380387,2.481084,2.355595,2.473527,2.436491,2.391517,2.541328,2.656902
load_time_sec,1.856361,1.849004,1.916525,1.826940,1.831950,1.891610,1.811861,1.897602,1.838447,1.820419,1.928481,1.983975
detect_races_time_sec,0.467362,0.444239,0.429130,0.463739,0.452145,0.476921,0.435224,0.462055,0.473730,0.446011,0.472253,0.457048
extract_traces_time_sec,0.053678,0.049932,0.050503,0.049784,0.049780,0.050837,0.044485,0.046970,0.046516,0.044347,0.047741,0.047668
find_reactive_cmds_time_sec,0.002809,0.001808,0.003183,0.001871,0.001830,0.002067,0.002240,0.001857,0.001922,0.001830,0.002009,0.002354
find_proactive_cmds_time_sec,0.021485,0.019581,0.020116,0.020572,0.018893,0.024845,0.020682,0.019031,0.020531,0.019003,0.024233,0.031850
find_covered_races_time,0.001382,0.002773,0.002710,0.003457,0.003879,0.005335,0.005206,0.005520,0.006350,0.007249,0.007056,0.016338
per_packet_inconsistent_time_sec,0.000801,0.005603,0.007016,0.013905,0.021322,0.028678,0.034703,0.039097,0.047193,0.050849,0.056839,0.113898
find_inconsistent_update_time_sec,-0.000031,-0.000118,-0.000205,-0.000308,-0.000549,-0.000746,-0.001155,-0.001358,-0.001759,-0.001767,-0.002662,-0.003731
