key/t,False-0,False-1,False-2,False-3,False-4,False-5,False-6,False-7,False-8,False-9,False-10,False-inf,True-0,True-1,True-2,True-3,True-4,True-5,True-6,True-7,True-8,True-9,True-10,True-inf
total_time_sec,0.274015,0.252526,0.266555,0.328697,0.293078,0.306185,0.319331,0.348187,0.327211,0.367300,0.344987,0.378243,0.241226,0.258991,0.258542,0.288384,0.297625,0.305678,0.361432,0.336423,0.336068,0.365096,0.336298,0.367978
load_time_sec,0.083073,0.070530,0.073184,0.083135,0.075980,0.073483,0.078704,0.078499,0.070876,0.072759,0.075619,0.083901,0.078459,0.072617,0.071777,0.075645,0.070577,0.071409,0.081677,0.072070,0.071808,0.070594,0.069439,0.082573
detect_races_time_sec,0.010440,0.008253,0.008765,0.009523,0.008110,0.008883,0.008753,0.008620,0.008568,0.008416,0.008112,0.009172,0.009324,0.008943,0.008992,0.009568,0.008428,0.008229,0.009244,0.008529,0.008387,0.008166,0.008027,0.010151
extract_traces_time_sec,0.005677,0.003894,0.003943,0.004164,0.004362,0.004336,0.003922,0.005350,0.003659,0.003643,0.005046,0.004867,0.005259,0.003660,0.003672,0.003904,0.004012,0.003688,0.004781,0.003676,0.003936,0.004304,0.003680,0.004224
find_reactive_cmds_time_sec,0.000056,0.000051,0.000056,0.000057,0.000075,0.000062,0.000054,0.000057,0.000059,0.000053,0.000066,0.000061,0.000051,0.000049,0.000048,0.000051,0.000049,0.000048,0.000059,0.000050,0.000048,0.000054,0.000054,0.000052
find_proactive_cmds_time_sec,0.092743,0.081943,0.080089,0.094216,0.077425,0.081540,0.079282,0.085231,0.080620,0.082425,0.080951,0.088236,0.080549,0.079898,0.080665,0.083990,0.079763,0.078998,0.088417,0.082566,0.082563,0.078143,0.078464,0.091625
find_covered_races_time,0.006595,0.006555,0.006176,0.007724,0.007349,0.009855,0.007927,0.008749,0.008745,0.009379,0.009378,0.010134,0.005934,0.006236,0.006761,0.008835,0.010830,0.012749,0.014349,0.013435,0.013930,0.014022,0.012708,0.013437
per_packet_inconsistent_time_sec,0.000185,0.000565,0.000660,0.001246,0.001134,0.001443,0.001663,0.002281,0.002506,0.002510,0.003382,0.002660,0.000170,0.000552,0.000652,0.000945,0.001053,0.001116,0.001529,0.002120,0.001624,0.002146,0.001901,0.002008
find_inconsistent_update_time_sec,-0.000007,-0.000008,-0.000007,-0.000013,-0.000010,-0.000017,-0.000013,-0.000014,-0.000015,-0.000016,-0.000016,-0.000018,-0.000006,-0.000008,-0.000008,-0.000022,-0.000022,-0.000024,-0.000027,-0.000026,-0.000027,-0.000027,-0.000029,-0.000549
