key/t,False-0,False-1,False-2,False-3,False-4,False-5,False-6,False-7,False-8,False-9,False-10,False-inf,True-0,True-1,True-2,True-3,True-4,True-5,True-6,True-7,True-8,True-9,True-10,True-inf
total_time_sec,0.231317,0.275577,0.275053,0.299924,0.305318,0.357593,0.346163,0.378045,0.358995,0.451551,0.385334,0.410330,0.253243,0.289308,0.346948,0.309659,0.355792,0.327874,0.341602,0.358017,0.360449,0.370477,0.362149,0.359221
load_time_sec,0.071224,0.075317,0.078554,0.074274,0.073758,0.076725,0.081071,0.088198,0.075831,0.112204,0.073858,0.081919,0.072738,0.076147,0.086439,0.077238,0.094652,0.074470,0.077315,0.076160,0.073303,0.077138,0.079051,0.081652
detect_races_time_sec,0.009224,0.009468,0.009282,0.010367,0.009296,0.009217,0.009080,0.009161,0.009030,0.018540,0.008984,0.009311,0.009487,0.010171,0.010261,0.009640,0.011851,0.008976,0.008227,0.008820,0.008432,0.010378,0.008816,0.009546
extract_traces_time_sec,0.005521,0.004342,0.003660,0.003928,0.004009,0.003640,0.004223,0.005873,0.004327,0.009075,0.005166,0.003722,0.004881,0.003783,0.004597,0.003771,0.006373,0.003834,0.004595,0.003736,0.004538,0.004401,0.004178,0.004016
find_reactive_cmds_time_sec,0.000050,0.000057,0.000052,0.000054,0.000053,0.000052,0.000051,0.000060,0.000056,0.000088,0.000057,0.000599,0.000909,0.000053,0.000057,0.000065,0.000057,0.000052,0.000056,0.000047,0.000049,0.000054,0.000049,0.000057
find_proactive_cmds_time_sec,0.082662,0.084605,0.083225,0.082723,0.081298,0.084118,0.089178,0.092628,0.081520,0.102468,0.086708,0.086427,0.082905,0.091251,0.121116,0.090380,0.100594,0.089564,0.085783,0.081979,0.085364,0.089114,0.081084,0.095304
find_covered_races_time,0.006465,0.007647,0.006655,0.008577,0.007564,0.008553,0.008137,0.008350,0.010216,0.009108,0.009632,0.009917,0.006566,0.007390,0.015070,0.008556,0.013217,0.012799,0.013591,0.014435,0.013974,0.014746,0.014851,0.013530
per_packet_inconsistent_time_sec,0.000187,0.000669,0.001522,0.000931,0.001072,0.001246,0.002522,0.003196,0.001915,0.002292,0.001970,0.002016,0.000182,0.000562,0.001343,0.000934,0.001219,0.001707,0.002137,0.002217,0.001927,0.001570,0.001528,0.001941
find_inconsistent_update_time_sec,-0.000006,-0.000008,-0.000008,-0.000010,-0.000011,-0.000012,-0.000014,-0.000014,-0.000015,-0.000016,-0.000016,-0.000016,-0.000007,-0.000009,-0.000016,-0.000022,-0.000027,-0.000024,-0.000025,-0.000025,-0.000031,-0.000029,-0.000027,0.000000
