key/t,False-0,False-1,False-2,False-3,False-4,False-5,False-6,False-7,False-8,False-9,False-10,False-inf,True-0,True-1,True-2,True-3,True-4,True-5,True-6,True-7,True-8,True-9,True-10,True-inf
total_time_sec,0.328252,0.379604,0.453303,0.456344,0.359096,0.382939,0.430404,0.376254,0.370726,0.368937,0.375549,0.349838,0.323180,0.346004,0.351450,0.352902,0.371250,0.367278,0.380542,0.435071,0.412157,0.403061,0.405680,0.380170
load_time_sec,0.162426,0.190123,0.196780,0.233304,0.167963,0.178525,0.203171,0.179032,0.163877,0.165749,0.169530,0.162952,0.161215,0.167472,0.164147,0.160962,0.165078,0.160463,0.167523,0.188896,0.174773,0.163779,0.164208,0.169552
detect_races_time_sec,0.031342,0.030259,0.034510,0.040103,0.028107,0.029066,0.032723,0.026788,0.026945,0.028027,0.026887,0.022497,0.029469,0.029317,0.029530,0.027381,0.029211,0.027320,0.027176,0.030406,0.026512,0.026749,0.026367,0.024356
extract_traces_time_sec,0.021910,0.019602,0.019007,0.019487,0.017698,0.017119,0.017508,0.014774,0.014236,0.015832,0.014207,0.009161,0.021664,0.018425,0.017541,0.017213,0.016704,0.015417,0.014492,0.016914,0.015224,0.013990,0.013647,0.009601
find_reactive_cmds_time_sec,0.000219,0.000241,0.000260,0.000281,0.000255,0.000242,0.000278,0.000213,0.000221,0.000199,0.000495,0.000212,0.000214,0.000246,0.000251,0.000213,0.000251,0.000205,0.000216,0.000252,0.000197,0.000206,0.000204,0.000241
find_proactive_cmds_time_sec,0.077213,0.085067,0.084192,0.092002,0.077476,0.084677,0.094103,0.078865,0.082209,0.078185,0.078603,0.075295,0.075916,0.079093,0.083718,0.074786,0.076621,0.073773,0.072969,0.086137,0.077835,0.077463,0.076122,0.076949
find_covered_races_time,0.034717,0.052678,0.112125,0.068346,0.064475,0.069818,0.078503,0.071819,0.076090,0.074846,0.079119,0.070299,0.034272,0.049474,0.053657,0.069044,0.079716,0.085839,0.093602,0.106864,0.111647,0.114859,0.118602,0.086226
per_packet_inconsistent_time_sec,0.000380,0.001589,0.006358,0.002773,0.003071,0.003444,0.004065,0.004707,0.007095,0.005795,0.006652,0.009357,0.000387,0.001931,0.002561,0.003238,0.003603,0.004193,0.004494,0.005528,0.005896,0.005940,0.006453,0.013163
find_inconsistent_update_time_sec,-0.000008,-0.000010,-0.000022,-0.000013,-0.000015,-0.000015,-0.000017,-0.000018,-0.000019,-0.000020,-0.000022,-0.000030,-0.000007,-0.000011,-0.000012,-0.000032,-0.000032,-0.000034,-0.000036,-0.000037,-0.000039,-0.000039,-0.000040,-0.000050
