key/t,False-0,False-1,False-2,False-3,False-4,False-5,False-6,False-7,False-8,False-9,False-10,False-inf
total_time_sec,0.043544,0.046149,0.047806,0.044257,0.043401,0.043441,0.042802,0.047351,0.046961,0.043637,0.047285,0.043757
load_time_sec,0.024828,0.024902,0.025268,0.025409,0.024868,0.024744,0.024560,0.027886,0.028468,0.024820,0.025706,0.024782
detect_races_time_sec,0.003815,0.003530,0.004248,0.003598,0.003485,0.003476,0.003504,0.004115,0.003482,0.003535,0.005403,0.003283
extract_traces_time_sec,0.002420,0.001734,0.001840,0.001672,0.001688,0.001707,0.001573,0.001744,0.001540,0.001588,0.002126,0.001588
find_reactive_cmds_time_sec,0.000087,0.000096,0.000097,0.000087,0.000094,0.000086,0.000084,0.000085,0.000105,0.000084,0.000112,0.000086
find_proactive_cmds_time_sec,0.011563,0.014032,0.014600,0.011898,0.011751,0.011721,0.011421,0.011746,0.011608,0.011773,0.012143,0.011578
find_covered_races_time,0.000698,0.001317,0.001265,0.001125,0.001068,0.001195,0.001154,0.001190,0.001191,0.001270,0.001224,0.001530
per_packet_inconsistent_time_sec,0.000097,0.000491,0.000446,0.000429,0.000407,0.000471,0.000468,0.000546,0.000527,0.000506,0.000530,0.000865
find_inconsistent_update_time_sec,-0.000006,-0.000011,-0.000010,-0.000009,-0.000009,-0.000010,-0.000009,-0.000010,-0.000010,-0.000009,-0.000010,-0.000013
