key/t,False-0,False-1,False-2,False-3,False-4,False-5,False-6,False-7,False-8,False-9,False-10,False-inf,True-0,True-1,True-2,True-3,True-4,True-5,True-6,True-7,True-8,True-9,True-10,True-inf
total_time_sec,0.552133,0.448823,0.468768,0.463528,0.472045,0.479995,0.466666,0.590635,0.516133,0.642732,0.526619,0.635450,0.444076,0.439707,0.434086,0.506174,0.467692,0.489957,0.496266,0.490923,0.538877,0.538662,0.534111,0.815268
load_time_sec,0.191000,0.159997,0.166377,0.158869,0.153134,0.147997,0.159359,0.228319,0.156031,0.213565,0.160564,0.154914,0.166691,0.158583,0.153922,0.167546,0.151730,0.165920,0.164518,0.159782,0.164923,0.157881,0.154321,0.192801
detect_races_time_sec,0.023606,0.019018,0.020602,0.022797,0.019597,0.018139,0.018499,0.019210,0.020600,0.020984,0.018832,0.017311,0.021560,0.019624,0.017637,0.037092,0.018112,0.021475,0.019482,0.018246,0.019610,0.019181,0.018052,0.022719
extract_traces_time_sec,0.015021,0.007988,0.009065,0.009004,0.007414,0.014484,0.008544,0.008119,0.008095,0.008690,0.008502,0.007564,0.013577,0.007850,0.008971,0.015807,0.008102,0.008384,0.009963,0.008022,0.010340,0.007498,0.008223,0.009758
find_reactive_cmds_time_sec,0.000132,0.000068,0.000067,0.000068,0.000061,0.000069,0.000070,0.000067,0.000063,0.000069,0.000070,0.000066,0.000060,0.000000,0.000058,0.000098,0.000071,0.000061,0.000063,0.000059,0.000000,0.000065,0.000073,0.000071
find_proactive_cmds_time_sec,0.098310,0.084549,0.089408,0.086228,0.078913,0.101020,0.080887,0.087723,0.079075,0.079704,0.082312,0.076585,0.079785,0.081703,0.073194,0.095002,0.079235,0.082325,0.075493,0.075455,0.081496,0.085852,0.089381,0.091047
find_covered_races_time,0.050395,0.037161,0.031275,0.030876,0.031626,0.029334,0.029465,0.031598,0.040973,0.034370,0.036237,0.041294,0.028230,0.030298,0.032679,0.037364,0.037041,0.041462,0.046479,0.047998,0.047937,0.053907,0.055731,0.090631
per_packet_inconsistent_time_sec,0.000756,0.001570,0.000882,0.001131,0.001406,0.001506,0.002767,0.002256,0.005368,0.003556,0.002965,0.008291,0.000537,0.000414,0.000928,0.001126,0.001434,0.001439,0.001273,0.001815,0.002565,0.002587,0.002341,0.013553
find_inconsistent_update_time_sec,-0.000010,0.000000,-0.000010,-0.000010,-0.000011,-0.000012,0.000000,-0.000013,-0.000021,0.000000,-0.000799,-0.000026,-0.000008,-0.000010,-0.000009,-0.000022,-0.000023,-0.000024,-0.000023,-0.000025,0.000000,-0.000026,-0.000027,-0.000081
