key/t,False-0,False-1,False-2,False-3,False-4,False-5,False-6,False-7,False-8,False-9,False-10,False-inf
total_time_sec,0.181200,0.192140,0.196262,0.207277,0.198767,0.202365,0.213069,0.204287,0.207949,0.210194,0.216762,0.214575
load_time_sec,0.103554,0.105304,0.103970,0.103067,0.102489,0.103077,0.107851,0.102589,0.104575,0.104468,0.105987,0.105501
detect_races_time_sec,0.022492,0.021128,0.021231,0.023933,0.020819,0.020746,0.020858,0.020046,0.020055,0.019721,0.019556,0.017782
extract_traces_time_sec,0.015277,0.011733,0.011259,0.016017,0.010934,0.010505,0.010700,0.009662,0.009439,0.009382,0.009066,0.007079
find_reactive_cmds_time_sec,0.000143,0.000140,0.000140,0.000187,0.000141,0.000162,0.000149,0.000137,0.000136,0.000139,0.000147,0.000151
find_proactive_cmds_time_sec,0.010487,0.010986,0.011103,0.014000,0.011466,0.010558,0.010820,0.010964,0.010710,0.010972,0.010681,0.010630
find_covered_races_time,0.028897,0.041417,0.046484,0.047674,0.049848,0.053546,0.058115,0.056532,0.057903,0.060533,0.065066,0.062946
per_packet_inconsistent_time_sec,0.000313,0.001387,0.002031,0.002349,0.003020,0.003720,0.004520,0.004304,0.005073,0.004920,0.006194,0.010405
find_inconsistent_update_time_sec,-0.000006,-0.000014,-0.000013,-0.000016,-0.000017,-0.000019,-0.000023,-0.000023,-0.000026,-0.000027,-0.000033,-0.000048
