key/t,False-0,False-1,False-2,False-3,False-4,False-5,False-6,False-7,False-8,False-9,False-10,False-inf,True-0,True-1,True-2,True-3,True-4,True-5,True-6,True-7,True-8,True-9,True-10,True-inf
total_time_sec,0.211204,0.214116,0.217513,0.223026,0.219438,0.230400,0.228158,0.238431,0.236899,0.238616,0.237337,0.234440,0.204541,0.210471,0.213887,0.229520,0.236092,0.247393,0.255134,0.260683,0.267320,0.285632,0.278423,0.241674
load_time_sec,0.119463,0.116993,0.118802,0.118032,0.117656,0.117089,0.115058,0.121877,0.123432,0.121218,0.119121,0.119469,0.116428,0.113773,0.113404,0.112440,0.114890,0.117560,0.118303,0.121265,0.117046,0.134719,0.119828,0.117327
detect_races_time_sec,0.026540,0.025658,0.024378,0.024692,0.022950,0.025094,0.023444,0.023577,0.025215,0.022636,0.021309,0.020967,0.025505,0.023745,0.023751,0.025572,0.025796,0.023225,0.023424,0.023217,0.023500,0.022371,0.022778,0.020638
extract_traces_time_sec,0.018673,0.014531,0.012674,0.013150,0.011911,0.012760,0.011717,0.011287,0.010773,0.010332,0.009633,0.008779,0.017408,0.012722,0.012684,0.013213,0.012865,0.012247,0.010970,0.010641,0.011403,0.011355,0.009943,0.007433
find_reactive_cmds_time_sec,0.000196,0.000209,0.000180,0.000245,0.000180,0.000196,0.000180,0.000194,0.000167,0.000175,0.000169,0.000212,0.000179,0.000182,0.000184,0.000183,0.000193,0.000172,0.000174,0.000175,0.000184,0.000177,0.000177,0.000162
find_proactive_cmds_time_sec,0.012291,0.012638,0.012360,0.013283,0.012674,0.012489,0.012356,0.013095,0.012108,0.011542,0.011922,0.012915,0.011495,0.012853,0.013026,0.011870,0.013082,0.012023,0.011831,0.012932,0.012576,0.012242,0.012351,0.011550
find_covered_races_time,0.033640,0.042531,0.046890,0.050963,0.051191,0.059034,0.061291,0.064078,0.060426,0.067592,0.069146,0.062384,0.033179,0.045665,0.048695,0.063536,0.066169,0.078074,0.086067,0.087756,0.096951,0.098558,0.106618,0.074377
per_packet_inconsistent_time_sec,0.000342,0.001495,0.002164,0.002596,0.002811,0.003664,0.004040,0.004256,0.004708,0.005050,0.005960,0.009632,0.000290,0.001472,0.002086,0.002625,0.003014,0.004002,0.004278,0.004608,0.005564,0.006117,0.006631,0.010086
find_inconsistent_update_time_sec,-0.000005,-0.000008,-0.000010,-0.000011,-0.000012,-0.000014,-0.000016,-0.000014,-0.000017,-0.000018,-0.000020,-0.000031,-0.000005,-0.000008,-0.000008,-0.000031,-0.000031,-0.000036,-0.000036,-0.000036,-0.000040,-0.000041,-0.000043,-0.000050
