key/t,False-0,False-1,False-2,False-3,False-4,False-5,False-6,False-7,False-8,False-9,False-10,False-inf,True-0,True-1,True-2,True-3,True-4,True-5,True-6,True-7,True-8,True-9,True-10,True-inf
total_time_sec,0.512923,0.530914,0.541116,0.536859,0.665796,0.585865,0.600522,0.562073,0.673695,0.590383,0.696001,0.560030,0.505350,0.535018,0.543365,0.568349,0.627495,0.615489,0.646897,0.677685,0.633622,0.626116,0.716227,0.615525
load_time_sec,0.242642,0.244607,0.242314,0.240610,0.256024,0.253978,0.250764,0.246432,0.302521,0.254478,0.286146,0.237437,0.251845,0.245585,0.245269,0.241256,0.259964,0.249756,0.257128,0.273416,0.245725,0.238244,0.254744,0.243325
detect_races_time_sec,0.053476,0.051659,0.050815,0.050413,0.051679,0.053173,0.049712,0.048203,0.050083,0.048412,0.058008,0.046481,0.052937,0.051720,0.051109,0.051452,0.052237,0.051022,0.051312,0.050238,0.049101,0.044464,0.049479,0.043534
extract_traces_time_sec,0.037324,0.030339,0.028421,0.028190,0.028683,0.027856,0.026999,0.024259,0.026462,0.025884,0.050463,0.015566,0.036518,0.029352,0.029302,0.028446,0.028902,0.028529,0.026788,0.027374,0.025373,0.024674,0.025371,0.016612
find_reactive_cmds_time_sec,0.000429,0.000425,0.000389,0.000416,0.000535,0.000554,0.000426,0.000385,0.000403,0.000420,0.000398,0.000373,0.000393,0.000419,0.000411,0.000415,0.000428,0.000438,0.000417,0.000381,0.000406,0.000384,0.000419,0.000387
find_proactive_cmds_time_sec,0.100127,0.097440,0.099009,0.095750,0.100110,0.101274,0.112397,0.096780,0.100603,0.098832,0.103221,0.097128,0.092453,0.096398,0.097265,0.098026,0.114166,0.099396,0.101273,0.107963,0.092589,0.092046,0.122255,0.106858
find_covered_races_time,0.078219,0.103416,0.115961,0.116591,0.222549,0.142223,0.152309,0.137599,0.184115,0.152135,0.184660,0.145354,0.070455,0.108142,0.115782,0.142918,0.165332,0.178659,0.200655,0.208062,0.210323,0.214640,0.250606,0.183680
per_packet_inconsistent_time_sec,0.000653,0.002972,0.004147,0.004830,0.006154,0.006746,0.007843,0.008345,0.009435,0.010142,0.013027,0.017594,0.000694,0.003343,0.004164,0.005741,0.006376,0.007597,0.009230,0.010150,0.010010,0.011559,0.013246,0.021001
find_inconsistent_update_time_sec,-0.000009,-0.000014,-0.000017,-0.000018,-0.000020,-0.000023,-0.000026,-0.000026,-0.000030,-0.000035,-0.000034,-0.000051,-0.000010,-0.000016,-0.000018,-0.000050,-0.000049,-0.000052,-0.000054,-0.000058,-0.000055,-0.000062,-0.000064,-0.000083
