key/t,False-0,False-1,False-2,False-3,False-4,False-5,False-6,False-7,False-8,False-9,False-10,False-inf
total_time_sec,0.048279,0.046928,0.043827,0.052117,0.051090,0.048507,0.050246,0.048139,0.045094,0.043745,0.044878,0.047068
load_time_sec,0.029190,0.027686,0.024493,0.029578,0.031150,0.028964,0.028467,0.027067,0.026305,0.024892,0.025694,0.027615
detect_races_time_sec,0.003920,0.003784,0.003518,0.004224,0.003663,0.003589,0.004872,0.004615,0.003536,0.003459,0.003687,0.003347
extract_traces_time_sec,0.002241,0.001762,0.001683,0.002480,0.001810,0.001727,0.002472,0.002301,0.001559,0.001719,0.001608,0.001584
find_reactive_cmds_time_sec,0.000092,0.000091,0.000086,0.000135,0.000090,0.000093,0.000137,0.000130,0.000089,0.000120,0.000099,0.000087
find_proactive_cmds_time_sec,0.012034,0.012241,0.012113,0.013844,0.012735,0.012429,0.012487,0.012350,0.011873,0.011804,0.011814,0.012024
find_covered_races_time,0.000681,0.000963,0.001300,0.001384,0.001149,0.001153,0.001252,0.001131,0.001175,0.001185,0.001258,0.001513
per_packet_inconsistent_time_sec,0.000084,0.000360,0.000593,0.000432,0.000452,0.000507,0.000515,0.000505,0.000515,0.000525,0.000667,0.000854
find_inconsistent_update_time_sec,-0.000006,-0.000008,-0.000010,-0.000009,-0.000009,-0.000011,-0.000010,-0.000009,-0.000010,-0.000009,-0.000012,-0.000013
