key/t,False-0,False-1,False-2,False-3,False-4,False-5,False-6,False-7,False-8,False-9,False-10,False-inf
total_time_sec,0.032558,0.036592,0.033520,0.032240,0.045343,0.037487,0.037091,0.036374,0.031914,0.032548,0.040027,0.036981
load_time_sec,0.022396,0.025279,0.023404,0.021994,0.025136,0.025595,0.025433,0.025415,0.021867,0.022306,0.027869,0.025114
detect_races_time_sec,0.003563,0.003850,0.003267,0.003332,0.006958,0.003930,0.003786,0.003799,0.003245,0.003275,0.004149,0.003596
extract_traces_time_sec,0.002341,0.002128,0.001834,0.001814,0.003875,0.002100,0.002014,0.001995,0.001701,0.001714,0.002027,0.001944
find_reactive_cmds_time_sec,0.000122,0.000138,0.000119,0.000125,0.000257,0.000147,0.000142,0.000141,0.000116,0.000125,0.000145,0.000140
find_proactive_cmds_time_sec,0.003407,0.003770,0.003440,0.003489,0.006130,0.003946,0.003884,0.003540,0.003370,0.003485,0.003918,0.003843
find_covered_races_time,0.000629,0.001025,0.001043,0.001068,0.002129,0.001249,0.001273,0.001033,0.001122,0.001130,0.001322,0.001567
per_packet_inconsistent_time_sec,0.000085,0.000381,0.000394,0.000398,0.000820,0.000497,0.000536,0.000432,0.000473,0.000491,0.000573,0.000749
find_inconsistent_update_time_sec,0.000006,0.000010,0.000010,0.000009,0.000020,0.000010,0.000012,0.000010,0.000010,0.000010,0.000012,0.000016
