key/t,False-0,False-1,False-2,False-3,False-4,False-5,False-6,False-7,False-8,False-9,False-10,False-inf,True-0,True-1,True-2,True-3,True-4,True-5,True-6,True-7,True-8,True-9,True-10,True-inf
total_time_sec,0.969669,1.065162,1.015153,0.838618,0.824035,1.086634,1.300187,1.144575,1.169605,2.027699,1.036187,1.387941,0.864758,0.828633,0.759624,0.868410,0.935064,1.495700,1.695736,1.550361,0.880012,1.284523,0.990164,1.755726
load_time_sec,0.280933,0.258787,0.360298,0.280074,0.270036,0.277662,0.329509,0.293950,0.368215,0.498835,0.354857,0.347692,0.281505,0.260163,0.249676,0.296862,0.363675,0.500546,0.558892,0.323004,0.264540,0.316915,0.250036,0.385218
detect_races_time_sec,0.042464,0.038792,0.078189,0.036246,0.046903,0.037043,0.038806,0.037149,0.081942,0.098182,0.032069,0.046351,0.041322,0.037544,0.038262,0.027502,0.053388,0.047422,0.070264,0.053663,0.038839,0.037129,0.034095,0.043615
extract_traces_time_sec,0.026014,0.015905,0.016108,0.014923,0.017463,0.015943,0.018935,0.019387,0.031567,0.032568,0.016108,0.018520,0.024795,0.016195,0.016855,0.013633,0.031198,0.016400,0.031997,0.018346,0.016730,0.016313,0.015042,0.018816
find_reactive_cmds_time_sec,0.000107,0.000109,0.000108,0.000101,0.000103,0.000114,0.000108,0.000117,0.000102,0.000109,0.000109,0.000112,0.000100,0.000107,0.000104,0.000062,0.000202,0.000102,0.000100,0.000100,0.000102,0.000104,0.000099,0.000102
find_proactive_cmds_time_sec,0.200542,0.110876,0.112128,0.117589,0.110319,0.118636,0.122237,0.173948,0.111492,0.181862,0.124799,0.151919,0.109272,0.112903,0.111881,0.103296,0.109032,0.123600,0.270671,0.268581,0.108037,0.226148,0.104098,0.151512
find_covered_races_time,0.135764,0.173389,0.066515,0.070035,0.072879,0.072829,0.145171,0.121268,0.125386,0.214518,0.068956,0.090819,0.109522,0.072978,0.069148,0.082571,0.083858,0.096162,0.239557,0.165898,0.093994,0.218987,0.116332,0.330250
per_packet_inconsistent_time_sec,0.001103,0.001705,0.002418,0.002265,0.002952,0.003056,0.007623,0.005784,0.021008,0.006254,0.004009,0.016818,0.000823,0.001843,0.001889,0.002363,0.002913,0.002944,0.003637,0.004020,0.004257,0.004529,0.004795,0.026001
find_inconsistent_update_time_sec,-0.000009,-0.000012,-0.000014,-0.000013,-0.000016,-0.000018,-0.000017,-0.000020,-0.000022,-0.000026,-0.000026,-0.000046,-0.000008,-0.000012,-0.000013,-0.000036,-0.000039,-0.000037,-0.000040,-0.000039,-0.000042,-0.000042,-0.000043,-0.000067
