key/t,False-0,False-1,False-2,False-3,False-4,False-5,False-6,False-7,False-8,False-9,False-10,False-inf,True-0,True-1,True-2,True-3,True-4,True-5,True-6,True-7,True-8,True-9,True-10,True-inf
total_time_sec,0.363876,0.586456,0.374265,0.415320,0.397407,0.550252,0.683585,0.646973,0.407839,0.448522,0.650450,0.646281,0.443497,0.413846,0.469626,0.417105,0.503366,0.399732,0.399579,0.409394,0.567472,0.420617,0.443447,0.546165
load_time_sec,0.188884,0.302447,0.183062,0.193013,0.192361,0.220904,0.301638,0.296587,0.193066,0.166368,0.290707,0.305981,0.164183,0.207592,0.202762,0.186189,0.211854,0.171462,0.172660,0.181372,0.198131,0.173422,0.189663,0.274933
detect_races_time_sec,0.034669,0.056570,0.029898,0.034210,0.030910,0.055596,0.058855,0.055143,0.032618,0.026413,0.054294,0.045335,0.049072,0.057839,0.033967,0.034417,0.053677,0.028994,0.028225,0.027407,0.030207,0.027952,0.028193,0.033153
extract_traces_time_sec,0.024202,0.027597,0.017839,0.020344,0.019551,0.029553,0.033188,0.027843,0.018736,0.023088,0.028432,0.017748,0.039605,0.019097,0.020384,0.020429,0.029400,0.015726,0.015998,0.014916,0.016900,0.015345,0.014950,0.012705
find_reactive_cmds_time_sec,0.000261,0.000872,0.000254,0.000274,0.000255,0.000446,0.000443,0.000397,0.000248,0.000475,0.000889,0.000618,0.000390,0.000252,0.000278,0.000265,0.000412,0.000225,0.000227,0.000306,0.000949,0.000222,0.000212,0.000260
find_proactive_cmds_time_sec,0.080294,0.115578,0.083574,0.098203,0.087280,0.107775,0.137703,0.123314,0.083399,0.104009,0.125730,0.127028,0.121036,0.079327,0.113400,0.090216,0.104447,0.085062,0.079661,0.078944,0.123261,0.081750,0.084185,0.097082
find_covered_races_time,0.035085,0.081345,0.057375,0.066574,0.063663,0.130612,0.142947,0.133771,0.074789,0.121277,0.139276,0.129731,0.068523,0.048107,0.095899,0.082007,0.098489,0.093930,0.098210,0.101371,0.183216,0.115205,0.119307,0.110979
per_packet_inconsistent_time_sec,0.000395,0.001973,0.002215,0.002654,0.003327,0.005313,0.008727,0.009828,0.004928,0.006831,0.011032,0.019726,0.000619,0.001584,0.002878,0.003502,0.005010,0.004261,0.004527,0.005007,0.014687,0.006646,0.006859,0.016954
find_inconsistent_update_time_sec,-0.000008,-0.000019,-0.000012,-0.000013,-0.000020,-0.000017,-0.000031,-0.000034,-0.000019,-0.000024,-0.000037,-0.000060,-0.000013,-0.000011,-0.000014,-0.000038,-0.000039,-0.000035,-0.000037,-0.000037,-0.000067,-0.000040,-0.000040,-0.000060
