key/t,False-0,False-1,False-2,False-3,False-4,False-5,False-6,False-7,False-8,False-9,False-10,False-inf
total_time_sec,0.029409,0.029516,0.029091,0.029272,0.029110,0.029241,0.029253,0.029208,0.029300,0.028957,0.029208,0.029465
load_time_sec,0.018983,0.019413,0.019164,0.019269,0.019117,0.019244,0.019324,0.019245,0.019339,0.019134,0.019297,0.019261
detect_races_time_sec,0.004067,0.003833,0.003791,0.003788,0.003776,0.003785,0.003736,0.003722,0.003719,0.003687,0.003690,0.003567
extract_traces_time_sec,0.002750,0.002207,0.002098,0.002133,0.002128,0.002122,0.002017,0.002048,0.001997,0.001954,0.001986,0.002019
find_reactive_cmds_time_sec,0.000114,0.000117,0.000112,0.000113,0.000111,0.000118,0.000113,0.000112,0.000112,0.000109,0.000111,0.000113
find_proactive_cmds_time_sec,0.003380,0.003380,0.003306,0.003342,0.003354,0.003340,0.003376,0.003382,0.003406,0.003359,0.003398,0.003410
find_covered_races_time,0.000001,0.000001,0.000000,0.000000,0.000001,0.000001,0.000000,0.000001,0.000001,0.000001,0.000001,0.000001
per_packet_inconsistent_time_sec,0.000098,0.000539,0.000596,0.000602,0.000598,0.000606,0.000662,0.000672,0.000700,0.000688,0.000699,0.001064
find_inconsistent_update_time_sec,0.000006,0.000012,0.000011,0.000012,0.000013,0.000011,0.000013,0.000013,0.000013,0.000012,0.000013,0.000019
