key/t,False-0,False-1,False-2,False-3,False-4,False-5,False-6,False-7,False-8,False-9,False-10,False-inf,True-0,True-1,True-2,True-3,True-4,True-5,True-6,True-7,True-8,True-9,True-10,True-inf
total_time_sec,0.443841,0.451253,0.441516,0.472571,0.455238,0.632834,0.635096,0.512945,0.629726,0.946691,0.994642,1.337430,0.810845,0.821024,0.508512,0.476213,0.469875,0.492975,0.507311,0.517578,0.671455,0.525427,0.639779,0.746559
load_time_sec,0.167126,0.162406,0.158946,0.164852,0.153038,0.281053,0.213634,0.159006,0.222378,0.277768,0.299225,0.295156,0.304065,0.299435,0.164521,0.164850,0.160668,0.158523,0.164130,0.168594,0.214636,0.155115,0.215430,0.234538
detect_races_time_sec,0.020770,0.019337,0.019930,0.020952,0.019534,0.038248,0.024040,0.019866,0.024225,0.038815,0.038905,0.037101,0.042868,0.041281,0.019406,0.019530,0.019560,0.019459,0.019281,0.019323,0.025157,0.018961,0.033076,0.020755
extract_traces_time_sec,0.017985,0.008768,0.007404,0.009813,0.008841,0.012247,0.010003,0.008988,0.010747,0.016059,0.017202,0.017315,0.027253,0.017886,0.008537,0.007954,0.008549,0.008741,0.008447,0.008451,0.012279,0.008208,0.008509,0.009756
find_reactive_cmds_time_sec,0.000063,0.000069,0.000064,0.000071,0.000066,0.000073,0.000080,0.000069,0.000089,0.000114,0.000111,0.000159,0.000110,0.000103,0.000061,0.000066,0.000060,0.000062,0.000085,0.000067,0.000090,0.000067,0.000066,0.000070
find_proactive_cmds_time_sec,0.081651,0.085192,0.081718,0.087395,0.077478,0.081220,0.095178,0.084977,0.100479,0.124803,0.132423,0.141858,0.128809,0.132325,0.094801,0.078649,0.079745,0.080792,0.085798,0.079648,0.100727,0.079780,0.097930,0.095892
find_covered_races_time,0.026901,0.032723,0.029348,0.033061,0.031183,0.031025,0.037348,0.035513,0.039146,0.068152,0.068677,0.087136,0.054361,0.061739,0.030768,0.037370,0.037000,0.041820,0.051810,0.047603,0.062398,0.052346,0.057145,0.066464
per_packet_inconsistent_time_sec,0.000530,0.001330,0.001468,0.001472,0.001365,0.001765,0.002074,0.002133,0.002444,0.005616,0.005601,0.016138,0.000817,0.001583,0.002355,0.001105,0.001412,0.001461,0.003384,0.002085,0.002007,0.002365,0.002623,0.005501
find_inconsistent_update_time_sec,-0.000008,-0.000010,-0.000010,-0.000011,-0.000010,-0.000017,-0.000013,-0.000013,-0.000014,0.000000,-0.000027,-0.000046,-0.000012,-0.000015,-0.000009,-0.000023,-0.000023,-0.000024,-0.000024,-0.000026,-0.000026,-0.000028,-0.000028,-0.000047
