key/t,False-0,False-1,False-2,False-3,False-4,False-5,False-6,False-7,False-8,False-9,False-10,False-inf,True-0,True-1,True-2,True-3,True-4,True-5,True-6,True-7,True-8,True-9,True-10,True-inf
total_time_sec,2.944851,3.173815,3.629645,3.424520,3.394247,3.559686,3.485735,3.635198,3.755841,3.670526,3.670715,3.772038,3.351872,3.127495,3.089215,3.309334,3.963472,4.095946,3.708677,3.513701,4.326582,4.909088,6.277825,3.857548
load_time_sec,1.579056,1.679782,1.849694,1.553369,1.559091,1.562754,1.524503,1.626029,1.566698,1.507186,1.618649,1.598798,1.526922,1.586483,1.495601,1.516666,1.857930,1.586348,1.671910,1.564308,1.892645,2.794739,2.637953,1.659637
detect_races_time_sec,0.861243,0.880546,0.898080,0.912277,0.844899,0.913160,0.849054,0.828156,0.809852,0.853444,0.846385,0.809123,1.275237,0.894334,0.841289,0.920584,0.990062,0.888383,0.956303,0.832773,1.054103,0.868638,1.432996,0.862958
extract_traces_time_sec,0.044750,0.035804,0.032635,0.028439,0.024495,0.022922,0.021894,0.021151,0.017313,0.018341,0.017724,0.014814,0.045620,0.040394,0.031916,0.026167,0.027309,0.021988,0.020486,0.017786,0.020385,0.020887,0.019026,0.015182
find_reactive_cmds_time_sec,0.001039,0.001088,0.001796,0.001091,0.001061,0.001095,0.001039,0.001045,0.001031,0.001594,0.000971,0.000978,0.001087,0.001094,0.001030,0.001005,0.001251,0.001094,0.001030,0.001264,0.001312,0.001067,0.001050,0.000976
find_proactive_cmds_time_sec,0.096551,0.092008,0.107058,0.109172,0.093361,0.094762,0.095328,0.103971,0.096565,0.098456,0.098444,0.090597,0.101653,0.098091,0.097241,0.089079,0.111619,0.096709,0.095048,0.090454,0.105227,0.094796,0.097761,0.088793
find_covered_races_time,0.011720,0.024120,0.038045,0.046494,0.056993,0.062307,0.069258,0.073979,0.077826,0.120474,0.080425,0.099381,0.011739,0.026854,0.035190,0.047539,0.066009,0.060923,0.072122,0.072347,0.088033,0.087926,0.086558,0.102723
per_packet_inconsistent_time_sec,0.000875,0.008045,0.014972,0.021413,0.027294,0.033388,0.039544,0.043744,0.047666,0.075051,0.055698,0.090891,0.000884,0.006598,0.012904,0.022276,0.032709,0.033218,0.041911,0.044783,0.056890,0.055845,0.056624,0.090466
find_inconsistent_update_time_sec,-0.000025,-0.000143,-0.000245,-0.000385,-0.000487,-0.000612,-0.000722,-0.000950,-0.001148,-0.002604,-0.002062,-0.003776,-0.000026,-0.000141,-0.000303,-0.000481,-0.000553,-0.000613,-0.000934,-0.001502,-0.002229,-0.002670,-0.003222,-0.009653
