key/t,False-0,False-1,False-2,False-3,False-4,False-5,False-6,False-7,False-8,False-9,False-10,False-inf,True-0,True-1,True-2,True-3,True-4,True-5,True-6,True-7,True-8,True-9,True-10,True-inf
total_time_sec,2.219044,1.835293,2.000080,1.931598,1.916677,1.890034,1.896226,2.036937,2.267215,1.901134,2.177998,1.968393,2.121218,1.846369,1.884153,1.942994,2.030428,1.921336,1.941055,2.043534,1.869131,2.055125,1.966558,2.920998
load_time_sec,1.547681,1.176921,1.298821,1.244035,1.242487,1.196959,1.220556,1.344772,1.245735,1.216799,1.366741,1.223985,1.403476,1.191301,1.176170,1.242532,1.349865,1.203654,1.252176,1.301535,1.179198,1.207716,1.230325,1.618624
detect_races_time_sec,0.560654,0.543295,0.575182,0.552424,0.544541,0.554883,0.536030,0.543469,0.823683,0.536257,0.640331,0.559863,0.586621,0.540319,0.574465,0.568036,0.551481,0.570980,0.549519,0.587181,0.541510,0.651813,0.571860,0.670852
extract_traces_time_sec,0.017581,0.016978,0.016187,0.015992,0.015369,0.013254,0.012898,0.013434,0.015942,0.011787,0.012691,0.011157,0.023163,0.016304,0.017934,0.016990,0.014277,0.014907,0.013249,0.012866,0.012316,0.014043,0.013517,0.025576
find_reactive_cmds_time_sec,0.001131,0.002009,0.001713,0.001171,0.001104,0.001179,0.001089,0.001107,0.001510,0.001057,0.001123,0.001114,0.001278,0.001058,0.001211,0.001162,0.001062,0.001158,0.001073,0.001130,0.001378,0.001326,0.001152,0.001173
find_proactive_cmds_time_sec,0.087542,0.083459,0.090880,0.092519,0.083592,0.088033,0.084320,0.087107,0.119476,0.082460,0.097358,0.089801,0.101596,0.085382,0.097321,0.089189,0.084090,0.094727,0.082754,0.089714,0.082645,0.116707,0.087966,0.487816
find_covered_races_time,0.003764,0.007531,0.009408,0.012205,0.013070,0.015802,0.017062,0.018498,0.023536,0.019670,0.024225,0.030806,0.004327,0.007302,0.009675,0.012123,0.012997,0.014193,0.017038,0.020201,0.020409,0.023843,0.024302,0.039957
per_packet_inconsistent_time_sec,0.000629,0.004990,0.007806,0.012778,0.016320,0.019711,0.024032,0.028273,0.036932,0.032774,0.035184,0.051228,0.000696,0.004595,0.007239,0.012793,0.016484,0.021506,0.024852,0.029965,0.030604,0.038403,0.035945,0.071323
find_inconsistent_update_time_sec,-0.000028,-0.000076,-0.000083,-0.000429,-0.000158,-0.000177,-0.000204,-0.000239,-0.000360,-0.000292,-0.000311,-0.000402,-0.000029,-0.000076,-0.000099,-0.000130,-0.000142,-0.000177,-0.000361,-0.000906,-0.001035,-0.001236,-0.001452,-0.005626
