key/t,False-0,False-1,False-2,False-3,False-4,False-5,False-6,False-7,False-8,False-9,False-10,False-inf,True-0,True-1,True-2,True-3,True-4,True-5,True-6,True-7,True-8,True-9,True-10,True-inf
total_time_sec,3.184576,3.577102,3.618064,3.885928,4.440082,3.891519,4.803372,4.245047,3.804815,4.284542,4.815541,4.267082,3.208149,3.218569,4.986293,3.637305,4.443009,4.374598,3.756748,3.506312,5.886074,3.934910,4.280709,4.396041
load_time_sec,1.632338,1.904868,1.889091,1.643510,1.684707,1.799978,2.366429,1.772600,1.666009,1.706758,2.354736,1.719124,1.582024,1.617649,2.365993,1.572166,2.501467,1.851529,1.632712,1.547194,2.836639,1.592079,1.606811,1.655208
detect_races_time_sec,0.992157,0.927686,0.953159,1.171998,0.908266,0.856195,1.282248,0.909565,0.903438,0.980586,0.971579,0.922155,1.068210,0.913775,1.734795,1.020913,0.867446,1.024932,0.879625,0.834664,1.823563,1.014919,0.865445,0.970956
extract_traces_time_sec,0.053449,0.041003,0.035049,0.029034,0.025648,0.023099,0.020960,0.021175,0.020606,0.024482,0.020226,0.024037,0.047339,0.045450,0.039191,0.026897,0.049064,0.024740,0.020193,0.018271,0.020953,0.019191,0.017729,0.017948
find_reactive_cmds_time_sec,0.001264,0.001108,0.001255,0.001038,0.001058,0.001124,0.001129,0.001171,0.002251,0.001248,0.001087,0.001671,0.001234,0.001363,0.001176,0.001024,0.001160,0.001120,0.001051,0.001050,0.001311,0.001078,0.001022,0.001032
find_proactive_cmds_time_sec,0.099934,0.110894,0.102712,0.132686,0.103954,0.103379,0.096270,0.146360,0.123324,0.117097,0.103349,0.129106,0.114077,0.112604,0.116198,0.091593,0.131856,0.119460,0.095227,0.092318,0.111150,0.095027,0.095069,0.098895
find_covered_races_time,0.013168,0.032151,0.038297,0.066498,0.059524,0.066261,0.069995,0.136696,0.081304,0.096493,0.087408,0.102881,0.013602,0.025936,0.039257,0.044841,0.061068,0.084066,0.070453,0.073517,0.094345,0.083922,0.087635,0.112661
per_packet_inconsistent_time_sec,0.000859,0.007494,0.013228,0.034758,0.030314,0.038835,0.041993,0.078480,0.053238,0.068687,0.058155,0.092552,0.000986,0.006586,0.016108,0.022749,0.030061,0.040074,0.042120,0.049213,0.056311,0.054442,0.058104,0.140104
find_inconsistent_update_time_sec,-0.000024,-0.000150,-0.000257,-0.000377,-0.001294,-0.000608,-0.000787,-0.001290,-0.001193,-0.001970,-0.002428,-0.003802,-0.000030,-0.000149,-0.000297,-0.000396,-0.000577,-0.000688,-0.000934,-0.001444,-0.002616,-0.002651,-0.003119,-0.013598
