key/t,False-0,False-1,False-2,False-3,False-4,False-5,False-6,False-7,False-8,False-9,False-10,False-inf,True-0,True-1,True-2,True-3,True-4,True-5,True-6,True-7,True-8,True-9,True-10,True-inf
total_time_sec,1.904685,2.233898,2.534039,2.929798,2.429371,2.171186,2.592012,2.547752,2.667011,2.726633,2.179287,3.262225,2.129401,2.299647,2.672633,2.253201,2.435764,3.614943,2.331271,2.667704,2.234947,2.178449,2.808103,3.610561
load_time_sec,1.217448,1.334127,1.791647,1.620538,1.618030,1.372117,1.789425,1.728186,1.627612,1.858238,1.241366,1.825876,1.386288,1.469291,1.478346,1.543913,1.720835,2.153292,1.335229,1.587418,1.330960,1.299812,1.656066,2.165947
detect_races_time_sec,0.569523,0.781822,0.620917,1.082059,0.639971,0.629565,0.619513,0.641907,0.759432,0.698190,0.781529,1.081228,0.616452,0.703623,0.980681,0.560994,0.581676,1.189992,0.835074,0.819119,0.698099,0.718058,0.983710,0.931264
extract_traces_time_sec,0.019045,0.016626,0.016031,0.031260,0.016154,0.017460,0.017622,0.014385,0.025122,0.013275,0.011850,0.025776,0.022764,0.017277,0.031966,0.023523,0.015225,0.029257,0.015131,0.017723,0.022871,0.012493,0.012489,0.015267
find_reactive_cmds_time_sec,0.001185,0.001170,0.001144,0.002304,0.002170,0.001343,0.001397,0.001621,0.002236,0.001252,0.001092,0.003185,0.001313,0.001228,0.002264,0.001469,0.001208,0.002808,0.001303,0.001497,0.002087,0.001137,0.001611,0.001424
find_proactive_cmds_time_sec,0.092740,0.087606,0.088026,0.142636,0.092609,0.106070,0.111034,0.105684,0.144562,0.098022,0.086195,0.182531,0.097181,0.095334,0.145140,0.097253,0.087267,0.152718,0.096868,0.136743,0.125877,0.089057,0.090669,0.393603
find_covered_races_time,0.004061,0.007682,0.008743,0.024480,0.015123,0.019322,0.020928,0.022478,0.038904,0.022317,0.022111,0.075533,0.004604,0.007596,0.017906,0.013813,0.013340,0.039387,0.019273,0.046179,0.020830,0.023164,0.024882,0.035624
per_packet_inconsistent_time_sec,0.000624,0.004754,0.007403,0.026223,0.044918,0.025028,0.031792,0.033141,0.068583,0.034947,0.034769,0.067581,0.000737,0.005179,0.016097,0.012086,0.016024,0.047105,0.027934,0.057846,0.033125,0.033513,0.037229,0.062268
find_inconsistent_update_time_sec,-0.000025,-0.000077,-0.000093,-0.000238,-0.000333,-0.000249,-0.000259,-0.000306,-0.000506,-0.000350,-0.000338,-0.000473,-0.000031,-0.000083,-0.000180,-0.000115,-0.000151,-0.000325,-0.000419,-0.001116,-0.001059,-0.001178,-0.001410,-0.005113
