key/t,False-0,False-1,False-2,False-3,False-4,False-5,False-6,False-7,False-8,False-9,False-10,False-inf,True-0,True-1,True-2,True-3,True-4,True-5,True-6,True-7,True-8,True-9,True-10,True-inf
total_time_sec,5.975631,6.303037,8.571403,8.186524,8.125369,8.038764,8.582977,8.646396,9.044558,8.845781,10.711142,8.260557,6.914328,7.450911,7.409349,7.685218,7.535131,9.839950,7.810750,7.973536,7.349858,7.939824,7.011388,8.294520
load_time_sec,2.785050,2.899646,4.221273,3.653702,3.611712,3.476279,3.591711,3.654076,2.898012,3.885568,4.037943,3.409543,3.111371,3.837567,3.186949,3.789975,3.282813,4.332793,3.589779,3.525337,3.303240,3.462730,2.674008,3.060570
detect_races_time_sec,2.040472,2.155776,2.879190,2.314607,2.341381,2.237391,2.405010,2.198715,3.260312,2.201238,3.067896,1.962004,2.152324,2.022953,2.336255,1.992628,2.152643,2.322716,1.858678,1.995996,1.537686,1.885271,1.690600,2.491191
extract_traces_time_sec,0.071629,0.114649,0.096472,0.049158,0.082304,0.112557,0.037864,0.037197,0.032167,0.031013,0.039536,0.029773,0.126086,0.066246,0.049003,0.050235,0.075080,0.039699,0.036987,0.033185,0.030944,0.030323,0.046319,0.029227
find_reactive_cmds_time_sec,0.002729,0.002701,0.002653,0.001928,0.006530,0.018716,0.002656,0.002603,0.002715,0.002502,0.002806,0.002686,0.002648,0.003843,0.002530,0.002369,0.014637,0.002554,0.002200,0.002581,0.002319,0.002668,0.002683,0.002299
find_proactive_cmds_time_sec,0.157796,0.140255,0.136717,0.111493,0.240295,0.147843,0.147310,0.137264,0.127998,0.126803,0.152781,0.125813,0.124342,0.128717,0.167975,0.121426,0.205928,0.126661,0.174038,0.146753,0.113719,0.137238,0.134988,0.113998
find_covered_races_time,0.058802,0.064293,0.070658,0.076114,0.154918,0.177807,0.181961,0.166753,0.277570,0.142929,0.263022,0.175062,0.040742,0.093719,0.098402,0.094758,0.136432,0.126443,0.258932,0.142190,0.134023,0.200370,0.181555,0.180589
per_packet_inconsistent_time_sec,0.001588,0.012501,0.022710,0.033244,0.059584,0.088796,0.120951,0.074595,0.181866,0.083997,0.217561,0.145599,0.001550,0.032909,0.065484,0.036804,0.044419,0.059264,0.062260,0.070594,0.071458,0.084726,0.090716,0.184922
find_inconsistent_update_time_sec,-0.000038,-0.000238,-0.000445,-0.000681,-0.000886,-0.001136,-0.002906,-0.001754,-0.002069,-0.003116,-0.003795,-0.006586,-0.000041,-0.000223,-0.001412,-0.000688,-0.000906,-0.001099,-0.001648,-0.002439,-0.003425,-0.004763,-0.006221,-0.019866
