key/t,False-0,False-1,False-2,False-3,False-4,False-5,False-6,False-7,False-8,False-9,False-10,False-inf,True-0,True-1,True-2,True-3,True-4,True-5,True-6,True-7,True-8,True-9,True-10,True-inf
total_time_sec,3.414661,3.411001,3.444625,3.354596,3.472339,3.606512,3.498471,3.730707,3.661190,3.623058,3.592059,3.539220,3.291813,3.227179,3.492440,3.536369,3.461775,3.287295,3.242280,3.218700,3.322407,3.313962,3.283097,3.420787
load_time_sec,2.131263,2.116332,2.079674,2.109923,2.094496,2.298325,2.134280,2.331265,2.273019,2.248775,2.117667,2.134772,2.060146,1.951517,2.139097,2.180023,2.021258,2.035903,1.968305,1.974203,2.085902,1.994332,2.028725,1.989290
detect_races_time_sec,1.121218,1.113906,1.178880,1.056074,1.171682,1.094609,1.136272,1.169329,1.149962,1.113065,1.215437,1.118796,1.074690,1.097059,1.185606,1.163190,1.113244,1.038904,1.060393,1.023509,1.016062,1.084695,1.027241,1.073445
extract_traces_time_sec,0.033469,0.031957,0.030426,0.026659,0.026338,0.025549,0.030123,0.024430,0.023711,0.023677,0.023522,0.020590,0.032675,0.030812,0.026693,0.027548,0.026181,0.024278,0.023705,0.019658,0.021069,0.021591,0.020446,0.019760
find_reactive_cmds_time_sec,0.002922,0.003005,0.002911,0.002627,0.002957,0.003007,0.002851,0.002873,0.003067,0.003023,0.002991,0.002767,0.002779,0.003140,0.002665,0.002826,0.002778,0.002694,0.002682,0.002233,0.002585,0.002435,0.002567,0.002740
find_proactive_cmds_time_sec,0.115792,0.121101,0.121064,0.113967,0.120594,0.119674,0.119836,0.120106,0.117910,0.124205,0.126869,0.116684,0.112092,0.123240,0.109812,0.120035,0.188090,0.115199,0.114540,0.110437,0.110426,0.118093,0.107302,0.184884
find_covered_races_time,0.008751,0.015094,0.017726,0.021925,0.026016,0.028119,0.031430,0.033510,0.039567,0.038205,0.041990,0.055266,0.008225,0.013103,0.016041,0.022295,0.055977,0.026732,0.029600,0.035672,0.033815,0.037445,0.040558,0.055420
per_packet_inconsistent_time_sec,0.001164,0.009433,0.013733,0.023163,0.029958,0.036866,0.043244,0.048711,0.053459,0.071542,0.062946,0.089555,0.001125,0.008151,0.012330,0.020206,0.053953,0.038531,0.042384,0.051485,0.050693,0.053282,0.053903,0.087357
find_inconsistent_update_time_sec,-0.000036,-0.000128,-0.000166,-0.000215,-0.000255,-0.000319,-0.000391,-0.000436,-0.000441,-0.000521,-0.000590,-0.000742,-0.000036,-0.000114,-0.000150,-0.000200,-0.000251,-0.005007,-0.000628,-0.001460,-0.001808,-0.002038,-0.002302,-0.007840
