key/t,False-0,False-1,False-2,False-3,False-4,False-5,False-6,False-7,False-8,False-9,False-10,False-inf,True-0,True-1,True-2,True-3,True-4,True-5,True-6,True-7,True-8,True-9,True-10,True-inf
total_time_sec,1.431995,1.420262,1.394059,1.393575,1.455991,1.435426,1.410298,1.464186,1.423225,1.402806,1.402225,1.466707,1.448292,1.469867,1.538621,1.474300,1.437954,1.406874,1.430123,1.405391,1.471291,1.398146,1.397652,1.455669
load_time_sec,0.941052,0.920622,0.899912,0.897938,0.939746,0.909180,0.897337,0.932405,0.901915,0.893233,0.879227,0.905184,0.930500,0.953576,1.021289,0.950733,0.913721,0.883531,0.903720,0.877662,0.932777,0.880219,0.868879,0.886571
detect_races_time_sec,0.453195,0.459414,0.451219,0.445808,0.454064,0.468873,0.451755,0.466720,0.451572,0.439532,0.450172,0.461245,0.476718,0.474145,0.473464,0.466838,0.468839,0.466270,0.461083,0.453556,0.462349,0.444546,0.451379,0.464954
extract_traces_time_sec,0.016532,0.015004,0.014119,0.013563,0.012292,0.011909,0.012385,0.011293,0.010318,0.010475,0.010064,0.010477,0.018439,0.015541,0.015157,0.018579,0.013796,0.011533,0.012315,0.013475,0.011596,0.010320,0.012012,0.009717
find_reactive_cmds_time_sec,0.001116,0.001166,0.001061,0.001210,0.000915,0.000991,0.001010,0.001019,0.000940,0.000952,0.000900,0.001378,0.001371,0.001087,0.001127,0.001534,0.001331,0.000972,0.001167,0.001029,0.001084,0.000897,0.000962,0.001342
find_proactive_cmds_time_sec,0.016237,0.014004,0.014404,0.015748,0.015974,0.015753,0.014901,0.014978,0.015372,0.015264,0.013979,0.015834,0.015814,0.015274,0.014212,0.016657,0.015570,0.015756,0.015473,0.014394,0.014742,0.014286,0.014813,0.015081
find_covered_races_time,0.003335,0.005905,0.006778,0.009167,0.017281,0.011274,0.012430,0.013937,0.013540,0.014829,0.015855,0.023849,0.004803,0.005821,0.007136,0.009755,0.010519,0.011224,0.013721,0.013990,0.018425,0.018176,0.017179,0.023319
per_packet_inconsistent_time_sec,0.000468,0.004033,0.006426,0.009986,0.015542,0.017215,0.020235,0.023542,0.029201,0.027964,0.031674,0.048274,0.000567,0.004244,0.006069,0.010049,0.013992,0.017363,0.022217,0.030308,0.029186,0.028472,0.030893,0.049661
find_inconsistent_update_time_sec,-0.000018,-0.000060,-0.000082,-0.000105,-0.000128,-0.000178,-0.000191,-0.000240,-0.000313,-0.000497,-0.000293,-0.000414,-0.000025,-0.000071,-0.000093,-0.000106,-0.000124,-0.000167,-0.000368,-0.000925,-0.001072,-0.001171,-0.001477,-0.004964
