key/t,False-0,False-1,False-2,False-3,False-4,False-5,False-6,False-7,False-8,False-9,False-10,False-inf,True-0,True-1,True-2,True-3,True-4,True-5,True-6,True-7,True-8,True-9,True-10,True-inf
total_time_sec,24.824699,29.676290,21.521279,25.133704,30.171360,31.426715,35.452320,37.872013,38.395148,41.541438,40.908934,62.437574,19.341021,19.383821,22.128465,21.672119,27.946572,36.569312,37.712200,42.035024,46.881227,55.826754,52.018926,52.003383
load_time_sec,12.807978,7.797524,8.943093,7.891394,8.301808,7.122488,7.073997,7.204084,7.416268,7.079590,7.097324,9.294229,7.185620,7.222401,7.202480,7.118967,7.306947,9.419090,7.137774,6.996579,9.188910,7.513018,6.956832,7.369068
detect_races_time_sec,1.741217,1.296041,1.283606,1.290528,1.858494,1.201962,1.185242,1.242271,1.207551,1.170329,1.162843,1.108952,1.295355,1.301541,1.270046,1.305441,1.234534,1.566287,1.202273,1.194746,1.153199,1.179411,1.176836,1.100183
extract_traces_time_sec,0.715805,0.645670,0.596990,0.610045,0.615039,0.489436,0.467010,0.501014,0.548541,0.461521,0.460881,0.480060,0.648520,0.689710,0.581488,0.597476,0.540776,0.610959,0.482234,0.484087,0.471349,0.464036,0.588967,0.454908
find_reactive_cmds_time_sec,0.000038,0.000047,0.000037,0.000036,0.000037,0.000039,0.000000,0.000000,0.000036,0.000033,0.000035,0.000039,0.000034,0.000047,0.000032,0.000084,0.000034,0.000036,0.000035,0.000048,0.000035,0.000037,0.000047,0.000039
find_proactive_cmds_time_sec,0.093255,0.165610,0.098084,0.120258,0.132709,0.102483,0.100044,0.105278,0.122672,0.100247,0.095939,0.101387,0.100026,0.121484,0.097759,0.100674,0.106127,0.113449,0.097647,0.102164,0.114570,0.097307,0.103964,0.112399
find_covered_races_time,7.053342,13.833794,7.845774,7.473029,8.188189,8.930510,10.103967,10.368888,8.891302,10.364349,9.818590,16.239087,6.632722,7.296461,10.068211,9.578982,15.726917,21.493874,25.171338,29.360650,32.014203,39.206610,38.432628,30.770781
per_packet_inconsistent_time_sec,0.004445,0.030524,0.020062,0.074918,0.170845,0.247460,0.369213,0.560600,0.570673,0.725418,0.744252,2.626427,0.010053,0.016993,0.023773,0.073649,0.166054,0.286333,0.341965,0.453442,0.547782,0.641748,0.808664,4.840515
find_inconsistent_update_time_sec,-0.000015,0.000000,-0.000016,-0.000031,-0.000050,-0.000069,0.000000,-0.000121,-0.000127,-0.000160,-0.000190,-0.000595,-0.000034,-0.000083,-0.000087,-0.000162,0.000000,0.000000,-0.000168,-0.000169,-0.000187,-0.000252,-0.000229,-0.001370
