key/t,False-0,False-1,False-2,False-3,False-4,False-5,False-6,False-7,False-8,False-9,False-10,False-inf,True-0,True-1,True-2,True-3,True-4,True-5,True-6,True-7,True-8,True-9,True-10,True-inf
total_time_sec,16.528145,22.378902,21.109517,17.340478,18.423084,20.529722,18.115278,18.234879,24.250910,19.837176,19.593954,32.212106,15.654340,24.889473,19.391874,25.571034,29.627135,35.447201,40.610160,46.310656,44.788537,58.143325,57.091889,41.694881
load_time_sec,7.296489,10.898334,9.780559,7.500494,7.090240,9.124827,7.205244,6.899842,8.650173,7.754654,6.821810,7.377225,7.090623,9.453167,8.603999,11.464680,8.036891,8.940990,8.864244,9.694209,8.042985,8.990561,7.891098,9.735356
detect_races_time_sec,1.668240,1.860404,1.220691,1.189722,1.296642,1.160778,1.190512,1.165538,1.579329,1.195832,1.166681,1.094001,1.281817,2.466181,1.293933,1.963455,1.275604,1.230071,1.391074,1.177648,1.153143,1.185921,1.271405,1.206690
extract_traces_time_sec,0.922755,0.780824,0.557608,0.541273,0.651587,0.501990,0.488410,0.478110,0.496745,0.434912,0.465972,0.471049,0.648266,1.049120,0.583913,0.651259,0.552402,0.505969,0.740106,0.474214,0.456382,0.591833,0.489455,0.514924
find_reactive_cmds_time_sec,0.000039,0.000036,0.000038,0.000035,0.000035,0.000038,0.000036,0.000038,0.000047,0.000036,0.000036,0.000035,0.000039,0.000049,0.000035,0.000054,0.000039,0.000040,0.000055,0.000037,0.000038,0.000040,0.000036,0.000038
find_proactive_cmds_time_sec,0.094001,0.098178,0.101145,0.093917,0.098781,0.108679,0.098286,0.111369,0.123948,0.091613,0.091224,0.099119,0.088869,0.179612,0.104670,0.103895,0.106992,0.113298,0.167824,0.104455,0.113473,0.105407,0.092047,0.108898
find_covered_races_time,6.541942,8.731572,9.417801,7.953228,9.148252,9.393253,8.802964,9.116095,12.865093,9.669439,10.255330,20.248233,6.540456,11.725631,8.784289,11.318761,19.470511,24.402378,29.084687,34.156894,34.502502,46.650377,46.477211,27.749841
per_packet_inconsistent_time_sec,0.004632,0.009504,0.031601,0.061746,0.137461,0.240040,0.329705,0.463706,0.535407,0.690494,0.792698,2.921798,0.004219,0.015594,0.020918,0.068553,0.184535,0.254259,0.361725,0.702843,0.519766,0.618859,0.870372,2.378483
find_inconsistent_update_time_sec,-0.000010,-0.000013,-0.000023,-0.000027,-0.000049,-0.000075,-0.000087,-0.000131,-0.000131,-0.000152,-0.000165,-0.000601,-0.000010,-0.000079,-0.000079,-0.000334,-0.000119,-0.000147,-0.000371,-0.000333,-0.000198,-0.000281,-0.000227,-0.000612
