key/t,False-0,False-1,False-2,False-3,False-4,False-5,False-6,False-7,False-8,False-9,False-10,False-inf,True-0,True-1,True-2,True-3,True-4,True-5,True-6,True-7,True-8,True-9,True-10,True-inf
total_time_sec,18.307096,19.287867,19.803770,27.166075,27.116853,32.965204,25.579375,23.104114,25.025165,23.331459,24.753222,51.123871,18.425256,18.671088,22.356565,22.251414,29.024129,39.171226,40.450275,42.042134,46.704625,58.994242,65.006312,52.204721
load_time_sec,7.416191,7.095667,7.985418,13.791914,8.305233,12.854131,8.358892,7.255389,8.161943,7.104494,7.446121,9.722723,6.867171,7.297685,9.231179,7.687977,7.340165,7.627308,7.181253,7.551346,7.045765,7.687440,12.776123,7.271522
detect_races_time_sec,1.218448,1.347740,1.283018,2.345536,1.446740,2.747449,1.250399,1.244236,1.148047,1.215745,2.059102,1.244323,1.250901,1.268331,2.169023,1.219101,1.200948,2.523003,1.330416,1.244643,1.149994,1.919766,2.328989,1.118735
extract_traces_time_sec,0.633862,0.628787,0.578181,0.544320,0.599371,0.828005,0.519380,0.473612,0.466263,0.457119,0.473733,0.455200,0.646612,0.588366,0.617512,0.559129,0.506116,0.850320,0.514750,0.462000,0.458144,0.527597,0.685307,0.471136
find_reactive_cmds_time_sec,0.000035,0.000035,0.000035,0.000036,0.000035,0.000049,0.000039,0.000037,0.000036,0.000040,0.000034,0.000035,0.000035,0.000037,0.000034,0.000034,0.000000,0.000061,0.000039,0.000034,0.000003,0.000034,0.000048,0.000038
find_proactive_cmds_time_sec,0.088843,0.098302,0.107885,0.097464,0.126331,0.181957,0.114186,0.101428,0.121886,0.098044,0.108166,0.103091,0.087068,0.099284,0.107978,0.093039,0.107024,0.216954,0.097782,0.117882,0.113700,0.094106,0.147438,0.104540
find_covered_races_time,6.511851,6.933123,7.288030,7.654300,10.529587,12.673807,11.100301,9.573938,10.392546,9.641585,10.142161,26.527233,6.745265,7.011780,7.652230,9.343095,16.476501,24.735353,26.499400,28.963326,33.206397,44.591087,44.250095,30.036925
per_packet_inconsistent_time_sec,0.004752,0.009673,0.016721,0.062502,0.318418,0.267487,0.381265,0.510104,0.613129,0.949260,0.699906,5.036434,0.005019,0.015970,0.020077,0.088729,0.246396,0.248877,0.395884,0.430251,0.534476,0.617170,0.805414,2.848458
find_inconsistent_update_time_sec,-0.000011,-0.000011,-0.000013,-0.000028,-0.000100,-0.000069,-0.000096,-0.000114,-0.000149,-0.000329,-0.000134,-0.001205,-0.000009,-0.000079,-0.000081,-0.000106,-0.000190,-0.000147,-0.000188,-0.000667,-0.000200,-0.000207,-0.000261,-0.001886
