key/t,False-0,False-1,False-2,False-3,False-4,False-5,False-6,False-7,False-8,False-9,False-10,False-inf,True-0,True-1,True-2,True-3,True-4,True-5,True-6,True-7,True-8,True-9,True-10,True-inf
total_time_sec,39.342474,46.439033,44.543623,40.709119,45.371899,31.776507,27.215967,21.176706,18.351176,50.437519,17.744874,16.951834,34.099072,21.852499,21.942148,21.986072,26.590234,20.540199,19.480334,18.601231,17.847891,21.978925,17.311212,17.606499
load_time_sec,7.328938,6.878909,6.800437,7.016257,9.789261,6.782762,6.978768,7.121793,7.076694,6.789879,6.783854,6.723396,7.233400,7.091242,6.841004,6.730244,8.772111,7.240277,6.956037,6.819977,6.709717,6.784064,6.649682,6.803506
detect_races_time_sec,1.120257,1.162201,1.126998,1.216756,2.530682,1.243409,1.212401,1.231376,1.252720,1.144565,1.194963,1.220425,1.445641,1.168226,1.222487,1.149669,2.563964,1.323974,1.237401,1.243849,1.173167,1.161446,1.217270,1.229890
extract_traces_time_sec,0.527499,0.449376,0.421143,0.443864,0.740068,0.504082,0.502156,0.534207,0.575471,0.457289,0.583106,0.619818,0.449700,0.448158,0.429527,0.436483,0.737883,0.455899,0.485789,0.517303,0.522022,0.432670,0.596605,0.597137
find_reactive_cmds_time_sec,0.000059,0.000000,0.000037,0.000035,0.000049,0.000046,0.000032,0.000034,0.000032,0.000035,0.000035,0.000036,0.000035,0.000044,0.000035,0.000033,0.000048,0.000038,0.000033,0.000035,0.000036,0.000035,0.000038,0.000034
find_proactive_cmds_time_sec,0.124611,0.091177,0.107891,0.126679,0.164168,0.098956,0.103309,0.106450,0.090968,0.094817,0.098184,0.093222,0.095113,0.091617,0.101948,0.104265,0.160289,0.110602,0.106196,0.094871,0.100401,0.092621,0.091890,0.085036
find_covered_races_time,21.582891,33.409649,31.839444,28.065525,28.466604,19.762081,15.152992,9.326369,6.981877,36.548764,6.716952,5.993891,15.440307,8.798366,9.214641,8.571899,10.647362,8.238900,7.281482,7.069950,6.837759,9.052106,6.231869,6.130703
per_packet_inconsistent_time_sec,2.496798,0.620918,0.578336,0.470869,0.345490,0.242444,0.153650,0.064939,0.021207,1.049384,0.017257,0.004392,2.899098,0.638789,0.579065,0.483050,0.399728,0.237003,0.198592,0.064429,0.020291,0.747711,0.008617,0.004368
find_inconsistent_update_time_sec,-0.000603,-0.000225,-0.000219,-0.000173,-0.000164,-0.000146,-0.000188,-0.000096,-0.000094,-0.000500,-0.000081,-0.000011,-0.000537,-0.000475,-0.000132,-0.000129,-0.000101,-0.000069,-0.000104,-0.000027,-0.000038,-0.000165,-0.000012,-0.000010
