key/t,False-0,False-1,False-2,False-3,False-4,False-5,False-6,False-7,False-8,False-9,False-10,False-inf,True-0,True-1,True-2,True-3,True-4,True-5,True-6,True-7,True-8,True-9,True-10,True-inf
total_time_sec,5.955966,6.676195,9.835613,6.432539,6.345932,6.381292,6.290737,6.330207,6.591045,7.421012,6.286787,6.451486,5.111119,5.372252,4.958977,5.154108,4.948658,5.043217,5.033487,5.055762,10.245335,10.084723,6.827388,5.086125
load_time_sec,4.298038,4.211581,7.760426,4.274600,4.202695,4.234090,4.195788,4.271185,4.310630,5.169245,4.129483,4.214713,4.329230,4.611279,4.190447,4.382717,4.181550,4.246640,4.232627,4.235140,8.486364,8.344489,6.032173,4.182180
detect_races_time_sec,0.912830,0.940818,0.909817,0.920936,0.932376,0.904767,0.865559,0.855579,0.843575,0.826935,0.804103,0.921794,0.600360,0.571321,0.570766,0.570026,0.565035,0.577413,0.581688,0.571849,1.288887,1.270018,0.556144,0.551174
extract_traces_time_sec,0.359221,0.334947,0.326777,0.355224,0.336627,0.319991,0.306180,0.304206,0.299154,0.306217,0.284842,0.287869,0.047981,0.045652,0.044821,0.043404,0.042362,0.046020,0.040360,0.040027,0.084135,0.071860,0.035993,0.036984
find_reactive_cmds_time_sec,0.004509,0.004439,0.004040,0.004173,0.004824,0.005056,0.004447,0.004519,0.004693,0.005017,0.004082,0.004515,0.004702,0.004325,0.004130,0.003901,0.003732,0.004856,0.004650,0.004007,0.008401,0.008276,0.003781,0.004634
find_proactive_cmds_time_sec,0.089673,0.089558,0.093927,0.091080,0.086114,0.090736,0.088969,0.090405,0.091030,0.091707,0.085771,0.085744,0.091314,0.087624,0.090026,0.090571,0.090111,0.094105,0.092562,0.097210,0.168810,0.160501,0.087099,0.093336
find_covered_races_time,0.289969,1.081390,0.732357,0.775923,0.772748,0.815047,0.815842,0.789754,1.025068,1.001960,0.957458,0.902881,0.036466,0.046252,0.051163,0.054655,0.057181,0.062752,0.067802,0.091948,0.170359,0.186543,0.091879,0.167985
per_packet_inconsistent_time_sec,0.001660,0.013356,0.008203,0.010536,0.010480,0.011530,0.013872,0.014483,0.016810,0.019845,0.020963,0.033807,0.001066,0.005721,0.007545,0.008753,0.008607,0.011346,0.013703,0.015484,0.038205,0.042855,0.020219,0.047442
find_inconsistent_update_time_sec,-0.000029,-0.000059,-0.000034,-0.000034,-0.000034,-0.000038,-0.000043,-0.000042,-0.000048,-0.000052,-0.000050,-0.000124,0.000000,-0.000043,-0.000046,-0.000046,-0.000046,-0.000051,-0.000062,-0.000061,-0.000120,-0.000129,-0.000066,-0.002390
