key/t,False-0,False-1,False-2,False-3,False-4,False-5,False-6,False-7,False-8,False-9,False-10,False-inf,True-0,True-1,True-2,True-3,True-4,True-5,True-6,True-7,True-8,True-9,True-10,True-inf
total_time_sec,4.553675,4.834258,4.859524,4.942987,5.148769,5.161362,4.982948,5.101299,5.089976,5.060066,5.240451,4.905411,3.917999,3.914360,3.985423,4.101519,3.971115,3.925810,4.011513,4.045813,4.006496,4.002959,4.065805,4.013832
load_time_sec,3.331756,3.360183,3.347192,3.381088,3.494991,3.474655,3.439205,3.562375,3.374616,3.389684,3.485235,3.350561,3.353802,3.343005,3.401006,3.499304,3.394060,3.338070,3.416191,3.441214,3.402152,3.382454,3.432676,3.342536
detect_races_time_sec,0.705739,0.710705,0.697719,0.702413,0.741507,0.730980,0.688268,0.673711,0.687613,0.646646,0.674963,0.632032,0.473061,0.466294,0.476000,0.491037,0.463459,0.469411,0.465731,0.473461,0.470756,0.483146,0.487442,0.455795
extract_traces_time_sec,0.252442,0.236802,0.238232,0.236029,0.237164,0.251747,0.217338,0.224970,0.221766,0.220847,0.227324,0.204742,0.039053,0.038964,0.037197,0.035979,0.034814,0.036228,0.043096,0.034161,0.033172,0.030762,0.032176,0.028032
find_reactive_cmds_time_sec,0.003440,0.003334,0.003327,0.003245,0.003234,0.003345,0.003144,0.003180,0.003223,0.004260,0.005066,0.003198,0.003183,0.003702,0.003226,0.003609,0.004001,0.003674,0.003214,0.003462,0.003503,0.003956,0.003899,0.003108
find_proactive_cmds_time_sec,0.021316,0.020765,0.019708,0.019817,0.020627,0.022524,0.019181,0.019367,0.020870,0.021507,0.021334,0.021050,0.020323,0.021359,0.020710,0.021363,0.020398,0.021469,0.020806,0.022300,0.021864,0.020491,0.021673,0.022661
find_covered_races_time,0.237793,0.496219,0.546179,0.592172,0.642731,0.666829,0.604664,0.605481,0.764106,0.761219,0.808295,0.666741,0.027931,0.036279,0.040701,0.043175,0.046516,0.048210,0.052089,0.058752,0.061483,0.066054,0.071258,0.120214
per_packet_inconsistent_time_sec,0.001106,0.006165,0.007081,0.008144,0.008420,0.011185,0.011059,0.012124,0.017679,0.015808,0.018113,0.026977,0.000564,0.004668,0.006487,0.006934,0.007771,0.008650,0.010282,0.012360,0.013470,0.015985,0.016569,0.038545
find_inconsistent_update_time_sec,-0.000020,-0.000022,-0.000022,-0.000025,-0.000026,-0.000034,-0.000028,-0.000029,-0.000042,-0.000035,-0.000054,-0.000058,-0.000017,-0.000029,-0.000033,-0.000046,-0.000035,-0.000037,-0.000040,-0.000043,-0.000046,-0.000055,-0.000049,-0.002877
