key/t,False-0,False-1,False-2,False-3,False-4,False-5,False-6,False-7,False-8,False-9,False-10,False-inf,True-0,True-1,True-2,True-3,True-4,True-5,True-6,True-7,True-8,True-9,True-10,True-inf
total_time_sec,4.285317,4.398337,4.618017,4.061202,3.489492,3.327811,3.548111,3.481676,3.747800,3.576197,3.479385,3.902824,2.528078,2.490619,2.482669,2.485013,2.548517,2.659360,2.740561,2.747721,2.842250,3.209115,3.193024,2.604059
load_time_sec,3.349217,3.284713,3.385465,3.019265,2.632890,2.464805,2.623017,2.574016,2.737306,2.653432,2.564692,2.682383,2.098097,2.082217,2.068394,2.063172,2.112079,2.202753,2.265087,2.255926,2.305751,2.598338,2.621998,2.108946
detect_races_time_sec,0.586141,0.579001,0.572524,0.475434,0.386810,0.390889,0.410619,0.409200,0.439585,0.395042,0.389574,0.495734,0.341105,0.337467,0.335550,0.339041,0.346582,0.358350,0.373310,0.386437,0.415992,0.434341,0.443018,0.337831
extract_traces_time_sec,0.141422,0.138879,0.129546,0.112671,0.087018,0.085185,0.090719,0.086780,0.098204,0.081808,0.080501,0.094205,0.021487,0.013366,0.013033,0.012604,0.013331,0.013121,0.014399,0.013379,0.014531,0.017889,0.014957,0.013308
find_reactive_cmds_time_sec,0.000773,0.000563,0.000498,0.000526,0.000462,0.000481,0.000491,0.000473,0.000496,0.000476,0.000486,0.000482,0.000399,0.000385,0.000439,0.000389,0.000408,0.000532,0.000573,0.000449,0.000496,0.000661,0.000480,0.000402
find_proactive_cmds_time_sec,0.022228,0.022400,0.022429,0.020779,0.019023,0.019575,0.020420,0.020995,0.019223,0.019237,0.019557,0.020745,0.044885,0.016681,0.015044,0.016255,0.017031,0.017225,0.018536,0.016733,0.017512,0.026111,0.019839,0.015538
find_covered_races_time,0.184755,0.360221,0.491373,0.419105,0.349365,0.351383,0.385026,0.371085,0.433046,0.404655,0.402611,0.571402,0.021595,0.034392,0.042508,0.044158,0.048387,0.054375,0.054099,0.058946,0.068835,0.096837,0.072517,0.097471
per_packet_inconsistent_time_sec,0.000705,0.012390,0.016026,0.013327,0.013798,0.015394,0.017714,0.019020,0.019833,0.021420,0.021852,0.037173,0.000447,0.006028,0.007612,0.009306,0.010604,0.012900,0.014453,0.015743,0.018980,0.034703,0.020092,0.028757
find_inconsistent_update_time_sec,-0.000018,-0.000084,-0.000070,-0.000038,-0.000038,-0.000044,-0.000050,-0.000052,-0.000053,-0.000071,-0.000054,-0.000646,-0.000016,-0.000034,-0.000040,-0.000041,-0.000047,-0.000050,-0.000053,-0.000056,-0.000061,-0.000152,-0.000069,-0.001745
