key/t,False-0,False-1,False-2,False-3,False-4,False-5,False-6,False-7,False-8,False-9,False-10,False-inf
total_time_sec,2.917305,4.027623,4.253234,4.182172,4.227527,3.979460,4.194349,3.927175,4.083614,4.131694,3.997052,3.970930
load_time_sec,1.575107,1.551945,1.708891,1.602259,1.582987,1.568925,1.629469,1.555131,1.600550,1.578174,1.599754,1.590980
detect_races_time_sec,0.666326,0.640175,0.669463,0.644952,0.629995,0.591182,0.624362,0.592806,0.599218,0.583146,0.603275,0.604697
extract_traces_time_sec,0.370092,0.355950,0.340417,0.348782,0.318008,0.299801,0.322645,0.308658,0.306667,0.306387,0.305884,0.303284
find_reactive_cmds_time_sec,0.002398,0.002462,0.002511,0.002658,0.002470,0.002328,0.002620,0.002470,0.002482,0.002441,0.002387,0.002376
find_proactive_cmds_time_sec,0.019786,0.018447,0.020349,0.018105,0.018000,0.021180,0.019603,0.018861,0.018486,0.018782,0.018062,0.019288
find_covered_races_time,0.282210,1.444372,1.491557,1.546389,1.654324,1.472565,1.566776,1.424645,1.529688,1.614357,1.438713,1.407880
per_packet_inconsistent_time_sec,0.001328,0.014196,0.019966,0.018942,0.021643,0.023386,0.028778,0.024509,0.026426,0.028304,0.028868,0.042282
find_inconsistent_update_time_sec,-0.000019,-0.000035,-0.000040,-0.000045,-0.000061,-0.000055,-0.000057,-0.000057,-0.000058,-0.000063,-0.000068,-0.000102
