key/t,False-0,False-1,False-2,False-3,False-4,False-5,False-6,False-7,False-8,False-9,False-10,False-inf,True-0,True-1,True-2,True-3,True-4,True-5,True-6,True-7,True-8,True-9,True-10,True-inf
total_time_sec,20.153302,19.824571,23.502065,20.876852,20.890325,21.303513,21.837596,24.785927,21.547994,24.727542,35.326833,24.986414,20.590280,20.216857,21.317083,21.147276,21.485669,21.222150,21.773133,25.266829,23.497959,21.792015,23.122909,25.100999
load_time_sec,13.094102,12.592921,15.689001,12.617540,12.946162,12.843664,13.355548,14.333758,13.000695,15.560558,17.809552,12.888157,13.155081,12.787120,13.512104,12.995202,13.104869,12.923964,13.381220,15.838979,12.665210,12.855328,13.523022,13.085119
detect_races_time_sec,5.019981,4.962990,5.324761,5.507603,4.951809,5.170785,5.298686,6.607503,5.056307,5.282879,10.405171,4.984305,5.226902,5.206188,5.221573,5.282874,5.141507,5.171996,5.134987,5.427986,4.997515,5.049230,5.529679,5.021805
extract_traces_time_sec,0.401944,0.380704,0.369699,0.398613,0.417858,0.397534,0.382042,0.399906,0.363444,0.363599,0.528363,0.060885,0.408568,0.410565,0.423570,0.415939,0.371579,0.436005,0.351976,0.372650,0.347329,0.388937,0.419152,0.059866
find_reactive_cmds_time_sec,0.008997,0.009338,0.009391,0.010333,0.009486,0.010456,0.010533,0.010131,0.010213,0.009528,0.015974,0.009115,0.009506,0.009541,0.011124,0.009232,0.008999,0.009878,0.010303,0.010466,0.007789,0.010780,0.008689,0.009424
find_proactive_cmds_time_sec,0.214916,0.203480,0.209128,0.216231,0.231173,0.219757,0.203425,0.200560,0.203952,0.204909,0.331015,0.470063,0.197304,0.204971,0.216512,0.244005,0.213665,0.220548,0.208852,0.214972,0.206266,0.211494,0.214733,0.459517
find_covered_races_time,0.045371,0.062294,0.092619,0.141334,0.154282,0.173936,0.197371,0.216440,0.227030,0.258845,0.564745,0.977241,0.044512,0.065009,0.102926,0.133430,0.161578,0.173573,0.195365,0.220737,0.246900,0.263359,0.306082,1.124120
per_packet_inconsistent_time_sec,0.003785,0.027810,0.067788,0.128406,0.183182,0.225525,0.261282,0.313477,0.315194,0.343567,0.732093,1.342910,0.003291,0.030084,0.072153,0.128827,0.200284,0.225070,0.275662,0.338421,0.329801,0.356342,0.402816,1.420830
find_inconsistent_update_time_sec,-0.000115,-0.000440,-0.000737,-0.001248,-0.001295,-0.002832,-0.003260,-0.003931,-0.004243,-0.005726,-0.014283,-0.027775,-0.000112,-0.000488,-0.000820,-0.001176,-0.001741,-0.002408,-0.003941,-0.004610,-0.005565,-0.007572,-0.010920,-0.103118
