key/t,False-0,False-1,False-2,False-3,False-4,False-5,False-6,False-7,False-8,False-9,False-10,False-inf,True-0,True-1,True-2,True-3,True-4,True-5,True-6,True-7,True-8,True-9,True-10,True-inf
total_time_sec,17.858792,17.528099,20.558991,19.646870,16.401014,20.591789,17.871883,19.945458,18.565217,18.473904,18.939018,23.084547,20.098847,19.039138,21.763603,19.903724,23.503500,24.543168,27.111687,32.119956,31.472187,28.312852,28.232122,29.890869
load_time_sec,12.019712,12.729405,13.479340,13.450500,9.875182,12.449341,12.687603,13.197168,12.443714,12.272803,12.934410,12.911660,12.569261,13.495934,15.858709,13.576087,17.233115,15.504485,18.439489,22.276287,20.962334,18.756731,18.582183,18.262869
detect_races_time_sec,5.165838,4.095029,6.544289,5.593661,5.852471,7.062818,4.483737,5.806556,4.968774,4.982272,5.140058,6.915053,7.076828,5.036464,5.388768,5.766674,5.664328,7.888700,7.591665,8.484406,8.946234,8.070299,8.129998,7.699495
extract_traces_time_sec,0.361056,0.325201,0.256076,0.239368,0.239585,0.363804,0.230534,0.314502,0.351812,0.261860,0.223281,0.308829,0.253952,0.256996,0.244430,0.245567,0.238704,0.370086,0.379891,0.377978,0.373971,0.357648,0.356328,0.354415
find_reactive_cmds_time_sec,0.015958,0.016437,0.010438,0.010314,0.010563,0.017400,0.009627,0.010192,0.017753,0.015528,0.010095,0.016949,0.010289,0.016729,0.009917,0.009901,0.009927,0.018476,0.019315,0.019884,0.018601,0.018892,0.018206,0.017896
find_proactive_cmds_time_sec,0.219876,0.231754,0.153011,0.154464,0.145604,0.238280,0.140736,0.186192,0.216026,0.233067,0.150395,0.225432,0.145648,0.152868,0.150629,0.146549,0.166363,0.250163,0.267401,0.252899,0.315198,0.249119,0.251677,0.232150
find_covered_races_time,0.071268,0.096360,0.065729,0.088091,0.165676,0.200364,0.129317,0.148127,0.178620,0.265666,0.179166,0.958192,0.039808,0.059641,0.065881,0.079253,0.086851,0.223405,0.177623,0.290872,0.315215,0.329613,0.340200,1.145007
per_packet_inconsistent_time_sec,0.004914,0.033430,0.049644,0.109861,0.111134,0.258158,0.189178,0.281253,0.386037,0.440286,0.299899,1.740103,0.002943,0.020202,0.044793,0.078966,0.103487,0.286241,0.234275,0.415312,0.536829,0.522210,0.544247,2.073539
find_inconsistent_update_time_sec,-0.000124,-0.000431,-0.000433,-0.000577,-0.000766,-0.001577,-0.001121,-0.001433,-0.002434,-0.002378,-0.001680,-0.008280,-0.000087,-0.000270,-0.000447,-0.000679,-0.000694,-0.001569,-0.001980,-0.002270,-0.003757,-0.008288,-0.009228,-0.105450
