key/t,False-0,False-1,False-2,False-3,False-4,False-5,False-6,False-7,False-8,False-9,False-10,False-inf,True-0,True-1,True-2,True-3,True-4,True-5,True-6,True-7,True-8,True-9,True-10,True-inf
total_time_sec,24.684221,23.612734,22.522085,34.241698,26.044358,38.870525,23.350954,25.954256,24.998476,29.078880,28.057181,31.192046,25.202710,22.072476,21.277926,25.384992,28.140012,31.118571,22.254899,22.511847,24.594721,23.075312,27.234230,28.654498
load_time_sec,16.891589,15.433824,14.604447,17.078224,17.627757,22.196747,14.309054,16.004898,13.763320,18.881033,15.568930,14.694478,17.066927,13.935068,12.979428,17.268234,17.021885,21.354865,13.062855,13.712053,15.258790,13.253882,15.061251,14.330560
detect_races_time_sec,5.306074,5.754054,5.310324,11.320467,5.178616,11.193844,5.422650,5.827175,5.453408,5.884796,7.407097,7.237332,5.547471,5.779533,5.535794,5.252253,6.693850,5.959185,5.547135,5.141225,5.333780,5.742148,7.780311,7.031896
extract_traces_time_sec,0.474646,0.384344,0.393427,0.741125,0.386907,0.615128,0.362306,0.372559,0.372798,0.405519,0.372481,0.151776,0.473553,0.421652,0.489345,0.388350,0.640383,0.390049,0.392806,0.414140,0.403193,0.366254,0.481470,0.065579
find_reactive_cmds_time_sec,0.032115,0.010272,0.010844,0.018037,0.011873,0.018215,0.009835,0.010966,0.009238,0.011345,0.010833,0.027856,0.010669,0.009612,0.011262,0.009606,0.017794,0.011073,0.010536,0.010767,0.011562,0.010210,0.016345,0.009447
find_proactive_cmds_time_sec,0.290679,0.215056,0.230834,0.360955,0.220994,0.455531,0.208870,0.214764,0.206568,0.231278,0.217108,0.895311,0.264809,0.216029,0.224038,0.218578,0.265743,0.231242,0.218656,0.210238,0.251535,0.220298,0.324571,0.478329
find_covered_races_time,0.051303,0.070798,0.096636,0.228096,0.147060,0.319408,0.213557,0.228324,0.247370,0.288713,0.291925,1.348919,0.044452,0.069180,0.103321,0.130155,0.161148,0.190597,0.241422,0.219773,0.299624,0.287625,0.355470,1.136744
per_packet_inconsistent_time_sec,0.003808,0.031690,0.075323,0.253441,0.175455,0.416421,0.275682,0.345380,0.328152,0.394825,0.394614,1.350052,0.004321,0.028924,0.085000,0.131736,0.201649,0.273560,0.339758,0.291500,0.351165,0.386485,0.437129,1.443177
find_inconsistent_update_time_sec,-0.000131,-0.000457,-0.000832,-0.006811,-0.001843,-0.005494,-0.003923,-0.005192,-0.004642,-0.005125,-0.007087,-0.028127,-0.000656,-0.000517,-0.001098,-0.001221,-0.002161,-0.003061,-0.004742,-0.004543,-0.005412,-0.008052,-0.010693,-0.102930
