key/t,False-0,False-1,False-2,False-3,False-4,False-5,False-6,False-7,False-8,False-9,False-10,False-inf,True-0,True-1,True-2,True-3,True-4,True-5,True-6,True-7,True-8,True-9,True-10,True-inf
total_time_sec,17.664391,20.014688,18.898945,18.193538,17.759655,19.628046,18.034537,22.980750,26.279603,20.199961,21.409628,21.997256,19.731319,21.548735,20.012516,20.282023,22.925357,21.235244,22.815844,22.181835,19.953877,21.057555,21.197715,22.212261
load_time_sec,11.311906,12.909803,13.960702,11.559624,12.131952,13.668181,12.250452,16.221393,15.917800,13.973587,13.796979,14.967576,13.830350,14.144177,12.860812,14.292323,16.195845,13.670180,14.397807,13.362349,13.288019,14.089507,13.274400,13.681925
detect_races_time_sec,5.517774,6.506920,4.178410,5.467222,4.617893,5.014035,4.774989,5.628508,8.390432,4.833905,5.789044,4.277141,5.100630,6.511807,6.382057,5.094057,5.350814,6.250585,7.230223,7.439452,5.240465,5.588559,6.572969,5.472214
extract_traces_time_sec,0.547137,0.347107,0.378101,0.515668,0.349102,0.325888,0.346376,0.355351,0.543077,0.366328,0.339842,0.342482,0.487532,0.539757,0.403113,0.433855,0.501264,0.484292,0.409469,0.434704,0.330319,0.341200,0.366372,0.400984
find_reactive_cmds_time_sec,0.020483,0.009280,0.018264,0.012073,0.013205,0.010359,0.010738,0.017673,0.020423,0.010598,0.011071,0.015414,0.019632,0.019484,0.011342,0.014702,0.016461,0.010850,0.012349,0.016140,0.009798,0.009943,0.012105,0.011712
find_proactive_cmds_time_sec,0.224222,0.171947,0.214567,0.286855,0.201438,0.217803,0.189567,0.217347,0.288709,0.202140,0.209939,0.199188,0.243651,0.241555,0.194637,0.198928,0.326769,0.295255,0.221840,0.254991,0.236861,0.183473,0.248006,0.215601
find_covered_races_time,0.038946,0.049631,0.086405,0.163273,0.165429,0.160766,0.179402,0.212602,0.449843,0.239075,0.461652,0.907234,0.045644,0.064240,0.080979,0.104563,0.223798,0.253724,0.208933,0.255266,0.260042,0.387898,0.260290,1.022156
per_packet_inconsistent_time_sec,0.003768,0.019645,0.061637,0.187226,0.279596,0.229930,0.281680,0.326352,0.666508,0.572449,0.796793,1.282341,0.003714,0.027331,0.079015,0.142728,0.308983,0.268530,0.332195,0.417008,0.582971,0.452182,0.457164,1.334122
find_inconsistent_update_time_sec,-0.000113,-0.000315,-0.000819,-0.001535,-0.000985,-0.001042,-0.001293,-0.001483,-0.002750,-0.001838,-0.004248,-0.005821,-0.000121,-0.000343,-0.000503,-0.000819,-0.001362,-0.001753,-0.002992,-0.001873,-0.005332,-0.004751,-0.006336,-0.073502
