key/t,False-0,False-1,False-2,False-3,False-4,False-5,False-6,False-7,False-8,False-9,False-10,False-inf,True-0,True-1,True-2,True-3,True-4,True-5,True-6,True-7,True-8,True-9,True-10,True-inf
total_time_sec,40.699877,40.110252,44.518002,45.738834,44.148526,46.214386,46.039016,46.839062,53.857249,51.975130,51.452136,55.623759,56.767421,47.218354,47.379704,48.713033,48.498081,48.215821,51.958891,48.750788,52.710348,54.204692,52.316356,50.755237
load_time_sec,26.989575,25.540264,27.175619,28.791964,27.212375,28.449068,28.794173,28.319445,31.736049,31.859870,29.583399,28.506529,35.597978,30.110066,31.566085,28.482351,29.676385,29.928239,30.884568,28.582834,32.985403,33.531430,29.940147,25.393665
detect_races_time_sec,10.366235,11.093901,12.509048,10.970508,10.799176,11.768002,10.812544,11.615801,14.157045,12.558922,13.214113,12.661675,16.707636,11.649171,11.281277,13.430115,12.675438,12.551992,13.751600,12.826728,12.469036,11.888156,13.640228,10.985783
extract_traces_time_sec,0.498541,0.444793,0.512580,0.771076,0.425783,0.448639,0.405282,0.550714,0.658153,0.668168,0.503448,0.141937,0.802458,0.421089,0.417736,0.709792,0.518312,0.426144,0.524778,0.445566,0.583199,0.570535,0.442962,0.128914
find_reactive_cmds_time_sec,0.023662,0.020189,0.020642,0.026238,0.019609,0.018463,0.020227,0.019795,0.019500,0.028078,0.019333,0.051912,0.020187,0.019122,0.019248,0.022257,0.024145,0.019903,0.019957,0.038020,0.022011,0.049904,0.015905,0.034219
find_proactive_cmds_time_sec,0.320333,0.303797,0.303626,0.501322,0.401786,0.303660,0.310324,0.320860,0.359074,0.305570,0.313738,0.885753,0.437927,0.352779,0.291761,0.382143,0.358300,0.346733,0.349732,0.454984,0.480667,0.319053,0.285011,0.883561
find_covered_races_time,0.099290,0.109248,0.177223,0.264369,0.352668,0.273557,0.370836,0.337880,0.407599,0.395505,0.590497,1.788831,0.133238,0.267281,0.159718,0.335570,0.252219,0.339665,0.542280,0.363632,0.416013,0.615929,0.656249,2.010093
per_packet_inconsistent_time_sec,0.005817,0.050496,0.137303,0.228704,0.351581,0.322152,0.492648,0.410279,0.444360,0.837598,1.054426,2.730204,0.005991,0.065507,0.100258,0.277756,0.242217,0.337399,0.592872,0.481219,0.402564,0.593597,0.626340,2.835851
find_inconsistent_update_time_sec,-0.000154,-0.000741,-0.001401,-0.002016,-0.002945,-0.004886,-0.007755,-0.006851,-0.008886,-0.011018,-0.019619,-0.052220,-0.000168,-0.000781,-0.001308,-0.003553,-0.002841,-0.004689,-0.008185,-0.019397,-0.009712,-0.027656,-0.017406,-0.160361
