key/t,False-0,False-1,False-2,False-3,False-4,False-5,False-6,False-7,False-8,False-9,False-10,False-inf,True-0,True-1,True-2,True-3,True-4,True-5,True-6,True-7,True-8,True-9,True-10,True-inf
total_time_sec,5.436122,5.423790,5.992581,5.731788,5.701322,5.983295,5.821948,5.865280,5.869172,5.923614,6.084545,5.925095,5.337952,5.448398,5.474745,5.556455,5.719237,5.874629,5.928682,6.182038,6.143720,6.260953,6.332800,6.193810
load_time_sec,3.421405,3.377352,3.602925,3.528463,3.411296,3.517574,3.386617,3.372809,3.405054,3.395563,3.467148,3.388487,3.358072,3.337322,3.351561,3.371625,3.366450,3.395779,3.357901,3.378426,3.381371,3.363516,3.364686,3.437650
detect_races_time_sec,1.388765,1.322604,1.578161,1.327878,1.304436,1.356609,1.285201,1.243834,1.251806,1.242556,1.264683,1.206714,1.364720,1.394667,1.324479,1.310788,1.320305,1.294093,1.284051,1.268838,1.257507,1.261512,1.256870,1.210745
extract_traces_time_sec,0.280285,0.247011,0.156210,0.137052,0.139430,0.125145,0.118072,0.105852,0.097560,0.095092,0.096445,0.069593,0.270249,0.242522,0.219353,0.136918,0.132976,0.124726,0.116156,0.106141,0.097924,0.096236,0.093078,0.068341
find_reactive_cmds_time_sec,0.005021,0.005045,0.005053,0.004942,0.004866,0.006266,0.004845,0.004876,0.004798,0.004828,0.004879,0.004629,0.004995,0.005000,0.004951,0.004917,0.004925,0.004915,0.004858,0.004882,0.004829,0.004738,0.004794,0.004647
find_proactive_cmds_time_sec,0.110496,0.110667,0.174845,0.179509,0.177927,0.209935,0.177435,0.175120,0.178615,0.181194,0.181298,0.111650,0.108147,0.108248,0.109513,0.175035,0.178215,0.176808,0.177188,0.178390,0.178414,0.181425,0.180590,0.108579
find_covered_races_time,0.228200,0.342862,0.445598,0.513188,0.612048,0.703833,0.770324,0.864473,0.822761,0.881683,0.938000,0.909356,0.229845,0.342337,0.434644,0.513323,0.659196,0.807628,0.901880,1.139307,1.094534,1.218875,1.289199,1.104051
per_packet_inconsistent_time_sec,0.001760,0.017991,0.029107,0.039690,0.050210,0.062746,0.078057,0.096871,0.107007,0.121088,0.130426,0.232004,0.001722,0.018049,0.029556,0.042348,0.055054,0.068379,0.084013,0.103367,0.126398,0.131842,0.140812,0.255624
find_inconsistent_update_time_sec,-0.000031,-0.000091,-0.000523,-0.000905,-0.000946,-0.000998,-0.001231,-0.001288,-0.001415,-0.001459,-0.001509,-0.002499,-0.000031,-0.000090,-0.000525,-0.001342,-0.001953,-0.002139,-0.002474,-0.002523,-0.002580,-0.002649,-0.002609,-0.004009
