key/t,False-0,False-1,False-2,False-3,False-4,False-5,False-6,False-7,False-8,False-9,False-10,False-inf,True-0,True-1,True-2,True-3,True-4,True-5,True-6,True-7,True-8,True-9,True-10,True-inf
total_time_sec,4.983702,4.117449,4.656240,4.169189,3.781534,5.311761,5.164526,6.079512,4.442772,3.810184,4.717318,4.693849,4.972350,4.438261,4.926125,3.804856,3.850810,4.235509,4.745517,6.123987,4.987853,4.757612,4.628662,5.575423
load_time_sec,3.038786,2.664526,2.728420,2.705898,2.424479,3.447686,3.740425,3.719734,2.761603,2.225966,2.864357,2.832480,3.728366,2.563717,2.970896,2.358605,2.497101,2.620105,2.945431,3.637438,2.833818,2.563588,2.750862,2.998742
detect_races_time_sec,1.343901,0.749599,1.111471,0.761108,0.689603,1.016026,0.674906,1.375138,0.709571,0.687073,0.891075,0.639936,0.793777,1.124980,1.185031,0.687493,0.664715,0.744632,0.787261,1.346690,0.771713,0.738017,0.685603,0.981912
extract_traces_time_sec,0.344193,0.270881,0.268375,0.173506,0.162309,0.261578,0.085283,0.121578,0.080964,0.062465,0.073186,0.046517,0.209459,0.274462,0.253272,0.172977,0.167137,0.181177,0.079872,0.121494,0.122405,0.091430,0.059917,0.049007
find_reactive_cmds_time_sec,0.003982,0.003470,0.003481,0.002639,0.002127,0.003785,0.002562,0.004038,0.002760,0.002784,0.002631,0.001972,0.002187,0.002526,0.004822,0.003582,0.002133,0.002364,0.002467,0.003777,0.003690,0.002923,0.002001,0.002025
find_proactive_cmds_time_sec,0.087582,0.107033,0.112213,0.085833,0.087313,0.093785,0.168807,0.261038,0.229246,0.168987,0.184945,0.176625,0.079951,0.109384,0.108226,0.087251,0.086904,0.099569,0.205349,0.255787,0.259183,0.244118,0.170517,0.192951
find_covered_races_time,0.163874,0.307502,0.410211,0.408028,0.374702,0.414769,0.427790,0.522986,0.553164,0.543265,0.601939,0.659618,0.157280,0.344664,0.364579,0.455419,0.388485,0.530709,0.654552,0.676958,0.907915,0.999347,0.855442,0.953439
per_packet_inconsistent_time_sec,0.001326,0.014365,0.021888,0.031845,0.040683,0.073698,0.064400,0.074614,0.104803,0.119188,0.098791,0.335469,0.001276,0.018445,0.039010,0.039041,0.043697,0.056164,0.069772,0.080737,0.088066,0.117122,0.103324,0.394728
find_inconsistent_update_time_sec,-0.000019,-0.000032,-0.000145,-0.000295,-0.000281,-0.000384,-0.000314,-0.000348,-0.000618,-0.000412,-0.000358,-0.001177,-0.000018,-0.000038,-0.000234,-0.000452,-0.000600,-0.000751,-0.000775,-0.001066,-0.001026,-0.001026,-0.000959,-0.002568
