key/t,False-0,False-1,False-2,False-3,False-4,False-5,False-6,False-7,False-8,False-9,False-10,False-inf,True-0,True-1,True-2,True-3,True-4,True-5,True-6,True-7,True-8,True-9,True-10,True-inf
total_time_sec,2.680886,2.696556,2.761950,2.707202,2.753568,2.819654,2.749873,2.792640,2.777570,2.787532,2.982162,3.025597,2.599036,2.659000,2.674901,2.692257,2.728652,2.811695,2.875006,2.875163,2.954183,3.200510,3.194993,3.418605
load_time_sec,1.787295,1.727382,1.802957,1.733681,1.726406,1.788368,1.713771,1.737916,1.704715,1.697097,1.797613,1.797899,1.747820,1.746507,1.750273,1.706858,1.714083,1.732792,1.732315,1.699097,1.688758,1.822247,1.797075,1.777171
detect_races_time_sec,0.638020,0.656954,0.638346,0.594956,0.615869,0.604953,0.595003,0.593474,0.586693,0.581368,0.612231,0.572194,0.614427,0.606158,0.605336,0.611847,0.596977,0.600339,0.585604,0.590526,0.591113,0.614431,0.598097,0.590978
extract_traces_time_sec,0.098578,0.084423,0.071780,0.063125,0.062666,0.062439,0.056424,0.051281,0.051978,0.047694,0.049081,0.043376,0.090026,0.079820,0.072319,0.061912,0.062492,0.054488,0.055630,0.052284,0.048733,0.050050,0.050390,0.039367
find_reactive_cmds_time_sec,0.001600,0.001656,0.001689,0.001991,0.001663,0.001849,0.001661,0.001565,0.001839,0.001570,0.001546,0.001771,0.001612,0.001585,0.001817,0.001687,0.001730,0.002102,0.001630,0.001594,0.001540,0.001904,0.001531,0.001549
find_proactive_cmds_time_sec,0.014968,0.014063,0.017531,0.015918,0.015066,0.014556,0.014317,0.017524,0.014232,0.013803,0.014624,0.013810,0.014216,0.015493,0.015973,0.014432,0.015072,0.015755,0.014377,0.014402,0.013833,0.018835,0.015146,0.027481
find_covered_races_time,0.139472,0.200036,0.210699,0.270598,0.299054,0.301276,0.316641,0.329244,0.352355,0.376552,0.424196,0.438504,0.129957,0.193671,0.210102,0.266613,0.300420,0.361121,0.423629,0.452894,0.535555,0.604686,0.640519,0.803330
per_packet_inconsistent_time_sec,0.000874,0.011958,0.018729,0.026594,0.032498,0.045858,0.051678,0.061108,0.065351,0.068993,0.082394,0.155767,0.000907,0.015687,0.018879,0.028394,0.036883,0.044232,0.060858,0.063330,0.073289,0.087330,0.091070,0.175499
find_inconsistent_update_time_sec,-0.000012,-0.000022,-0.000161,-0.000280,-0.000286,-0.000291,-0.000326,-0.000464,-0.000346,-0.000395,-0.000422,-0.002213,-0.000012,-0.000027,-0.000140,-0.000464,-0.000929,-0.000804,-0.000890,-0.000975,-0.001302,-0.000976,-0.001113,-0.003166
