key/t,False-0,False-1,False-2,False-3,False-4,False-5,False-6,False-7,False-8,False-9,False-10,False-inf,True-0,True-1,True-2,True-3,True-4,True-5,True-6,True-7,True-8,True-9,True-10,True-inf
total_time_sec,3.675242,3.540007,3.506726,3.782375,3.913592,4.123641,5.180645,4.315903,4.684329,4.596960,4.980008,5.828437,3.358663,3.667393,3.808536,3.764180,4.208093,6.255231,6.290435,8.513131,8.926774,9.058452,9.281023,7.733257
load_time_sec,2.357216,2.008904,2.015917,2.093961,2.229806,2.240579,2.796619,2.139873,2.202071,2.127764,2.276064,2.283266,2.097608,2.074274,2.039434,2.093677,2.398254,3.338224,4.206707,4.235304,4.306224,4.266165,4.275314,2.152410
detect_races_time_sec,0.439164,0.440511,0.413475,0.444228,0.427199,0.449829,0.444545,0.454423,0.417990,0.486136,0.432675,0.403144,0.431614,0.445565,0.505255,0.433886,0.468910,0.947259,0.460976,0.917055,0.981960,0.935100,0.990940,0.473729
extract_traces_time_sec,0.064673,0.043538,0.036183,0.058528,0.042561,0.039706,0.039508,0.036687,0.039701,0.037037,0.038156,0.036611,0.066786,0.042829,0.039016,0.039084,0.044791,0.083979,0.037884,0.075819,0.073951,0.075525,0.073903,0.083732
find_reactive_cmds_time_sec,0.000297,0.000279,0.000308,0.000294,0.000296,0.000302,0.000293,0.000288,0.000422,0.000282,0.000293,0.001025,0.000311,0.000295,0.000299,0.000297,0.000299,0.000548,0.000300,0.000588,0.000679,0.000553,0.000620,0.001710
find_proactive_cmds_time_sec,0.088064,0.083702,0.082111,0.094930,0.091536,0.092009,0.092259,0.092853,0.123342,0.090527,0.083422,0.084263,0.094950,0.094698,0.089326,0.090348,0.111056,0.166461,0.101263,0.143441,0.151725,0.144741,0.150568,0.161353
find_covered_races_time,0.128448,0.168937,0.173581,0.243682,0.197509,0.235704,0.375712,0.256317,0.298562,0.299153,0.330232,0.464040,0.124298,0.169416,0.182988,0.219702,0.285390,0.650943,0.378699,0.793990,0.945879,1.069684,1.110410,1.249326
per_packet_inconsistent_time_sec,0.001011,0.011687,0.013733,0.017241,0.019103,0.025279,0.063155,0.036796,0.042630,0.049995,0.060289,0.139511,0.002078,0.011207,0.018295,0.019001,0.025800,0.046461,0.036501,0.101457,0.099103,0.120795,0.135296,0.286975
find_inconsistent_update_time_sec,-0.000016,-0.000025,-0.000059,-0.000063,-0.000067,-0.000076,-0.000186,-0.000106,-0.000110,-0.000124,-0.000127,-0.000263,-0.000017,-0.000026,-0.000060,-0.001233,-0.000437,-0.000502,-0.000524,-0.001012,-0.001573,-0.001038,-0.001082,-0.001299
