key/t,False-0,False-1,False-2,False-3,False-4,False-5,False-6,False-7,False-8,False-9,False-10,False-inf,True-0,True-1,True-2,True-3,True-4,True-5,True-6,True-7,True-8,True-9,True-10,True-inf
total_time_sec,6.507533,7.501523,8.029030,8.532726,8.880297,10.757153,13.651999,17.517009,16.662124,16.970318,18.380229,24.583684,6.644988,7.074268,7.469054,7.764967,8.008149,8.287604,8.338271,8.822361,9.090175,9.334816,9.569820,10.051401
load_time_sec,3.383092,3.589022,3.447995,3.653915,3.443905,3.363963,3.533350,3.975290,3.414278,3.320727,3.399910,3.389553,3.411382,3.394860,3.491926,3.417861,3.416028,3.397144,3.382792,3.401980,3.415326,3.440409,3.579243,3.531215
detect_races_time_sec,1.368739,1.421077,1.675955,1.511186,1.326542,1.289025,1.355491,1.438064,1.252719,1.263743,1.246987,1.231145,1.404591,1.351143,1.343380,1.333329,1.352184,1.320833,1.254663,1.288038,1.296843,1.285167,1.286035,1.259101
extract_traces_time_sec,0.269180,0.262814,0.200076,0.148961,0.139666,0.125327,0.119996,0.119689,0.099809,0.098747,0.094207,0.074674,0.283144,0.248249,0.227925,0.144926,0.138131,0.127742,0.119164,0.109596,0.103368,0.098928,0.094953,0.071061
find_reactive_cmds_time_sec,0.004955,0.004981,0.004867,0.004868,0.004942,0.004921,0.005305,0.004825,0.004822,0.004694,0.005216,0.004648,0.005616,0.004975,0.005188,0.005026,0.005139,0.004792,0.004822,0.004787,0.005053,0.004805,0.004816,0.004832
find_proactive_cmds_time_sec,0.108249,0.119680,0.192776,0.187276,0.187111,0.178838,0.182395,0.198943,0.182150,0.179859,0.181058,0.110791,0.110917,0.109131,0.112366,0.176146,0.177557,0.179083,0.177282,0.179418,0.182811,0.182065,0.184785,0.111921
find_covered_races_time,0.224265,0.365270,0.568866,0.603032,0.630928,0.733406,0.775256,1.244905,0.913989,0.880254,0.936972,0.902256,0.235531,0.343818,0.446021,0.531821,0.651084,0.811671,0.891568,1.136978,1.118241,1.242963,1.310756,1.135193
per_packet_inconsistent_time_sec,0.001724,0.016661,0.030077,0.037726,0.050351,0.061100,0.077053,0.172858,0.106124,0.119103,0.130093,0.223398,0.001774,0.016447,0.028417,0.039916,0.053192,0.066234,0.083342,0.100162,0.114247,0.125007,0.141980,0.245715
find_inconsistent_update_time_sec,-0.000030,-0.000091,-0.000904,-0.000980,-0.000936,-0.000981,-0.001220,-0.002331,-0.001436,-0.001339,-0.001454,-0.002167,-0.000032,-0.000090,-0.000616,-0.001328,-0.001974,-0.002126,-0.002466,-0.002495,-0.002468,-0.002471,-0.002586,-0.003970
