key/t,False-0,False-1,False-2,False-3,False-4,False-5,False-6,False-7,False-8,False-9,False-10,False-inf,True-0,True-1,True-2,True-3,True-4,True-5,True-6,True-7,True-8,True-9,True-10,True-inf
total_time_sec,5.803066,6.104196,6.395439,6.275910,6.632905,4.365544,6.727426,6.505996,7.043267,6.869076,7.388340,8.663679,6.899133,7.583689,7.892092,7.572230,6.812146,7.047903,7.211689,7.359151,7.369184,7.644227,7.283308,7.182309
load_time_sec,3.650122,4.094799,4.045060,4.015711,4.145498,2.813605,4.023742,4.129384,4.263042,4.084049,4.576529,5.430087,4.488861,4.881280,5.017001,4.411044,4.157508,4.304038,4.156493,4.278984,4.217685,4.380203,3.926253,4.058013
detect_races_time_sec,1.408530,1.136113,1.357530,1.213122,1.376912,0.746312,1.461358,1.347744,1.403071,1.334990,1.336287,1.293609,1.618285,1.755925,1.624248,1.704664,1.372186,1.362830,1.456420,1.378341,1.333874,1.332395,1.293030,1.196506
extract_traces_time_sec,0.275991,0.250679,0.235707,0.215101,0.212192,0.150823,0.110039,0.112552,0.114497,0.110349,0.107811,0.081273,0.333105,0.263121,0.296162,0.366682,0.222445,0.209048,0.119189,0.118575,0.099800,0.110468,0.106506,0.076114
find_reactive_cmds_time_sec,0.004370,0.003829,0.004412,0.002947,0.004291,0.003387,0.004489,0.004314,0.004500,0.004392,0.003916,0.003982,0.004604,0.004339,0.004251,0.002913,0.004542,0.004238,0.004484,0.004398,0.003927,0.004304,0.004271,0.004076
find_proactive_cmds_time_sec,0.111699,0.107012,0.115744,0.108464,0.111654,0.087693,0.173651,0.193007,0.201353,0.206404,0.193515,0.192357,0.111464,0.119981,0.165580,0.118199,0.134338,0.117571,0.215660,0.194620,0.202863,0.201585,0.198041,0.181912
find_covered_races_time,0.349977,0.485497,0.596307,0.663213,0.714206,0.516426,0.852290,0.643109,0.931295,0.990220,1.020004,1.315273,0.340874,0.531789,0.744290,0.908457,0.845660,0.958061,1.146267,1.241020,1.371884,1.464352,1.593604,1.368503
per_packet_inconsistent_time_sec,0.002307,0.026171,0.040357,0.056786,0.067581,0.046949,0.101237,0.075193,0.124630,0.137951,0.149544,0.345636,0.001875,0.027156,0.040252,0.059376,0.074224,0.090635,0.111681,0.141186,0.137274,0.149118,0.159752,0.294692
find_inconsistent_update_time_sec,-0.000026,-0.000049,-0.000275,-0.000522,-0.000523,-0.000320,-0.000572,-0.000646,-0.000829,-0.000677,-0.000682,-0.001405,-0.000025,-0.000053,-0.000262,-0.000845,-0.001197,-0.001434,-0.001442,-0.001982,-0.001832,-0.001754,-0.001802,-0.002449
