key/t,False-0,False-1,False-2,False-3,False-4,False-5,False-6,False-7,False-8,False-9,False-10,False-inf,True-0,True-1,True-2,True-3,True-4,True-5,True-6,True-7,True-8,True-9,True-10,True-inf
total_time_sec,3.232197,4.335892,3.503435,3.612089,3.678671,3.858196,3.797057,3.929968,3.910564,3.858858,3.996101,4.817742,3.446607,6.956178,6.430952,3.688914,3.910288,6.927556,5.475258,4.456192,4.166658,4.222411,4.423098,4.786457
load_time_sec,2.008605,2.128374,1.961792,2.016466,2.048072,2.017307,1.997156,2.096097,1.986566,1.924674,1.955618,1.987226,2.159277,4.007471,3.488178,2.103351,2.228145,4.173963,2.268280,2.373725,2.028283,1.985981,2.029849,2.037192
detect_races_time_sec,0.424868,0.445418,0.423807,0.413494,0.427930,0.413627,0.407923,0.418204,0.432217,0.431353,0.408407,0.413797,0.429087,0.859630,0.863706,0.414851,0.440717,0.928683,0.732995,0.407266,0.429680,0.411779,0.420341,0.429458
extract_traces_time_sec,0.063379,0.047834,0.038100,0.037385,0.042017,0.060774,0.034265,0.034508,0.037581,0.033978,0.056314,0.037240,0.067059,0.086081,0.072668,0.039053,0.043786,0.076262,0.049023,0.035682,0.036968,0.036689,0.035571,0.035141
find_reactive_cmds_time_sec,0.000278,0.000289,0.000283,0.000000,0.000223,0.000000,0.000273,0.000267,0.000298,0.000262,0.000601,0.000269,0.000299,0.000544,0.000542,0.000297,0.000314,0.000537,0.000237,0.000300,0.000293,0.000301,0.000284,0.000469
find_proactive_cmds_time_sec,0.087731,0.095962,0.082895,0.088469,0.100387,0.093953,0.080810,0.087237,0.088022,0.082163,0.088474,0.081031,0.094050,0.139864,0.133479,0.089941,0.094504,0.144817,0.107999,0.089230,0.083993,0.089066,0.083965,0.086143
find_covered_races_time,0.121493,0.207819,0.170508,0.191312,0.195887,0.210566,0.318688,0.245678,0.272448,0.280067,0.308765,0.466020,0.128630,0.346433,0.336673,0.204433,0.256935,0.542217,0.465261,0.397713,0.451233,0.496400,0.515238,0.559602
per_packet_inconsistent_time_sec,0.000977,0.012819,0.014328,0.020649,0.020321,0.025096,0.037318,0.034420,0.040829,0.046697,0.056118,0.136939,0.000946,0.025333,0.032477,0.019007,0.022605,0.034269,0.079332,0.039131,0.048124,0.050890,0.058117,0.143999
find_inconsistent_update_time_sec,-0.000014,-0.000027,-0.000061,0.000000,-0.000067,-0.000075,-0.000101,-0.000106,-0.000113,-0.000118,-0.000082,-0.000206,-0.000015,-0.000052,-0.000110,-0.000270,-0.000435,-0.000591,-0.001021,-0.000555,-0.000526,-0.000532,-0.001059,-0.000488
