key/t,False-0,False-1,False-2,False-3,False-4,False-5,False-6,False-7,False-8,False-9,False-10,False-inf,True-0,True-1,True-2,True-3,True-4,True-5,True-6,True-7,True-8,True-9,True-10,True-inf
total_time_sec,11.360626,10.002680,9.690183,8.711243,8.580075,8.248110,9.663745,8.465866,8.527195,11.389260,7.897098,9.138822,9.937791,9.712323,9.109269,8.655577,9.117355,9.951386,9.042843,10.012726,11.963839,8.813687,11.741827,8.188698
load_time_sec,4.399900,4.543416,4.172948,4.164898,4.021329,3.877405,4.861925,4.340582,4.249460,5.540708,4.583116,5.701798,4.228307,5.043099,4.808904,4.364479,4.013900,5.180059,4.735443,5.085870,6.726938,4.367200,7.143985,4.555280
detect_races_time_sec,0.942802,1.250008,1.325019,0.986416,1.078891,0.867357,1.403496,1.454004,0.986892,1.444845,1.018566,0.905561,0.981324,0.889981,0.876040,0.839999,1.225448,1.241139,0.967815,1.122618,1.845250,0.869144,1.241003,1.510228
extract_traces_time_sec,0.096177,0.067138,0.093547,0.084343,0.080391,0.071608,0.142628,0.085310,0.071252,0.125136,0.076791,0.116165,0.070047,0.065622,0.082824,0.108041,0.083343,0.136213,0.082629,0.071847,0.178727,0.069403,0.082057,0.233223
find_reactive_cmds_time_sec,0.000687,0.000694,0.000750,0.000996,0.000711,0.000709,0.000680,0.000699,0.000755,0.001088,0.000692,0.000692,0.000698,0.000650,0.000791,0.000666,0.000777,0.000672,0.000558,0.000679,0.000715,0.000671,0.000696,0.000592
find_proactive_cmds_time_sec,0.138461,0.118781,0.156124,0.138588,0.146945,0.125248,0.295054,0.167221,0.142034,0.169146,0.114008,0.123890,0.119028,0.117854,0.322754,0.138765,0.184146,0.182593,0.118573,0.116502,0.283736,0.116744,0.174762,0.171459
find_covered_races_time,1.264803,1.052189,1.268179,0.895487,0.864429,0.627295,0.650566,0.534505,0.481639,1.182482,0.339765,0.510968,0.837551,0.588932,0.696320,0.602665,0.544685,0.607136,0.551689,0.499095,0.753266,0.656260,0.547074,0.404510
per_packet_inconsistent_time_sec,0.350466,0.087690,0.131292,0.095976,0.109425,0.050910,0.050921,0.043455,0.036110,0.098079,0.020379,0.002806,0.200141,0.076441,0.125067,0.057098,0.095925,0.041539,0.035480,0.039816,0.028959,0.096199,0.034483,0.001929
find_inconsistent_update_time_sec,-0.001452,-0.001074,-0.001022,-0.001230,-0.001308,-0.000899,-0.000907,-0.000617,-0.000104,-0.001120,-0.000046,-0.000022,-0.000412,-0.000220,-0.000180,-0.000208,-0.000195,-0.000136,-0.000125,-0.000121,-0.000110,-0.000245,-0.000046,-0.000020
