key/t,False-0,False-1,False-2,False-3,False-4,False-5,False-6,False-7,False-8,False-9,False-10,False-inf,True-0,True-1,True-2,True-3,True-4,True-5,True-6,True-7,True-8,True-9,True-10,True-inf
total_time_sec,1.228587,1.441747,1.471148,1.540375,1.534601,1.512093,1.580743,1.560888,1.663415,1.830852,1.683100,1.710259,1.205433,1.387963,1.437627,1.519847,1.539649,1.603200,1.622460,1.704483,1.691431,1.817579,1.705625,1.758110
load_time_sec,0.689097,0.691549,0.697447,0.704351,0.695284,0.682681,0.769604,0.675798,0.681459,0.758103,0.800116,0.721826,0.692217,0.661988,0.675598,0.694392,0.659836,0.693032,0.684907,0.698962,0.689093,0.815549,0.722882,0.688748
detect_races_time_sec,0.171506,0.180425,0.163524,0.207977,0.178123,0.172311,0.164377,0.172073,0.159997,0.183111,0.159215,0.188180,0.169901,0.162308,0.163786,0.184933,0.190973,0.170229,0.164519,0.166314,0.170822,0.185197,0.172921,0.200737
extract_traces_time_sec,0.018705,0.015289,0.012706,0.018511,0.013124,0.013562,0.012801,0.012599,0.012152,0.013593,0.012057,0.014686,0.021221,0.013713,0.013573,0.012154,0.016945,0.014607,0.013178,0.015022,0.014739,0.012955,0.021339,0.015063
find_reactive_cmds_time_sec,0.000312,0.000356,0.000329,0.000336,0.000350,0.000336,0.000338,0.000314,0.000329,0.000346,0.000319,0.000367,0.000328,0.000317,0.000321,0.000356,0.000607,0.000355,0.000362,0.000386,0.000367,0.000343,0.000327,0.001177
find_proactive_cmds_time_sec,0.135864,0.092694,0.079880,0.090908,0.086074,0.085438,0.079511,0.083850,0.078315,0.093573,0.076677,0.090136,0.111810,0.086875,0.081960,0.082072,0.109881,0.112468,0.085127,0.099027,0.095497,0.083526,0.092414,0.102133
find_covered_races_time,0.010716,0.021870,0.024730,0.026090,0.027947,0.028417,0.029492,0.037116,0.052967,0.047971,0.040371,0.051648,0.009838,0.021307,0.023600,0.027577,0.032843,0.039834,0.039517,0.049989,0.051679,0.057830,0.057102,0.059887
per_packet_inconsistent_time_sec,0.000434,0.005246,0.006455,0.008469,0.009170,0.009003,0.011025,0.011193,0.028426,0.015645,0.015177,0.019256,0.000341,0.004726,0.007564,0.007588,0.010522,0.009573,0.010556,0.015191,0.013543,0.015458,0.015910,0.019450
find_inconsistent_update_time_sec,-0.000015,-0.000058,-0.000068,-0.000070,-0.000071,-0.000075,-0.000216,-0.000254,-0.000240,-0.000248,-0.000246,-0.000267,-0.000015,-0.000057,-0.000078,-0.000265,-0.000373,-0.000390,-0.000504,-0.000576,-0.000687,-0.000739,-0.000750,-0.000902
