key/t,False-0,False-1,False-2,False-3,False-4,False-5,False-6,False-7,False-8,False-9,False-10,False-inf,True-0,True-1,True-2,True-3,True-4,True-5,True-6,True-7,True-8,True-9,True-10,True-inf
total_time_sec,2.647922,2.950072,3.158090,3.206804,3.198375,3.399450,3.469871,3.509423,3.591327,3.593589,3.772574,2.874739,1.293767,1.512204,1.658006,1.571793,1.572245,1.581946,1.755871,1.687368,1.664441,1.674293,1.784601,1.838711
load_time_sec,1.542133,1.387888,1.455236,1.462587,1.425045,1.504948,1.411965,1.439494,1.447786,1.457098,1.460276,0.724372,0.714264,0.722911,0.758249,0.743049,0.696165,0.693439,0.730169,0.708830,0.709077,0.687213,0.758402,0.883224
detect_races_time_sec,0.387751,0.378264,0.395720,0.391576,0.379765,0.359479,0.381574,0.383831,0.384489,0.392412,0.391002,0.186045,0.181192,0.176697,0.204690,0.176784,0.172160,0.176372,0.203011,0.172574,0.164109,0.171380,0.170578,0.185434
extract_traces_time_sec,0.038928,0.028165,0.027039,0.027103,0.027539,0.031517,0.026089,0.026722,0.026744,0.027505,0.026828,0.015355,0.022544,0.016242,0.015177,0.012703,0.017179,0.013550,0.023421,0.014218,0.014010,0.013883,0.013322,0.014509
find_reactive_cmds_time_sec,0.001331,0.000746,0.000732,0.000778,0.000716,0.000719,0.000773,0.000762,0.000801,0.000730,0.001519,0.000372,0.000367,0.000356,0.000421,0.000337,0.001429,0.000376,0.000340,0.000345,0.000405,0.000327,0.001108,0.000336
find_proactive_cmds_time_sec,0.181647,0.143861,0.144857,0.162432,0.153935,0.153904,0.143870,0.162232,0.153350,0.149953,0.152473,0.123389,0.130480,0.089359,0.095079,0.087336,0.108229,0.096091,0.130926,0.085754,0.094019,0.088710,0.086074,0.090692
find_covered_races_time,0.022157,0.044629,0.051541,0.056383,0.055994,0.061228,0.067948,0.083853,0.091863,0.088058,0.096259,0.102711,0.010755,0.022009,0.027722,0.029149,0.031590,0.036567,0.051488,0.044827,0.051714,0.054114,0.056783,0.050252
per_packet_inconsistent_time_sec,0.000736,0.011572,0.018060,0.018130,0.017249,0.020262,0.023442,0.028624,0.030882,0.031427,0.032337,0.033791,0.000422,0.006288,0.008093,0.007523,0.008703,0.009743,0.010218,0.013417,0.014911,0.014741,0.017232,0.018201
find_inconsistent_update_time_sec,-0.000029,-0.000111,-0.000136,-0.000141,-0.000139,-0.000143,-0.000398,-0.000413,-0.000418,-0.000446,-0.000418,-0.000434,-0.000016,-0.000059,-0.000072,-0.000266,-0.000371,-0.000392,-0.000504,-0.000518,-0.000619,-0.000716,-0.000831,-0.000757
