key/t,False-0,False-1,False-2,False-3,False-4,False-5,False-6,False-7,False-8,False-9,False-10,False-inf,True-0,True-1,True-2,True-3,True-4,True-5,True-6,True-7,True-8,True-9,True-10,True-inf
total_time_sec,3.793056,3.523820,3.591747,3.764006,3.572246,3.541422,3.347406,3.653606,2.823038,4.384914,3.620593,2.723581,3.353244,3.013551,3.431880,4.323485,3.974811,4.817191,3.387548,3.850778,3.649892,3.697512,3.165218,2.872515
load_time_sec,1.507101,1.458663,1.450700,1.704370,1.405886,1.603580,1.407926,1.282100,1.373381,2.173266,1.844950,1.510065,1.480462,1.273999,1.340003,1.552705,1.738871,2.001187,1.480451,1.804548,1.784856,1.606870,1.500740,1.565226
detect_races_time_sec,0.374560,0.344652,0.477399,0.356090,0.346297,0.451702,0.377348,0.478061,0.353174,0.344898,0.461223,0.379807,0.343279,0.342456,0.358411,0.432538,0.439203,0.599823,0.558741,0.617425,0.437744,0.367988,0.472575,0.393348
extract_traces_time_sec,0.024763,0.024384,0.044035,0.024453,0.024241,0.021310,0.024871,0.031320,0.024887,0.024538,0.029543,0.053255,0.023535,0.024426,0.024050,0.023267,0.025129,0.064003,0.025376,0.044519,0.024694,0.024333,0.028387,0.061211
find_reactive_cmds_time_sec,0.000861,0.000897,0.001112,0.000891,0.000863,0.000748,0.000901,0.000908,0.000879,0.000877,0.000865,0.001050,0.000853,0.000899,0.001425,0.000787,0.000877,0.000865,0.000862,0.001416,0.000859,0.000887,0.000855,0.000869
find_proactive_cmds_time_sec,0.118460,0.113694,0.239074,0.130368,0.163624,0.127219,0.133951,0.216967,0.114245,0.115467,0.176536,0.199925,0.111576,0.116967,0.154502,0.195749,0.167352,0.172691,0.132118,0.167069,0.115571,0.114830,0.111580,0.276073
find_covered_races_time,0.113680,0.118095,0.127699,0.114022,0.117056,0.084461,0.062554,0.058380,0.046105,0.122002,0.040919,0.029258,0.087129,0.078887,0.108526,0.110527,0.063314,0.107831,0.093187,0.072285,0.050950,0.083049,0.045758,0.036661
per_packet_inconsistent_time_sec,0.036508,0.032252,0.023734,0.029203,0.030502,0.028973,0.016875,0.014641,0.013023,0.029567,0.009179,0.000838,0.029542,0.025446,0.025436,0.021458,0.018560,0.016923,0.021978,0.014065,0.012485,0.028535,0.009443,0.000797
find_inconsistent_update_time_sec,-0.001581,-0.001590,-0.001158,-0.001028,-0.002016,-0.000748,-0.000748,-0.000532,-0.000157,-0.001509,-0.000058,-0.000023,-0.000462,-0.000430,-0.000423,-0.000417,-0.000410,-0.000137,-0.000139,-0.000131,-0.000125,-0.000431,-0.000113,-0.000024
