key/t,False-0,False-1,False-2,False-3,False-4,False-5,False-6,False-7,False-8,False-9,False-10,False-inf,True-0,True-1,True-2,True-3,True-4,True-5,True-6,True-7,True-8,True-9,True-10,True-inf
total_time_sec,65.970205,68.944885,60.945358,61.498122,65.755690,59.208220,53.994617,54.136151,54.013021,61.613044,54.552301,47.089650,54.184696,41.438693,41.950632,39.395948,41.458772,35.993655,37.443164,37.732336,35.012138,48.017169,30.728398,33.314891
load_time_sec,28.430300,33.177734,28.602757,28.987740,30.538112,29.946065,28.544893,27.746681,26.912448,28.597480,27.539480,25.351359,26.749546,21.214361,21.615709,18.813640,22.130167,17.875175,19.365088,19.245219,16.260320,22.740582,12.878858,18.119917
detect_races_time_sec,17.602050,20.273743,16.081290,16.356206,18.142849,15.264176,13.509699,15.352478,15.949413,15.465381,14.905887,14.981891,14.511980,9.418150,11.186023,10.973233,10.420809,8.438150,11.285212,10.172042,10.851470,12.839607,11.841664,10.176727
extract_traces_time_sec,0.155618,0.174177,0.184596,0.301157,0.188089,0.256728,0.251174,0.323172,0.327353,0.256747,0.363907,1.043821,0.195383,0.124755,0.109737,0.099811,0.177258,0.209452,0.322867,0.226665,0.514533,0.153163,0.522552,0.738603
find_reactive_cmds_time_sec,0.025913,0.019187,0.018238,0.017910,0.018864,0.018828,0.021112,0.018867,0.017695,0.020580,0.014551,0.013881,0.024836,0.015622,0.011663,0.009535,0.017724,0.018096,0.010799,0.015473,0.017404,0.017520,0.011874,0.011601
find_proactive_cmds_time_sec,1.356060,1.734125,1.231013,1.385502,1.389353,1.251282,1.666130,1.396037,1.442710,1.759149,1.863174,1.309920,1.112090,0.987568,0.968577,0.972820,0.914816,1.277897,0.608363,1.201961,1.047076,0.968183,0.995192,0.913536
find_covered_races_time,2.679680,1.568427,1.723553,1.599039,1.664740,1.469058,1.123222,0.734502,0.922522,2.072642,0.823043,0.229903,1.281397,1.080955,0.708326,0.844161,0.629386,0.921405,0.418803,0.597769,0.529497,1.212794,0.447026,0.201343
per_packet_inconsistent_time_sec,2.415877,1.380168,1.474394,1.348000,1.450707,0.917836,0.762046,0.774468,0.488427,1.650722,0.395508,0.004438,1.908529,1.065286,0.605407,0.785828,0.784804,0.718158,0.369217,0.515783,0.456206,1.190985,0.321470,0.004387
find_inconsistent_update_time_sec,-0.607740,-0.075910,-0.070743,-0.069249,-0.059096,-0.043959,-0.031328,-0.013819,-0.001695,-0.073086,-0.000806,-0.000345,-0.020359,-0.011449,-0.008396,-0.008702,-0.007070,-0.004916,-0.002605,-0.002914,-0.001906,-0.016063,-0.000576,-0.000228
