key/t,False-0,False-1,False-2,False-3,False-4,False-5,False-6,False-7,False-8,False-9,False-10,False-inf,True-0,True-1,True-2,True-3,True-4,True-5,True-6,True-7,True-8,True-9,True-10,True-inf
total_time_sec,22.900712,25.453766,28.402170,29.225246,26.252410,26.788987,27.017471,27.824781,26.747170,26.444304,26.608027,28.268203,23.368742,34.097897,26.301476,25.572468,25.860037,26.386474,26.036715,27.502324,32.283413,33.634356,26.819753,36.664666
load_time_sec,12.795138,13.274897,14.973382,13.017230,12.969996,13.601411,13.486057,13.827609,12.984905,12.650752,12.637745,13.343920,12.724246,22.033169,13.156155,12.816949,12.705211,13.046958,12.778755,13.500778,17.893582,13.307378,12.816135,17.486933
detect_races_time_sec,6.943318,7.140042,7.513658,9.433923,7.371335,6.771107,6.792135,6.948311,6.850768,6.696981,6.799555,6.961543,7.161940,6.799027,6.737284,6.806660,6.855672,6.638086,6.620531,6.593328,7.127052,7.117162,6.846005,11.096043
extract_traces_time_sec,0.652590,0.464177,0.508448,0.286590,0.420625,0.126303,0.107998,0.101674,0.090335,0.087415,0.091005,0.099445,0.757238,0.191313,0.169250,0.148202,0.136362,0.119299,0.105350,0.095516,0.098654,0.089325,0.091567,0.078133
find_reactive_cmds_time_sec,0.005370,0.004853,0.010003,0.011493,0.008703,0.007785,0.009269,0.010045,0.007836,0.007603,0.008304,0.012033,0.005898,0.005806,0.009682,0.008792,0.009327,0.008531,0.009980,0.008332,0.009515,0.007786,0.009328,0.007104
find_proactive_cmds_time_sec,0.656401,0.659078,0.683464,1.153569,0.713324,1.014911,0.976578,1.003969,0.948586,0.648568,0.644372,0.805938,0.732749,0.967604,1.079559,0.950082,1.022185,0.633850,0.640569,0.667865,0.685627,1.045493,0.934565,0.668056
find_covered_races_time,0.093428,0.294652,0.408396,0.518439,0.505600,0.570670,0.672297,0.728301,0.785218,0.866266,0.801451,1.035366,0.096782,0.291576,0.425510,0.458418,0.573926,0.644721,0.762508,1.135289,0.977112,1.047961,0.945550,1.100603
per_packet_inconsistent_time_sec,0.003457,0.259793,0.368348,0.434465,0.489071,0.582657,0.640993,0.691697,0.743834,0.776585,0.801121,1.458237,0.003560,0.267540,0.371998,0.491995,0.544110,0.600065,0.681960,0.759300,0.831214,1.652976,0.870866,1.223596
find_inconsistent_update_time_sec,-0.000181,0.000000,-0.001028,-0.002070,-0.002024,-0.002841,-0.003985,-0.004216,-0.006948,-0.006355,-0.007134,-0.010372,-0.000190,-0.000434,-0.001744,-0.011803,-0.023140,-0.033229,-0.041140,-0.047608,-0.059595,-0.094758,-0.050291,-0.427172
