key/t,False-0,False-1,False-2,False-3,False-4,False-5,False-6,False-7,False-8,False-9,False-10,False-inf,True-0,True-1,True-2,True-3,True-4,True-5,True-6,True-7,True-8,True-9,True-10,True-inf
total_time_sec,24.064320,29.315991,26.617438,27.475824,27.411119,27.883132,35.439306,30.145123,33.002239,36.148472,28.980594,31.808356,25.152872,27.025287,27.480003,33.091798,27.706002,30.943929,28.070071,29.546709,29.158588,28.895224,30.039429,32.092083
load_time_sec,13.624829,15.898899,13.784877,14.451974,13.534231,13.603067,15.805987,14.448667,14.006342,14.713806,13.555589,13.835759,13.326964,14.102520,14.309096,16.529736,13.508920,15.611287,13.373972,15.081179,14.216703,13.715727,13.607007,15.896061
detect_races_time_sec,7.082725,8.106704,6.992600,7.083711,7.292857,7.316726,12.640474,7.618902,7.146346,13.279339,6.921461,7.609607,8.188104,7.354777,7.459978,9.891716,7.318172,7.828776,7.470200,6.973503,7.043034,7.308062,8.225786,7.778632
extract_traces_time_sec,0.654584,0.501411,0.484695,0.145116,0.507828,0.132882,0.106900,0.110443,0.112053,0.096225,0.090281,0.094945,0.766739,0.183947,0.188723,0.208637,0.146150,0.133195,0.145859,0.152105,0.107990,0.098540,0.097611,0.128196
find_reactive_cmds_time_sec,0.005569,0.005912,0.009079,0.008180,0.009804,0.008390,0.009446,0.010263,0.010179,0.008578,0.008480,0.011835,0.005443,0.006621,0.010424,0.010138,0.010556,0.010089,0.007984,0.022351,0.009300,0.009806,0.008735,0.013446
find_proactive_cmds_time_sec,0.662800,0.677136,0.676818,0.995159,0.692754,0.993561,1.005411,1.048461,1.106252,0.662838,0.661364,0.752126,0.704266,1.005100,1.002515,1.016731,1.043926,0.671224,0.676067,0.784970,0.848253,1.001341,1.004821,0.822488
find_covered_races_time,0.100769,0.314912,0.400839,0.467122,0.543694,0.606243,0.683084,0.855318,0.941557,0.830349,0.826907,1.092615,0.102251,0.308946,0.389879,0.657636,0.584419,0.683978,0.879766,0.866541,0.979431,0.997347,1.100309,1.119614
per_packet_inconsistent_time_sec,0.003115,0.283482,0.389762,0.439263,0.522281,0.589165,0.676430,0.700027,0.799053,0.790089,0.846143,1.587985,0.004435,0.287077,0.361818,0.421450,0.596283,0.818542,0.683544,0.808639,0.813045,0.943569,0.893618,1.320688
find_inconsistent_update_time_sec,-0.000184,-0.000428,-0.001121,-0.001752,-0.002138,-0.002431,-0.004415,-0.005502,-0.008756,-0.007608,-0.008059,-0.012207,-0.000198,-0.000428,-0.001343,-0.010822,-0.025230,-0.055318,-0.045800,-0.050475,-0.052623,-0.059403,-0.055450,-0.454961
