key/t,False-0,False-1,False-2,False-3,False-4,False-5,False-6,False-7,False-8,False-9,False-10,False-inf,True-0,True-1,True-2,True-3,True-4,True-5,True-6,True-7,True-8,True-9,True-10,True-inf
total_time_sec,0.249421,0.255425,0.243822,0.272555,0.259940,0.264281,0.270980,0.289859,0.302137,0.305178,0.296593,0.271696,0.240301,0.264707,0.254957,0.250412,0.260588,0.280724,0.282707,0.289247,0.296727,0.325493,0.325091,0.298737
load_time_sec,0.164826,0.168110,0.149271,0.161429,0.152620,0.151270,0.149575,0.160263,0.165752,0.160384,0.150666,0.158434,0.157501,0.170821,0.163178,0.147064,0.154820,0.165006,0.156435,0.155888,0.147812,0.174261,0.165781,0.169502
detect_races_time_sec,0.048065,0.047295,0.044488,0.046041,0.041978,0.044112,0.044436,0.041714,0.044575,0.042703,0.040440,0.041015,0.048767,0.049390,0.045804,0.043930,0.044462,0.041858,0.047337,0.041935,0.043368,0.046634,0.045713,0.041234
extract_traces_time_sec,0.015931,0.012229,0.009411,0.012585,0.006579,0.006676,0.006877,0.006393,0.007324,0.005547,0.005613,0.004506,0.016234,0.012621,0.008274,0.007703,0.007443,0.006118,0.006103,0.006130,0.005726,0.005730,0.005896,0.004660
find_reactive_cmds_time_sec,0.000613,0.000431,0.000486,0.001146,0.000538,0.000466,0.000495,0.000514,0.000584,0.000469,0.000460,0.000612,0.000485,0.000469,0.000581,0.000524,0.000469,0.000414,0.000464,0.000503,0.000455,0.000475,0.000480,0.000479
find_proactive_cmds_time_sec,0.013688,0.012551,0.013660,0.012846,0.012530,0.012771,0.012028,0.011317,0.012390,0.012712,0.012043,0.012155,0.011462,0.014871,0.012600,0.013936,0.013563,0.014092,0.013492,0.011794,0.013939,0.012107,0.012503,0.027007
find_covered_races_time,0.005991,0.013802,0.024674,0.035474,0.042157,0.045507,0.053260,0.063067,0.066016,0.077546,0.080502,0.044446,0.005628,0.015499,0.022488,0.034556,0.036418,0.047581,0.052863,0.067888,0.080039,0.079303,0.086975,0.045030
per_packet_inconsistent_time_sec,0.000236,0.000943,0.001670,0.002868,0.003300,0.003262,0.004093,0.006310,0.005266,0.005578,0.006585,0.010254,0.000166,0.000968,0.001854,0.002526,0.003182,0.005364,0.005630,0.004829,0.005108,0.006669,0.006320,0.010519
find_inconsistent_update_time_sec,-0.000010,-0.000020,-0.000116,-0.000119,-0.000189,-0.000171,-0.000170,-0.000225,-0.000182,-0.000182,-0.000228,-0.000213,-0.000007,-0.000024,-0.000130,-0.000117,-0.000186,-0.000237,-0.000312,-0.000226,-0.000221,-0.000257,-0.001374,-0.000248
