key/t,False-0,False-1,False-2,False-3,False-4,False-5,False-6,False-7,False-8,False-9,False-10,False-inf
total_time_sec,0.146011,0.149725,0.159539,0.161098,0.165035,0.164257,0.165566,0.165646,0.171102,0.180763,0.180312,0.175092
load_time_sec,0.092332,0.092227,0.093057,0.092474,0.094502,0.092309,0.093284,0.091843,0.092123,0.093456,0.093672,0.093734
detect_races_time_sec,0.030541,0.030526,0.029875,0.029494,0.028241,0.027601,0.027644,0.027545,0.026366,0.026544,0.025761,0.023723
extract_traces_time_sec,0.007404,0.006897,0.006598,0.006401,0.005922,0.005277,0.005163,0.004958,0.004387,0.004122,0.004050,0.004073
find_reactive_cmds_time_sec,0.000374,0.000388,0.000386,0.000375,0.000384,0.000385,0.000383,0.000380,0.000371,0.000374,0.000376,0.000361
find_proactive_cmds_time_sec,0.003901,0.003942,0.004036,0.003968,0.004061,0.003920,0.004040,0.004018,0.003956,0.003976,0.004001,0.003949
find_covered_races_time,0.011276,0.015110,0.024745,0.027364,0.030667,0.033286,0.033476,0.035177,0.041785,0.049793,0.049732,0.044232
per_packet_inconsistent_time_sec,0.000162,0.000610,0.000788,0.000967,0.001177,0.001395,0.001490,0.001637,0.001993,0.002209,0.002404,0.004785
find_inconsistent_update_time_sec,0.000011,0.000016,0.000044,0.000045,0.000071,0.000074,0.000076,0.000078,0.000111,0.000278,0.000305,0.000224
