key/t,False-0,False-1,False-2,False-3,False-4,False-5,False-6,False-7,False-8,False-9,False-10,False-inf
total_time_sec,0.166838,0.164266,0.171332,0.178308,0.174438,0.180216,0.175086,0.186336,0.188727,0.195643,0.191430,0.190019
load_time_sec,0.107115,0.102058,0.100829,0.105692,0.100453,0.100572,0.100494,0.110179,0.099640,0.104295,0.099679,0.107094
detect_races_time_sec,0.029516,0.029218,0.028396,0.028212,0.027078,0.026575,0.026533,0.025590,0.025227,0.024985,0.024574,0.021947
extract_traces_time_sec,0.006237,0.005759,0.005390,0.005485,0.004886,0.004414,0.004199,0.004099,0.003987,0.003335,0.003262,0.003285
find_reactive_cmds_time_sec,0.000362,0.000348,0.000324,0.000390,0.000385,0.000325,0.000321,0.000359,0.000377,0.000368,0.000338,0.000298
find_proactive_cmds_time_sec,0.012462,0.012315,0.011483,0.012564,0.012643,0.011998,0.012098,0.012507,0.015562,0.011864,0.011940,0.011956
find_covered_races_time,0.010958,0.013817,0.024053,0.024830,0.027664,0.034561,0.029855,0.031785,0.041681,0.048158,0.048094,0.040111
per_packet_inconsistent_time_sec,0.000145,0.000705,0.000787,0.001053,0.001210,0.001668,0.001487,0.001665,0.002092,0.002471,0.003310,0.005085
find_inconsistent_update_time_sec,-0.000009,-0.000013,-0.000039,-0.000050,-0.000077,-0.000069,-0.000068,-0.000110,-0.000128,-0.000132,-0.000196,-0.000212
