key/t,False-0,False-1,False-2,False-3,False-4,False-5,False-6,False-7,False-8,False-9,False-10,False-inf,True-0,True-1,True-2,True-3,True-4,True-5,True-6,True-7,True-8,True-9,True-10,True-inf
total_time_sec,0.239663,0.282151,0.255076,0.247447,0.250857,0.263814,0.286155,0.289586,0.286874,0.284280,0.294028,0.254534,0.242155,0.240154,0.239655,0.260697,0.248069,0.274575,0.274761,0.273503,0.292794,0.301478,0.301463,0.270127
load_time_sec,0.153523,0.168274,0.157577,0.150830,0.145472,0.155640,0.162367,0.158001,0.158344,0.153277,0.151975,0.149365,0.157378,0.148531,0.149478,0.161443,0.147368,0.159743,0.152487,0.146361,0.158898,0.162976,0.152538,0.152892
detect_races_time_sec,0.049416,0.066873,0.050394,0.041488,0.046330,0.042327,0.043975,0.044921,0.041113,0.040568,0.039885,0.038312,0.050276,0.052237,0.043916,0.045568,0.042293,0.045423,0.043624,0.040583,0.041442,0.040845,0.040212,0.043499
extract_traces_time_sec,0.016497,0.015292,0.008840,0.006624,0.006812,0.006759,0.006458,0.006228,0.006259,0.005375,0.005534,0.004281,0.014343,0.012957,0.009972,0.006823,0.006760,0.006689,0.006028,0.006441,0.006110,0.006336,0.005317,0.004197
find_reactive_cmds_time_sec,0.000627,0.000599,0.000528,0.000623,0.000775,0.000522,0.000560,0.000481,0.000476,0.000421,0.000518,0.000397,0.000460,0.000432,0.000486,0.000619,0.000509,0.000472,0.000466,0.000469,0.000661,0.000493,0.000447,0.000411
find_proactive_cmds_time_sec,0.013245,0.012640,0.012769,0.012757,0.014412,0.013156,0.013261,0.011794,0.011949,0.012525,0.013757,0.011548,0.013136,0.011307,0.012070,0.012971,0.013114,0.015638,0.013557,0.013083,0.012177,0.012356,0.013074,0.012865
find_covered_races_time,0.006088,0.017226,0.023058,0.032463,0.033517,0.041899,0.055391,0.061308,0.063715,0.066343,0.075925,0.040727,0.006291,0.013622,0.020634,0.030543,0.033613,0.042902,0.054041,0.061510,0.068099,0.072451,0.082089,0.045124
per_packet_inconsistent_time_sec,0.000190,0.001172,0.001731,0.002471,0.003279,0.003203,0.003890,0.006539,0.004768,0.005499,0.006176,0.009621,0.000209,0.000984,0.002736,0.002542,0.004059,0.003434,0.004242,0.004728,0.005078,0.005688,0.006308,0.010757
find_inconsistent_update_time_sec,-0.000007,-0.000024,-0.000121,-0.000140,-0.000208,-0.000255,-0.000208,-0.000260,-0.000205,-0.000217,-0.000210,-0.000226,-0.000009,-0.000026,-0.000277,-0.000138,-0.000276,-0.000224,-0.000272,-0.000268,-0.000267,-0.000273,-0.001426,-0.000327
