key/t,False-0,False-1,False-2,False-3,False-4,False-5,False-6,False-7,False-8,False-9,False-10,False-inf
total_time_sec,0.148803,0.135083,0.161813,0.157821,0.145885,0.167395,0.148427,0.168749,0.154936,0.161684,0.178874,0.173491
load_time_sec,0.093057,0.082530,0.093347,0.086291,0.082414,0.093085,0.083491,0.093165,0.083044,0.083811,0.092048,0.092093
detect_races_time_sec,0.031241,0.027426,0.030606,0.030404,0.025456,0.028439,0.024949,0.027827,0.024124,0.023560,0.026006,0.023870
extract_traces_time_sec,0.007613,0.006269,0.006652,0.006674,0.005309,0.005435,0.004653,0.005027,0.004050,0.003692,0.004102,0.004103
find_reactive_cmds_time_sec,0.000588,0.000549,0.000605,0.000701,0.000504,0.000581,0.000544,0.000578,0.000512,0.000529,0.000555,0.000523
find_proactive_cmds_time_sec,0.004584,0.004236,0.004686,0.005079,0.004057,0.004683,0.004253,0.004666,0.004227,0.004200,0.004441,0.004432
find_covered_races_time,0.011483,0.013419,0.024973,0.027505,0.026951,0.033568,0.029028,0.035668,0.037016,0.043538,0.048857,0.043288
per_packet_inconsistent_time_sec,0.000210,0.000625,0.000877,0.001092,0.001105,0.001500,0.001415,0.001711,0.001829,0.002009,0.002457,0.004898
find_inconsistent_update_time_sec,0.000012,0.000015,0.000052,0.000055,0.000075,0.000089,0.000080,0.000092,0.000120,0.000328,0.000391,0.000268
