key/t,False-0,False-1,False-2,False-3,False-4,False-5,False-6,False-7,False-8,False-9,False-10,False-inf
total_time_sec,0.213211,0.220393,0.224533,0.238126,0.233783,0.258220,0.250369,0.276656,0.263285,0.263694,0.277880,0.240367
load_time_sec,0.138092,0.138743,0.141064,0.146939,0.136739,0.145004,0.141656,0.146401,0.140177,0.142484,0.145668,0.137316
detect_races_time_sec,0.044711,0.043968,0.040976,0.040956,0.041166,0.041642,0.039418,0.042339,0.038592,0.038941,0.038052,0.034817
extract_traces_time_sec,0.012912,0.011733,0.007590,0.006260,0.005857,0.007744,0.005487,0.007118,0.005340,0.005076,0.004879,0.003881
find_reactive_cmds_time_sec,0.000392,0.000469,0.000396,0.000411,0.000393,0.000470,0.000385,0.000452,0.000388,0.000383,0.000379,0.000377
find_proactive_cmds_time_sec,0.011625,0.010951,0.012232,0.011832,0.012939,0.012583,0.012015,0.012680,0.012688,0.010718,0.013209,0.013243
find_covered_races_time,0.005227,0.013475,0.020240,0.028986,0.032549,0.046672,0.046738,0.062417,0.059174,0.060106,0.068850,0.039829
per_packet_inconsistent_time_sec,0.000209,0.000999,0.001859,0.002577,0.003817,0.003828,0.004427,0.004987,0.006555,0.005731,0.006546,0.010611
find_inconsistent_update_time_sec,-0.000008,-0.000024,-0.000141,-0.000133,-0.000285,-0.000238,-0.000211,-0.000220,-0.000322,-0.000224,-0.000263,-0.000259
