key/t,False-0,False-1,False-2,False-3,False-4,False-5,False-6,False-7,False-8,False-9,False-10,False-inf
total_time_sec,0.170949,0.171128,0.182830,0.183021,0.180794,0.191488,0.181786,0.200212,0.205121,0.206627,0.193627,0.211519
load_time_sec,0.112251,0.108844,0.108753,0.105895,0.101505,0.110598,0.102421,0.115960,0.113108,0.110291,0.106514,0.115071
detect_races_time_sec,0.029971,0.029458,0.032626,0.028649,0.026579,0.027127,0.026833,0.027793,0.025755,0.028908,0.024739,0.028627
extract_traces_time_sec,0.006394,0.005976,0.005405,0.005369,0.004799,0.004727,0.004383,0.007208,0.005097,0.003486,0.003289,0.003538
find_reactive_cmds_time_sec,0.000369,0.000390,0.000331,0.000359,0.000323,0.000358,0.000374,0.000711,0.000473,0.000365,0.000320,0.000358
find_proactive_cmds_time_sec,0.011473,0.011847,0.012074,0.011654,0.011496,0.011760,0.013837,0.013644,0.012278,0.013522,0.011105,0.012544
find_covered_races_time,0.010308,0.013914,0.022743,0.029710,0.033523,0.035270,0.032084,0.032951,0.045419,0.047599,0.044949,0.045814
per_packet_inconsistent_time_sec,0.000142,0.000652,0.000823,0.001284,0.002423,0.001540,0.001751,0.001828,0.002798,0.002290,0.002491,0.005308
find_inconsistent_update_time_sec,-0.000009,-0.000013,-0.000039,-0.000055,-0.000096,-0.000070,-0.000068,-0.000072,-0.000128,-0.000131,-0.000184,-0.000220
