key/t,False-0,False-1,False-2,False-3,False-4,False-5,False-6,False-7,False-8,False-9,False-10,False-inf
total_time_sec,0.110169,0.131501,0.117677,0.121416,0.112812,0.109830,0.129712,0.129597,0.131807,0.113137,0.118960,0.119335
load_time_sec,0.073714,0.087005,0.079714,0.079985,0.075629,0.072258,0.086297,0.085418,0.088893,0.072828,0.077939,0.073368
detect_races_time_sec,0.013277,0.014540,0.012701,0.013538,0.012330,0.012614,0.014111,0.014649,0.013599,0.011718,0.013205,0.013436
extract_traces_time_sec,0.006104,0.008015,0.005298,0.005962,0.005239,0.004107,0.005256,0.005017,0.003989,0.003614,0.003730,0.003392
find_reactive_cmds_time_sec,0.000248,0.000338,0.000201,0.000404,0.000226,0.000203,0.000267,0.000268,0.000217,0.000199,0.000215,0.000201
find_proactive_cmds_time_sec,0.010982,0.013070,0.011220,0.013117,0.011095,0.012054,0.014058,0.013531,0.014321,0.012948,0.012616,0.015886
find_covered_races_time,0.005676,0.007656,0.007841,0.007741,0.007471,0.007807,0.008747,0.009733,0.009407,0.010478,0.009904,0.011097
per_packet_inconsistent_time_sec,0.000132,0.000816,0.000659,0.000625,0.000777,0.000746,0.000924,0.000927,0.001326,0.001298,0.001295,0.001895
find_inconsistent_update_time_sec,-0.000006,-0.000015,-0.000011,-0.000011,-0.000013,-0.000011,-0.000014,-0.000019,-0.000019,-0.000020,-0.000020,-0.000028
