key/t,False-0,False-1,False-2,False-3,False-4,False-5,False-6,False-7,False-8,False-9,False-10,False-inf
total_time_sec,0.101923,0.080882,0.080273,0.082286,0.080398,0.095674,0.102363,0.103042,0.104344,0.107253,0.104356,0.107166
load_time_sec,0.070776,0.056127,0.055637,0.056923,0.055653,0.065443,0.070297,0.070835,0.071285,0.073812,0.070995,0.072378
detect_races_time_sec,0.014208,0.010777,0.010298,0.010658,0.010209,0.012410,0.013152,0.013101,0.012829,0.012848,0.012740,0.011923
extract_traces_time_sec,0.006289,0.004659,0.004158,0.004228,0.003967,0.004740,0.004938,0.004833,0.004687,0.004505,0.004337,0.004003
find_reactive_cmds_time_sec,0.000336,0.000281,0.000264,0.000283,0.000262,0.000352,0.000327,0.000340,0.000337,0.000351,0.000345,0.000341
find_proactive_cmds_time_sec,0.004060,0.003487,0.003502,0.003594,0.003475,0.004357,0.004110,0.004180,0.004146,0.004270,0.004212,0.004237
find_covered_races_time,0.006095,0.005105,0.005915,0.006075,0.006260,0.007566,0.008652,0.008804,0.009927,0.010211,0.010470,0.012418
per_packet_inconsistent_time_sec,0.000141,0.000425,0.000478,0.000502,0.000550,0.000773,0.000859,0.000919,0.001101,0.001220,0.001220,0.001821
find_inconsistent_update_time_sec,0.000008,0.000010,0.000010,0.000011,0.000013,0.000017,0.000018,0.000019,0.000022,0.000024,0.000024,0.000034
