key/t,False-0,False-1,False-2,False-3,False-4,False-5,False-6,False-7,False-8,False-9,False-10,False-inf,True-0,True-1,True-2,True-3,True-4,True-5,True-6,True-7,True-8,True-9,True-10,True-inf
total_time_sec,1.020180,1.020171,1.009790,1.095685,1.169900,1.169506,1.286296,1.332232,1.285538,1.275674,1.880798,1.336657,0.924227,0.983597,1.035577,1.148899,1.138409,1.201469,1.292256,1.200826,1.245715,1.198358,1.304244,1.207967
load_time_sec,0.602685,0.559238,0.503773,0.530780,0.523886,0.537045,0.526132,0.502112,0.571913,0.509150,0.923630,0.538661,0.516525,0.517335,0.545329,0.518457,0.516171,0.565463,0.580625,0.515924,0.528280,0.509167,0.571818,0.530649
detect_races_time_sec,0.114563,0.084233,0.080302,0.086451,0.084466,0.082039,0.082099,0.092568,0.081146,0.083876,0.133457,0.082428,0.089779,0.083306,0.082998,0.081042,0.081608,0.087779,0.091498,0.087166,0.089012,0.080802,0.086318,0.083961
extract_traces_time_sec,0.018095,0.010736,0.010328,0.011328,0.010396,0.010836,0.010344,0.020841,0.009559,0.012169,0.017102,0.011262,0.016627,0.011475,0.010938,0.009837,0.009738,0.011000,0.011082,0.012169,0.011042,0.009697,0.011836,0.011667
find_reactive_cmds_time_sec,0.000156,0.000166,0.000154,0.000207,0.000175,0.000154,0.000162,0.000266,0.000162,0.000156,0.000165,0.000156,0.000161,0.000157,0.000153,0.000157,0.000357,0.000253,0.000158,0.000151,0.000163,0.000156,0.000155,0.000170
find_proactive_cmds_time_sec,0.082305,0.088238,0.083570,0.091098,0.085653,0.085463,0.089591,0.120531,0.077798,0.085688,0.121371,0.081707,0.087994,0.084371,0.078273,0.080234,0.083678,0.089627,0.084332,0.086536,0.090211,0.089147,0.092622,0.085859
find_covered_races_time,0.008800,0.013056,0.013793,0.014014,0.016101,0.017816,0.018543,0.019548,0.021159,0.020439,0.025583,0.023388,0.025006,0.012222,0.013046,0.019895,0.023378,0.028358,0.035976,0.029269,0.032292,0.030479,0.027973,0.031046
per_packet_inconsistent_time_sec,0.000469,0.003430,0.004634,0.005940,0.007602,0.010024,0.009508,0.010806,0.011201,0.011884,0.016446,0.012205,0.000490,0.003199,0.004798,0.006069,0.010194,0.009477,0.009205,0.010574,0.012462,0.012686,0.013666,0.013268
find_inconsistent_update_time_sec,-0.000010,-0.000017,-0.000018,-0.000022,-0.000024,-0.000027,-0.000030,-0.000030,-0.000033,-0.000033,-0.000041,-0.000034,-0.000010,-0.000016,-0.000045,-0.000097,-0.000216,-0.000126,-0.000136,-0.000128,-0.000132,-0.000131,-0.000133,-0.000135
