key/t,False-0,False-1,False-2,False-3,False-4,False-5,False-6,False-7,False-8,False-9,False-10,False-inf,True-0,True-1,True-2,True-3,True-4,True-5,True-6,True-7,True-8,True-9,True-10,True-inf
total_time_sec,2.060695,2.050880,2.447781,3.039184,2.189658,2.399432,2.702789,3.049603,3.105545,3.279987,3.210959,3.358948,2.086381,2.324052,2.485856,2.386234,2.518234,2.381298,2.309753,2.395540,2.621998,2.783791,2.772612,2.758041
load_time_sec,1.215322,1.032581,1.409546,1.435211,1.035666,1.175917,1.244516,1.381882,1.438210,1.528426,1.215459,1.617034,1.282674,1.088727,1.246244,1.243890,1.232361,1.184447,0.966706,1.170744,1.100844,1.291216,1.167841,0.970947
detect_races_time_sec,0.240764,0.212102,0.198751,0.284255,0.173304,0.175614,0.172985,0.313743,0.208763,0.392082,0.295057,0.177279,0.197551,0.249840,0.197774,0.209953,0.314488,0.199746,0.175309,0.232498,0.162432,0.138028,0.202217,0.177569
extract_traces_time_sec,0.035583,0.025818,0.030215,0.031949,0.021431,0.020405,0.021245,0.025911,0.040217,0.036411,0.021462,0.021080,0.032998,0.042540,0.025538,0.024977,0.024226,0.020422,0.021343,0.019962,0.022565,0.019650,0.021353,0.019866
find_reactive_cmds_time_sec,0.000515,0.000401,0.000326,0.000436,0.000398,0.000392,0.000406,0.000385,0.001497,0.000379,0.000406,0.000395,0.000352,0.000367,0.000387,0.000421,0.000379,0.000392,0.000421,0.000403,0.000392,0.000346,0.000388,0.000427
find_proactive_cmds_time_sec,0.181677,0.143240,0.160099,0.267600,0.116459,0.116742,0.110789,0.181660,0.239944,0.196633,0.120407,0.114598,0.118338,0.189910,0.146487,0.138389,0.127669,0.113695,0.124431,0.111294,0.144596,0.207064,0.111319,0.108502
find_covered_races_time,0.027899,0.046564,0.035078,0.033352,0.035094,0.035886,0.041731,0.080662,0.087623,0.097425,0.084927,0.041615,0.017575,0.051813,0.067192,0.048612,0.049874,0.053902,0.057183,0.058922,0.066985,0.074918,0.060632,0.049633
per_packet_inconsistent_time_sec,0.001389,0.005925,0.010899,0.012959,0.015347,0.018812,0.030222,0.048680,0.023891,0.031865,0.058840,0.027550,0.000832,0.006934,0.011857,0.013972,0.018926,0.016146,0.026929,0.019505,0.055405,0.019132,0.025789,0.020794
find_inconsistent_update_time_sec,-0.000013,-0.000022,-0.000053,-0.000037,-0.000041,-0.000049,-0.000059,-0.000065,-0.000063,-0.000060,-0.000065,-0.000069,-0.000012,-0.000026,-0.000125,-0.000183,-0.000239,-0.000245,-0.000269,-0.000264,-0.000265,-0.000274,-0.000339,-0.000259
