key/t,False-0,False-1,False-2,False-3,False-4,False-5,False-6,False-7,False-8,False-9,False-10,False-inf,True-0,True-1,True-2,True-3,True-4,True-5,True-6,True-7,True-8,True-9,True-10,True-inf
total_time_sec,2.758041,2.783791,2.621998,2.395540,2.309753,2.381298,2.518234,2.386234,2.485856,2.772612,2.324052,2.086381,3.358948,3.279987,3.105545,3.049603,2.702789,2.399432,2.189658,3.039184,2.447781,3.210959,2.050880,2.060695
load_time_sec,0.970947,1.291216,1.100844,1.170744,0.966706,1.184447,1.232361,1.243890,1.246244,1.167841,1.088727,1.282674,1.617034,1.528426,1.438210,1.381882,1.244516,1.175917,1.035666,1.435211,1.409546,1.215459,1.032581,1.215322
detect_races_time_sec,0.177569,0.138028,0.162432,0.232498,0.175309,0.199746,0.314488,0.209953,0.197774,0.202217,0.249840,0.197551,0.177279,0.392082,0.208763,0.313743,0.172985,0.175614,0.173304,0.284255,0.198751,0.295057,0.212102,0.240764
extract_traces_time_sec,0.019866,0.019650,0.022565,0.019962,0.021343,0.020422,0.024226,0.024977,0.025538,0.021353,0.042540,0.032998,0.021080,0.036411,0.040217,0.025911,0.021245,0.020405,0.021431,0.031949,0.030215,0.021462,0.025818,0.035583
find_reactive_cmds_time_sec,0.000427,0.000346,0.000392,0.000403,0.000421,0.000392,0.000379,0.000421,0.000387,0.000388,0.000367,0.000352,0.000395,0.000379,0.001497,0.000385,0.000406,0.000392,0.000398,0.000436,0.000326,0.000406,0.000401,0.000515
find_proactive_cmds_time_sec,0.108502,0.207064,0.144596,0.111294,0.124431,0.113695,0.127669,0.138389,0.146487,0.111319,0.189910,0.118338,0.114598,0.196633,0.239944,0.181660,0.110789,0.116742,0.116459,0.267600,0.160099,0.120407,0.143240,0.181677
find_covered_races_time,0.049633,0.074918,0.066985,0.058922,0.057183,0.053902,0.049874,0.048612,0.067192,0.060632,0.051813,0.017575,0.041615,0.097425,0.087623,0.080662,0.041731,0.035886,0.035094,0.033352,0.035078,0.084927,0.046564,0.027899
per_packet_inconsistent_time_sec,0.020794,0.019132,0.055405,0.019505,0.026929,0.016146,0.018926,0.013972,0.011857,0.025789,0.006934,0.000832,0.027550,0.031865,0.023891,0.048680,0.030222,0.018812,0.015347,0.012959,0.010899,0.058840,0.005925,0.001389
find_inconsistent_update_time_sec,-0.000259,-0.000274,-0.000265,-0.000264,-0.000269,-0.000245,-0.000239,-0.000183,-0.000125,-0.000339,-0.000026,-0.000012,-0.000069,-0.000060,-0.000063,-0.000065,-0.000059,-0.000049,-0.000041,-0.000037,-0.000053,-0.000065,-0.000022,-0.000013
