key/t,False-0,False-1,False-2,False-3,False-4,False-5,False-6,False-7,False-8,False-9,False-10,False-inf,True-0,True-1,True-2,True-3,True-4,True-5,True-6,True-7,True-8,True-9,True-10,True-inf
total_time_sec,3.984660,4.024526,3.931416,3.663651,3.567990,3.236793,3.057275,2.593449,2.315300,4.290409,2.287860,1.974212,3.747379,3.354837,3.172683,3.027424,2.940466,2.845365,2.646269,2.452964,2.405806,3.345459,2.244815,2.173057
load_time_sec,0.681316,0.684242,0.680218,0.726614,0.701074,0.679974,0.680169,0.706476,0.681991,0.700975,0.763697,0.687201,0.697150,0.699600,0.714934,0.711639,0.686074,0.709743,0.688029,0.677900,0.756409,0.700536,0.693612,0.783945
detect_races_time_sec,0.121897,0.132105,0.138755,0.130609,0.138326,0.131857,0.147871,0.134743,0.136077,0.133157,0.145280,0.150584,0.119721,0.146654,0.150169,0.130079,0.135679,0.133108,0.140487,0.137203,0.135055,0.137209,0.140433,0.146366
extract_traces_time_sec,0.071797,0.092340,0.111177,0.092765,0.101520,0.100303,0.102447,0.092046,0.103812,0.088400,0.101622,0.112917,0.071372,0.098301,0.091589,0.088693,0.100990,0.096185,0.106051,0.092202,0.094244,0.095563,0.100034,0.125882
find_reactive_cmds_time_sec,0.000184,0.000277,0.000370,0.000299,0.000307,0.000314,0.001969,0.000317,0.000347,0.000282,0.000000,0.000356,0.000187,0.000298,0.000253,0.000257,0.000317,0.000308,0.000350,0.000332,0.000330,0.000275,0.000347,0.000398
find_proactive_cmds_time_sec,0.076230,0.084259,0.089413,0.083002,0.082793,0.083943,0.083118,0.078381,0.079448,0.087106,0.085334,0.081996,0.082756,0.098040,0.085887,0.080180,0.086795,0.086250,0.084597,0.080698,0.077847,0.091808,0.078246,0.097942
find_covered_races_time,1.480122,2.050449,1.970195,1.769561,1.677566,1.415417,1.323035,0.906559,0.688814,2.232263,0.608409,0.438194,1.185458,1.264047,1.197521,1.120196,1.111658,1.049914,0.911911,0.803889,0.711375,1.308010,0.592679,0.439821
per_packet_inconsistent_time_sec,0.138201,0.045502,0.041369,0.035803,0.032259,0.026813,0.020656,0.017295,0.009863,0.058661,0.006257,0.001184,0.139080,0.053512,0.043134,0.038944,0.032602,0.026975,0.020029,0.014695,0.010465,0.053145,0.006239,0.001480
find_inconsistent_update_time_sec,-0.000164,-0.000079,-0.000086,-0.000072,-0.000065,-0.000068,-0.000054,-0.000050,-0.000021,-0.000083,0.000000,-0.000008,-0.000117,-0.000067,-0.000051,0.000000,-0.000194,-0.000044,-0.000026,-0.000022,-0.000017,0.000000,-0.000013,-0.000010
