key/t,False-0,False-1,False-2,False-3,False-4,False-5,False-6,False-7,False-8,False-9,False-10,False-inf,True-0,True-1,True-2,True-3,True-4,True-5,True-6,True-7,True-8,True-9,True-10,True-inf
total_time_sec,1.090544,1.238181,1.303920,1.399920,1.471683,1.587367,1.602018,1.669546,1.710149,1.806032,1.776534,1.779048,1.047223,1.259402,1.299123,1.500254,1.677613,1.877473,2.090294,2.204616,2.270840,2.517552,2.603986,1.922349
load_time_sec,0.505245,0.521231,0.512129,0.506518,0.511250,0.529577,0.497366,0.501744,0.506714,0.525935,0.499236,0.527930,0.491173,0.515947,0.523079,0.518353,0.500369,0.511695,0.495565,0.533728,0.500677,0.534956,0.514509,0.496389
detect_races_time_sec,0.115380,0.115283,0.112713,0.117086,0.113663,0.113050,0.112025,0.117029,0.105791,0.114760,0.114306,0.108000,0.114433,0.114048,0.112539,0.114171,0.114853,0.111890,0.114653,0.109338,0.110156,0.109471,0.106793,0.098721
extract_traces_time_sec,0.062225,0.058151,0.059917,0.063457,0.054636,0.049202,0.046236,0.045679,0.048588,0.044404,0.041525,0.029038,0.067780,0.061032,0.058205,0.052755,0.053749,0.048443,0.049760,0.047776,0.045181,0.046892,0.043708,0.026032
find_reactive_cmds_time_sec,0.000245,0.000234,0.000229,0.000249,0.000244,0.000300,0.000231,0.000223,0.000230,0.000197,0.000202,0.000188,0.000237,0.000241,0.000226,0.000356,0.000261,0.000210,0.000233,0.000230,0.000282,0.000217,0.000213,0.000131
find_proactive_cmds_time_sec,0.012221,0.011354,0.011442,0.011398,0.012008,0.013458,0.013576,0.011961,0.012932,0.011559,0.011481,0.013803,0.011612,0.012504,0.011139,0.011626,0.012147,0.011531,0.011503,0.012184,0.014360,0.012334,0.015317,0.011898
find_covered_races_time,0.394137,0.526295,0.597760,0.684566,0.754830,0.856153,0.901885,0.957652,0.992854,1.064126,1.062355,0.987027,0.361020,0.549284,0.584349,0.786684,0.974810,1.164640,1.384947,1.465186,1.559246,1.761676,1.872356,1.166152
per_packet_inconsistent_time_sec,0.001022,0.005567,0.009657,0.016570,0.024965,0.025541,0.030608,0.035172,0.042940,0.044940,0.047322,0.112896,0.000913,0.006290,0.009513,0.016183,0.021323,0.028922,0.033502,0.036043,0.040817,0.051875,0.050914,0.122836
find_inconsistent_update_time_sec,-0.000005,-0.000009,-0.000013,-0.000017,-0.000027,-0.000027,-0.000037,-0.000036,-0.000040,-0.000046,-0.000048,-0.000104,-0.000005,-0.000011,-0.000015,-0.000062,-0.000052,-0.000079,-0.000071,-0.000062,-0.000066,-0.000072,-0.000113,-0.000129
