key/t,False-0,False-1,False-2,False-3,False-4,False-5,False-6,False-7,False-8,False-9,False-10,False-inf
total_time_sec,0.044896,0.047068,0.047585,0.047398,0.042486,0.043279,0.043228,0.043738,0.042646,0.042809,0.047724,0.068905
load_time_sec,0.031714,0.032826,0.032684,0.032839,0.029327,0.029528,0.029786,0.030282,0.029481,0.029871,0.033332,0.049672
detect_races_time_sec,0.005121,0.005583,0.005482,0.005331,0.004826,0.004778,0.004775,0.004792,0.004653,0.004583,0.005177,0.006815
extract_traces_time_sec,0.003039,0.003064,0.002890,0.002728,0.002392,0.002355,0.002203,0.002273,0.002101,0.002076,0.002325,0.002960
find_reactive_cmds_time_sec,0.000112,0.000115,0.000118,0.000114,0.000108,0.000113,0.000111,0.000116,0.000114,0.000104,0.000114,0.000157
find_proactive_cmds_time_sec,0.003520,0.003732,0.003723,0.003791,0.003488,0.003609,0.003551,0.003595,0.003552,0.003464,0.003721,0.004679
find_covered_races_time,0.001274,0.001501,0.002189,0.002047,0.001826,0.002279,0.002144,0.002013,0.002045,0.002024,0.002280,0.003302
per_packet_inconsistent_time_sec,0.000098,0.000227,0.000476,0.000523,0.000497,0.000592,0.000632,0.000642,0.000676,0.000664,0.000751,0.001281
find_inconsistent_update_time_sec,0.000006,0.000009,0.000012,0.000012,0.000011,0.000012,0.000013,0.000012,0.000012,0.000012,0.000013,0.000023
