key/t,False-0,False-1,False-2,False-3,False-4,False-5,False-6,False-7,False-8,False-9,False-10,False-inf,True-0,True-1,True-2,True-3,True-4,True-5,True-6,True-7,True-8,True-9,True-10,True-inf
total_time_sec,2.110156,2.528283,2.456628,2.701073,2.893792,3.315379,3.632263,3.470185,3.784584,4.017309,4.044149,4.749631,2.018849,2.287992,2.513137,2.846674,3.274021,3.682755,3.699207,3.900051,4.547188,4.864136,6.231156,5.235311
load_time_sec,0.776751,0.796116,0.770818,0.709022,0.736686,0.829275,1.041209,0.719353,0.707094,0.721406,0.778143,0.714375,0.709375,0.745892,0.780237,0.805527,0.753017,0.728821,0.723139,0.698688,1.105953,0.993510,0.819293,0.881755
detect_races_time_sec,0.151382,0.157355,0.144275,0.139293,0.143751,0.138255,0.134901,0.138795,0.136971,0.140045,0.137521,0.120839,0.150913,0.146836,0.146335,0.141336,0.206966,0.138970,0.136882,0.144627,0.139181,0.144120,0.135499,0.123793
extract_traces_time_sec,0.128844,0.136078,0.114540,0.104850,0.119725,0.097854,0.102867,0.090702,0.095557,0.092988,0.097087,0.073723,0.117762,0.114161,0.097524,0.101129,0.147011,0.092436,0.093886,0.106791,0.095674,0.094271,0.094127,0.082538
find_reactive_cmds_time_sec,0.000493,0.000378,0.000337,0.000329,0.000511,0.000316,0.000310,0.000285,0.000284,0.000286,0.000279,0.000194,0.000360,0.000359,0.000677,0.000320,0.000485,0.000832,0.000292,0.000292,0.000286,0.000287,0.000284,0.000266
find_proactive_cmds_time_sec,0.087603,0.089287,0.081099,0.078165,0.118351,0.092481,0.086668,0.083669,0.081929,0.091552,0.084680,0.088557,0.079993,0.085533,0.085970,0.077911,0.119159,0.079110,0.077274,0.088080,0.088085,0.081586,0.082939,0.099192
find_covered_races_time,0.436531,0.741142,0.718216,0.904709,0.936610,1.099800,1.169197,1.206289,1.378905,1.535555,1.366691,1.227139,0.448446,0.633092,0.749363,1.003105,1.312840,1.765303,1.686375,1.929196,2.147275,2.427738,3.217993,1.690844
per_packet_inconsistent_time_sec,0.001217,0.005668,0.010483,0.015891,0.019955,0.026840,0.037093,0.036367,0.045897,0.047270,0.054591,0.131583,0.001490,0.005679,0.010900,0.016553,0.023472,0.046458,0.034171,0.037894,0.043502,0.048550,0.122273,0.152836
find_inconsistent_update_time_sec,-0.000009,-0.000013,-0.000017,-0.000022,-0.000026,-0.000032,-0.000037,-0.000042,-0.000052,-0.000055,-0.000054,-0.000111,-0.000009,-0.000020,-0.000021,-0.000048,-0.000052,-0.000057,-0.000066,-0.000066,-0.000077,-0.000076,-0.000154,-0.000139
