key/t,False-0,False-1,False-2,False-3,False-4,False-5,False-6,False-7,False-8,False-9,False-10,False-inf,True-0,True-1,True-2,True-3,True-4,True-5,True-6,True-7,True-8,True-9,True-10,True-inf
total_time_sec,1.972185,2.193261,2.363321,2.655818,2.642072,2.939874,2.992136,3.043811,3.431718,4.468162,6.603815,7.730707,1.994673,2.294846,2.605821,2.790054,3.094866,3.582722,3.815837,5.636241,3.990700,4.175131,4.183185,4.223968
load_time_sec,0.680003,0.704439,0.701901,0.726537,0.701585,0.705593,0.735454,0.695626,0.734350,1.548941,1.294852,1.384062,0.716706,0.754817,0.770681,0.788423,0.699859,0.846327,0.775991,0.722362,0.698243,0.675603,0.673995,0.801990
detect_races_time_sec,0.143485,0.145642,0.139905,0.142457,0.142188,0.141626,0.149717,0.134248,0.157812,0.249043,0.277813,0.261738,0.151347,0.143031,0.188190,0.142973,0.135970,0.136347,0.131967,0.137570,0.131919,0.133318,0.127603,0.140029
extract_traces_time_sec,0.120346,0.109742,0.100647,0.098787,0.099313,0.133502,0.096028,0.085982,0.105994,0.097118,0.149433,0.158508,0.107517,0.103441,0.115869,0.099397,0.096000,0.104795,0.109389,0.087999,0.086922,0.089129,0.082030,0.084481
find_reactive_cmds_time_sec,0.000367,0.000361,0.000337,0.000320,0.000317,0.000806,0.000305,0.000285,0.000301,0.000289,0.000478,0.000371,0.000338,0.000000,0.000753,0.000000,0.000000,0.000354,0.000310,0.001382,0.000279,0.000316,0.000274,0.000234
find_proactive_cmds_time_sec,0.082076,0.080631,0.080594,0.078351,0.095562,0.096328,0.083508,0.079886,0.098393,0.087784,0.125034,0.145058,0.080274,0.090313,0.097729,0.085505,0.079999,0.082271,0.086608,0.078660,0.087410,0.083083,0.077697,0.094627
find_covered_races_time,0.434577,0.585327,0.724549,0.933681,0.898430,1.098210,1.122227,1.171370,1.285007,1.334160,2.829773,2.853535,0.460492,0.622008,0.786781,0.945946,1.246973,1.625891,1.660672,2.954793,2.052802,2.072150,2.136001,1.629884
per_packet_inconsistent_time_sec,0.001487,0.005573,0.009824,0.015358,0.019846,0.026066,0.031874,0.039576,0.047606,0.079672,0.125580,0.286299,0.001999,0.007218,0.010880,0.016246,0.021030,0.027002,0.035023,0.078475,0.042247,0.046310,0.056000,0.121643
find_inconsistent_update_time_sec,-0.000009,-0.000014,-0.000017,-0.000022,-0.000025,-0.000032,-0.000037,-0.000042,-0.000047,-0.000083,-0.000115,-0.000240,0.000000,0.000000,0.000000,-0.000056,0.000000,-0.000059,-0.000066,-0.000004,-0.000075,-0.000077,0.000000,0.000000
