key/t,False-0,False-1,False-2,False-3,False-4,False-5,False-6,False-7,False-8,False-9,False-10,False-inf
total_time_sec,0.061206,0.055759,0.060915,0.059391,0.057809,0.063303,0.062258,0.066849,0.062892,0.056153,0.071590,0.068647
load_time_sec,0.040679,0.035145,0.035072,0.038965,0.035611,0.038016,0.040258,0.042707,0.040971,0.035696,0.047154,0.047792
detect_races_time_sec,0.005000,0.005025,0.005238,0.004803,0.004925,0.007738,0.005656,0.004874,0.005419,0.004803,0.004906,0.004413
extract_traces_time_sec,0.002928,0.002720,0.004386,0.002217,0.002190,0.002851,0.002058,0.001960,0.002417,0.002000,0.003357,0.001931
find_reactive_cmds_time_sec,0.000076,0.000085,0.000158,0.000073,0.000073,0.000098,0.000072,0.000096,0.000085,0.000072,0.000160,0.000073
find_proactive_cmds_time_sec,0.011123,0.010928,0.013109,0.010984,0.012508,0.011713,0.011346,0.014192,0.010886,0.010605,0.012985,0.011091
find_covered_races_time,0.001263,0.001602,0.002330,0.001826,0.001864,0.002135,0.001997,0.002197,0.002168,0.002064,0.002095,0.002285
per_packet_inconsistent_time_sec,0.000098,0.000215,0.000565,0.000482,0.000595,0.000710,0.000825,0.000779,0.000901,0.000868,0.000888,0.001017
find_inconsistent_update_time_sec,-0.000006,-0.000008,-0.000013,-0.000009,-0.000010,-0.000011,-0.000012,-0.000012,-0.000012,-0.000012,-0.000012,-0.000015
