key/t,False-0,False-1,False-2,False-3,False-4,False-5,False-6,False-7,False-8,False-9,False-10,False-inf,True-0,True-1,True-2,True-3,True-4,True-5,True-6,True-7,True-8,True-9,True-10,True-inf
total_time_sec,2.173057,2.244815,2.405806,2.452964,2.646269,2.845365,2.940466,3.027424,3.172683,3.354837,3.345459,3.747379,1.974212,2.287860,2.315300,2.593449,3.057275,3.236793,3.567990,3.663651,3.931416,4.024526,4.290409,3.984660
load_time_sec,0.783945,0.693612,0.756409,0.677900,0.688029,0.709743,0.686074,0.711639,0.714934,0.699600,0.700536,0.697150,0.687201,0.763697,0.681991,0.706476,0.680169,0.679974,0.701074,0.726614,0.680218,0.684242,0.700975,0.681316
detect_races_time_sec,0.146366,0.140433,0.135055,0.137203,0.140487,0.133108,0.135679,0.130079,0.150169,0.146654,0.137209,0.119721,0.150584,0.145280,0.136077,0.134743,0.147871,0.131857,0.138326,0.130609,0.138755,0.132105,0.133157,0.121897
extract_traces_time_sec,0.125882,0.100034,0.094244,0.092202,0.106051,0.096185,0.100990,0.088693,0.091589,0.098301,0.095563,0.071372,0.112917,0.101622,0.103812,0.092046,0.102447,0.100303,0.101520,0.092765,0.111177,0.092340,0.088400,0.071797
find_reactive_cmds_time_sec,0.000398,0.000347,0.000330,0.000332,0.000350,0.000308,0.000317,0.000257,0.000253,0.000298,0.000275,0.000187,0.000356,0.000000,0.000347,0.000317,0.001969,0.000314,0.000307,0.000299,0.000370,0.000277,0.000282,0.000184
find_proactive_cmds_time_sec,0.097942,0.078246,0.077847,0.080698,0.084597,0.086250,0.086795,0.080180,0.085887,0.098040,0.091808,0.082756,0.081996,0.085334,0.079448,0.078381,0.083118,0.083943,0.082793,0.083002,0.089413,0.084259,0.087106,0.076230
find_covered_races_time,0.439821,0.592679,0.711375,0.803889,0.911911,1.049914,1.111658,1.120196,1.197521,1.264047,1.308010,1.185458,0.438194,0.608409,0.688814,0.906559,1.323035,1.415417,1.677566,1.769561,1.970195,2.050449,2.232263,1.480122
per_packet_inconsistent_time_sec,0.001480,0.006239,0.010465,0.014695,0.020029,0.026975,0.032602,0.038944,0.043134,0.053512,0.053145,0.139080,0.001184,0.006257,0.009863,0.017295,0.020656,0.026813,0.032259,0.035803,0.041369,0.045502,0.058661,0.138201
find_inconsistent_update_time_sec,-0.000010,-0.000013,-0.000017,-0.000022,-0.000026,-0.000044,-0.000194,0.000000,-0.000051,-0.000067,0.000000,-0.000117,-0.000008,0.000000,-0.000021,-0.000050,-0.000054,-0.000068,-0.000065,-0.000072,-0.000086,-0.000079,-0.000083,-0.000164
