key/t,False-0,False-1,False-2,False-3,False-4,False-5,False-6,False-7,False-8,False-9,False-10,False-inf
total_time_sec,0.055804,0.055696,0.057893,0.055682,0.056272,0.056006,0.055741,0.055908,0.056363,0.055304,0.056021,0.080739
load_time_sec,0.034768,0.034921,0.035788,0.034825,0.035253,0.034639,0.034600,0.034919,0.035133,0.034478,0.034983,0.039530
detect_races_time_sec,0.005215,0.005068,0.005028,0.004917,0.004802,0.004843,0.004625,0.004806,0.004575,0.004671,0.004649,0.004481
extract_traces_time_sec,0.002806,0.002619,0.002565,0.002210,0.002189,0.002214,0.001997,0.002040,0.001940,0.001885,0.001931,0.001913
find_reactive_cmds_time_sec,0.000073,0.000075,0.000074,0.000071,0.000092,0.000071,0.000072,0.000072,0.000090,0.000070,0.000071,0.000074
find_proactive_cmds_time_sec,0.011515,0.011350,0.011847,0.011272,0.011357,0.011443,0.011670,0.011268,0.011642,0.011357,0.011394,0.030937
find_covered_races_time,0.001297,0.001383,0.002086,0.001877,0.001868,0.002076,0.001974,0.001963,0.002130,0.002000,0.002065,0.002468
per_packet_inconsistent_time_sec,0.000094,0.000242,0.000456,0.000470,0.000668,0.000677,0.000760,0.000801,0.000809,0.000799,0.000882,0.001283
find_inconsistent_update_time_sec,-0.000006,-0.000007,-0.000019,-0.000009,-0.000011,-0.000012,-0.000012,-0.000011,-0.000012,-0.000012,-0.000016,-0.000017
