key/t,False-0,False-1,False-2,False-3,False-4,False-5,False-6,False-7,False-8,False-9,False-10,False-inf,True-0,True-1,True-2,True-3,True-4,True-5,True-6,True-7,True-8,True-9,True-10,True-inf
total_time_sec,2.533222,3.002652,1.756350,2.037552,3.478681,3.845931,2.220417,2.387670,3.618667,4.618459,4.621213,2.823712,2.312905,2.227888,2.371112,2.005788,3.456871,3.355667,2.921917,3.442921,4.351637,3.279904,3.891227,2.693584
load_time_sec,1.182728,1.209769,0.697759,0.776201,0.867430,1.073270,0.685253,0.880428,1.301710,1.308882,1.279839,0.855066,0.941919,1.000588,0.987167,0.704220,1.190881,0.985660,0.691495,0.756072,0.734073,0.726717,0.830459,0.678386
detect_races_time_sec,0.290402,0.274444,0.142406,0.147306,0.203942,0.209067,0.136489,0.129456,0.286308,0.275243,0.267249,0.128022,0.273214,0.181618,0.277982,0.141233,0.246613,0.253266,0.136391,0.254211,0.155756,0.144154,0.143924,0.121076
extract_traces_time_sec,0.233594,0.184062,0.110137,0.110987,0.172123,0.107489,0.100943,0.092943,0.113615,0.153999,0.162310,0.087032,0.184479,0.121794,0.173684,0.104116,0.165435,0.164568,0.108055,0.163395,0.109081,0.101277,0.088349,0.065895
find_reactive_cmds_time_sec,0.000913,0.000527,0.000438,0.001780,0.000516,0.000325,0.000608,0.000293,0.000321,0.000487,0.000490,0.000200,0.000600,0.000370,0.000524,0.000327,0.000543,0.000509,0.000310,0.000448,0.000294,0.000286,0.000304,0.000186
find_proactive_cmds_time_sec,0.136679,0.135433,0.081801,0.085940,0.125125,0.084909,0.082174,0.079961,0.082187,0.123115,0.135808,0.085062,0.110985,0.095131,0.102387,0.084565,0.130130,0.127985,0.083553,0.129524,0.084842,0.088281,0.082468,0.077092
find_covered_races_time,0.687677,1.185185,0.713028,0.895505,2.062744,2.309502,1.182218,1.165526,1.767466,2.643118,2.655613,1.535204,0.799630,0.814619,0.818399,0.953598,1.699995,1.763591,1.827814,2.098953,3.176376,2.167249,2.686649,1.585878
per_packet_inconsistent_time_sec,0.001186,0.013157,0.010722,0.019740,0.046700,0.061258,0.032658,0.038985,0.066979,0.113454,0.119732,0.132963,0.002008,0.013684,0.010913,0.017649,0.023171,0.059878,0.074131,0.040207,0.091093,0.051824,0.058948,0.164868
find_inconsistent_update_time_sec,-0.000010,-0.000023,-0.000017,-0.000022,-0.000052,-0.000062,-0.000036,-0.000040,-0.000045,-0.000110,-0.000121,-0.000126,-0.000014,-0.000030,-0.000020,-0.000046,-0.000053,-0.000127,-0.000117,-0.000075,-0.000085,-0.000077,-0.000088,-0.000166
