key/t,False-0,False-1,False-2,False-3,False-4,False-5,False-6,False-7,False-8,False-9,False-10,False-inf,True-0,True-1,True-2,True-3,True-4,True-5,True-6,True-7,True-8,True-9,True-10,True-inf
total_time_sec,1.101344,1.254334,1.335457,1.469871,1.565803,1.678406,1.725656,1.687079,1.725282,1.776398,1.789700,1.767596,1.058573,1.191440,1.280322,1.551169,1.676926,1.834717,2.055997,2.201609,2.355502,2.492128,2.516351,2.009555
load_time_sec,0.502691,0.516421,0.524041,0.519324,0.510394,0.526728,0.545389,0.496706,0.502794,0.504285,0.498404,0.502521,0.500858,0.508120,0.508673,0.507591,0.508324,0.496754,0.492547,0.493198,0.496148,0.503760,0.502817,0.518987
detect_races_time_sec,0.115998,0.116585,0.119074,0.123483,0.122803,0.120117,0.122871,0.110302,0.112620,0.109239,0.106611,0.099336,0.113377,0.114100,0.112599,0.112999,0.118717,0.109691,0.111793,0.110362,0.107118,0.110942,0.106400,0.099967
extract_traces_time_sec,0.068618,0.058079,0.056685,0.057264,0.053740,0.052593,0.054776,0.046176,0.043719,0.046399,0.044116,0.028330,0.065269,0.057436,0.054860,0.055042,0.054913,0.049152,0.050526,0.046304,0.044975,0.044893,0.042759,0.029804
find_reactive_cmds_time_sec,0.000285,0.000256,0.000240,0.000245,0.000230,0.000239,0.000218,0.000205,0.000204,0.000204,0.000197,0.000154,0.000238,0.000239,0.000248,0.000244,0.000246,0.000239,0.000217,0.000258,0.000201,0.000208,0.000196,0.000149
find_proactive_cmds_time_sec,0.013359,0.012456,0.012871,0.011921,0.012252,0.013192,0.011792,0.011756,0.012618,0.011551,0.011595,0.013550,0.012690,0.011540,0.011586,0.012462,0.012885,0.012140,0.011856,0.011443,0.012770,0.012459,0.011528,0.011528
find_covered_races_time,0.399391,0.544325,0.611965,0.741092,0.846985,0.938749,0.958692,0.986699,1.012997,1.057125,1.079841,1.005499,0.365026,0.493633,0.582538,0.847000,0.960231,1.141083,1.356540,1.502095,1.651644,1.771768,1.800692,1.228488
per_packet_inconsistent_time_sec,0.000944,0.006148,0.010515,0.016470,0.019326,0.026712,0.031828,0.035136,0.040207,0.047487,0.048818,0.118044,0.001060,0.006314,0.009750,0.015733,0.021499,0.025540,0.032405,0.037829,0.042525,0.047959,0.051825,0.120431
find_inconsistent_update_time_sec,-0.000005,-0.000010,-0.000014,-0.000019,-0.000023,-0.000031,-0.000037,-0.000037,-0.000052,-0.000047,-0.000057,-0.000111,-0.000005,-0.000012,-0.000017,-0.000048,-0.000056,-0.000057,-0.000063,-0.000069,-0.000072,-0.000084,-0.000085,-0.000143
