key/t,False-0,False-1,False-2,False-3,False-4,False-5,False-6,False-7,False-8,False-9,False-10,False-inf,True-0,True-1,True-2,True-3,True-4,True-5,True-6,True-7,True-8,True-9,True-10,True-inf
total_time_sec,1.486492,1.678660,1.693195,1.955709,2.061651,2.092781,2.178107,2.195655,2.352381,2.346490,2.510337,2.362989,1.429380,1.594890,1.704869,1.884070,2.156394,2.565851,2.821587,2.904042,3.484325,3.144404,3.454853,2.635106
load_time_sec,0.736911,0.694936,0.683588,0.793365,0.736916,0.673436,0.710622,0.695224,0.695485,0.743067,0.854439,0.719967,0.677033,0.705344,0.679731,0.656013,0.673469,0.697088,0.810181,0.707659,1.190005,0.688033,0.750021,0.713381
detect_races_time_sec,0.138720,0.140383,0.135946,0.136472,0.139292,0.133576,0.134799,0.131360,0.129930,0.126371,0.132339,0.125616,0.139939,0.142228,0.140737,0.131314,0.134131,0.178039,0.147628,0.133414,0.134613,0.135953,0.131508,0.115827
extract_traces_time_sec,0.109925,0.104895,0.100878,0.095751,0.096123,0.095695,0.115249,0.090988,0.089491,0.089048,0.091847,0.069331,0.104551,0.091617,0.095079,0.103515,0.090560,0.121110,0.094947,0.096029,0.092266,0.091577,0.083524,0.072785
find_reactive_cmds_time_sec,0.000355,0.000348,0.000336,0.000320,0.000295,0.000302,0.000309,0.000305,0.000294,0.000285,0.000287,0.000195,0.000361,0.000325,0.000334,0.000341,0.000315,0.000317,0.000305,0.000291,0.000287,0.000275,0.000276,0.000189
find_proactive_cmds_time_sec,0.078357,0.076672,0.079101,0.075791,0.076551,0.079806,0.083770,0.082059,0.078852,0.079028,0.081374,0.077148,0.078630,0.074548,0.076505,0.080742,0.075902,0.086875,0.080780,0.081420,0.080431,0.085086,0.078842,0.081544
find_covered_races_time,0.421018,0.654371,0.682615,0.833715,0.990650,1.072371,1.100696,1.156710,1.314453,1.258496,1.297010,1.220890,0.427519,0.573804,0.699668,0.894720,1.154051,1.453157,1.651470,1.843280,1.940609,2.089405,2.353154,1.515108
per_packet_inconsistent_time_sec,0.001162,0.007002,0.010731,0.020220,0.021762,0.037519,0.032588,0.038929,0.043789,0.050111,0.052953,0.149679,0.001299,0.007014,0.012754,0.017343,0.027863,0.029168,0.036174,0.041537,0.046004,0.053963,0.057413,0.136079
find_inconsistent_update_time_sec,-0.000009,-0.000014,0.000000,-0.000035,-0.000026,-0.000038,-0.000036,-0.000042,-0.000087,-0.000050,-0.000054,-0.000125,-0.000010,0.000000,-0.000023,-0.000048,-0.000060,-0.000061,-0.000064,-0.000369,-0.000075,-0.000076,-0.000079,-0.000154
