key/t,False-0,False-1,False-2,False-3,False-4,False-5,False-6,False-7,False-8,False-9,False-10,False-inf
total_time_sec,1.009677,1.133666,1.222294,1.332302,1.396549,1.522959,1.517341,1.596842,1.622838,1.695176,1.673187,1.611428
load_time_sec,0.473812,0.461849,0.466166,0.462824,0.464585,0.469766,0.465871,0.466082,0.468799,0.473530,0.460864,0.467895
detect_races_time_sec,0.113907,0.114424,0.111743,0.115270,0.117577,0.112206,0.108806,0.108354,0.105728,0.111308,0.111092,0.088373
extract_traces_time_sec,0.058829,0.049837,0.050274,0.046653,0.046137,0.045573,0.045899,0.041168,0.038668,0.038375,0.036978,0.024560
find_reactive_cmds_time_sec,0.000260,0.000224,0.000226,0.000237,0.000223,0.000232,0.000201,0.000185,0.000176,0.000187,0.000171,0.000127
find_proactive_cmds_time_sec,0.011947,0.010776,0.010733,0.011400,0.011798,0.011082,0.011598,0.011037,0.011516,0.012493,0.010943,0.011521
find_covered_races_time,0.349637,0.490298,0.572621,0.679543,0.732010,0.857482,0.850271,0.927920,0.952069,1.007871,0.996154,0.886499
per_packet_inconsistent_time_sec,0.001242,0.006210,0.010475,0.016307,0.024147,0.026538,0.034603,0.041991,0.045775,0.051301,0.056867,0.132225
find_inconsistent_update_time_sec,-0.000006,-0.000014,-0.000020,-0.000028,-0.000037,-0.000044,-0.000056,-0.000063,-0.000070,-0.000076,-0.000083,-0.000193
