key/t,False-0,False-1,False-2,False-3,False-4,False-5,False-6,False-7,False-8,False-9,False-10,False-inf,True-0,True-1,True-2,True-3,True-4,True-5,True-6,True-7,True-8,True-9,True-10,True-inf
total_time_sec,4.487887,4.575462,4.689796,4.905015,5.103798,5.084613,5.224708,5.917615,10.751657,13.044657,12.649185,9.408610,8.256382,4.557301,4.113515,4.373830,4.271143,4.427222,4.446172,5.387270,6.245292,4.898006,4.855257,5.688100
load_time_sec,2.830611,2.744477,2.773688,2.731158,2.843609,2.769819,2.940236,3.447564,6.112750,7.075741,6.556245,5.225820,5.314602,2.784350,2.718452,2.902407,2.806030,2.822910,2.793362,3.741975,3.355848,3.046128,2.995600,3.325758
detect_races_time_sec,1.114086,1.118773,1.043997,1.041140,1.101830,1.024801,1.011090,1.123507,1.319983,2.591901,2.336961,1.694299,2.243338,1.134795,0.977819,1.020003,0.964040,1.013691,1.022695,0.990366,1.753999,1.110028,1.076816,1.327060
extract_traces_time_sec,0.193441,0.165666,0.157636,0.163802,0.166019,0.164061,0.147058,0.162300,0.307906,0.281501,0.200915,0.062507,0.128800,0.063814,0.050212,0.046819,0.049898,0.049447,0.049642,0.048571,0.049315,0.043690,0.044471,0.033023
find_reactive_cmds_time_sec,0.004326,0.004305,0.004242,0.004547,0.004429,0.004846,0.004444,0.004559,0.006303,0.009213,0.010388,0.004980,0.010367,0.008524,0.004508,0.004259,0.004403,0.004502,0.004338,0.004550,0.004554,0.004817,0.004552,0.004362
find_proactive_cmds_time_sec,0.057968,0.059535,0.059757,0.062971,0.059492,0.070087,0.059927,0.062465,0.117414,0.218132,0.249567,0.080829,0.228039,0.113944,0.061832,0.060052,0.062297,0.063546,0.062286,0.065861,0.066494,0.071964,0.065470,0.065281
find_covered_races_time,0.286437,0.473242,0.630984,0.874795,0.895683,1.010151,1.012565,1.060063,2.795271,2.699862,3.021635,2.090270,0.329158,0.436462,0.283508,0.315812,0.354434,0.429499,0.463816,0.480292,0.948693,0.551412,0.595835,0.712686
per_packet_inconsistent_time_sec,0.000964,0.009411,0.019431,0.026531,0.032663,0.040776,0.049300,0.057044,0.091789,0.168008,0.273252,0.249558,0.002019,0.015312,0.017128,0.024402,0.029972,0.043537,0.049945,0.055561,0.066280,0.069849,0.072380,0.219569
find_inconsistent_update_time_sec,-0.000020,-0.000027,-0.000035,-0.000043,-0.000046,-0.000047,-0.000060,-0.000086,-0.000193,-0.000242,-0.000176,-0.000302,-0.000027,-0.000056,-0.000032,-0.000042,-0.000042,-0.000063,-0.000061,-0.000067,-0.000082,-0.000090,-0.000103,-0.000316
