key/t,False-0,False-1,False-2,False-3,False-4,False-5,False-6,False-7,False-8,False-9,False-10,False-inf,True-0,True-1,True-2,True-3,True-4,True-5,True-6,True-7,True-8,True-9,True-10,True-inf
total_time_sec,4.123965,4.191600,4.401024,4.551819,4.596223,4.648268,4.710200,4.919041,4.922194,4.813670,4.975479,4.955194,3.874893,4.102675,4.130416,4.221734,4.343201,4.379128,4.398974,4.458893,4.326667,4.240791,4.213216,4.230532
load_time_sec,2.581917,2.570527,2.580436,2.631611,2.608616,2.597638,2.592955,2.594841,2.685768,2.602635,2.673766,2.683835,2.593408,2.713947,2.686779,2.712786,2.801358,2.759647,2.763215,2.771388,2.740297,2.621783,2.596259,2.602030
detect_races_time_sec,1.048187,1.033852,1.031540,1.025058,1.033147,1.011305,1.000064,1.010608,1.011918,0.996416,1.057761,0.935423,1.012398,1.050494,1.026176,1.025091,1.020185,1.042520,1.023224,1.031543,0.956093,0.964013,0.949666,0.948873
extract_traces_time_sec,0.194853,0.161035,0.158825,0.155058,0.146314,0.146420,0.140742,0.141883,0.137238,0.139049,0.132503,0.102064,0.115147,0.113820,0.100825,0.111046,0.110028,0.109456,0.107807,0.099839,0.101420,0.099110,0.095476,0.032048
find_reactive_cmds_time_sec,0.003488,0.003599,0.003623,0.004135,0.003632,0.003539,0.003578,0.003677,0.003747,0.003710,0.003551,0.003675,0.003830,0.003812,0.003663,0.003636,0.003777,0.003563,0.003370,0.003596,0.003588,0.003894,0.003445,0.003355
find_proactive_cmds_time_sec,0.017623,0.018301,0.018752,0.019649,0.019729,0.017439,0.017928,0.018787,0.019573,0.021071,0.017679,0.019507,0.019346,0.018032,0.019447,0.020311,0.021368,0.018189,0.017762,0.018673,0.019580,0.019068,0.018535,0.018625
find_covered_races_time,0.276750,0.395523,0.589080,0.689324,0.750418,0.826602,0.901258,1.073195,0.994081,0.973969,1.009131,1.085707,0.129593,0.194516,0.274946,0.320894,0.353029,0.402663,0.428691,0.470626,0.442098,0.460697,0.472649,0.495137
per_packet_inconsistent_time_sec,0.001058,0.008666,0.018669,0.026877,0.034255,0.045207,0.053555,0.075850,0.069740,0.076674,0.080900,0.124780,0.001093,0.007976,0.018490,0.027869,0.033341,0.042974,0.054777,0.063097,0.063452,0.072074,0.077032,0.130244
find_inconsistent_update_time_sec,-0.000021,-0.000037,-0.000036,-0.000044,-0.000050,-0.000057,-0.000069,-0.000126,-0.000078,-0.000083,-0.000126,-0.000147,-0.000024,-0.000028,-0.000039,-0.000046,-0.000061,-0.000062,-0.000072,-0.000075,-0.000076,-0.000086,-0.000087,-0.000168
