key/t,False-0,False-1,False-2,False-3,False-4,False-5,False-6,False-7,False-8,False-9,False-10,False-inf,True-0,True-1,True-2,True-3,True-4,True-5,True-6,True-7,True-8,True-9,True-10,True-inf
total_time_sec,5.658419,5.774028,6.044931,6.171552,6.167436,6.445185,6.375272,6.827198,6.922669,6.576559,6.752870,6.725400,5.677791,5.304131,5.138747,5.339334,5.260651,5.759172,5.891928,5.859875,5.468477,5.540682,6.784842,6.117792
load_time_sec,3.595234,3.579119,3.530404,3.558323,3.455778,3.492257,3.477220,3.768534,3.817271,3.609852,3.590918,3.798516,3.909263,3.696611,3.413579,3.526223,3.404630,3.679241,3.767188,3.538567,3.434418,3.450996,4.583629,3.851838
detect_races_time_sec,1.347106,1.329249,1.365593,1.322244,1.332705,1.419062,1.270275,1.350627,1.300802,1.241189,1.282437,1.178315,1.326749,1.192387,1.197715,1.233452,1.212749,1.222159,1.340741,1.468202,1.171385,1.159564,1.249740,1.200654
extract_traces_time_sec,0.271712,0.253948,0.234642,0.239022,0.219900,0.224522,0.220582,0.218992,0.224865,0.205600,0.099780,0.070474,0.076706,0.069356,0.071308,0.061978,0.059665,0.062976,0.060705,0.061908,0.056659,0.053283,0.053972,0.040870
find_reactive_cmds_time_sec,0.004859,0.004511,0.004880,0.004904,0.004151,0.004556,0.004407,0.004730,0.005781,0.004989,0.004878,0.005481,0.005802,0.004555,0.004970,0.004556,0.004530,0.004829,0.004694,0.005178,0.004479,0.004555,0.004888,0.005262
find_proactive_cmds_time_sec,0.092325,0.091069,0.094691,0.095532,0.083772,0.091898,0.088573,0.089771,0.091158,0.086544,0.196062,0.105961,0.192892,0.093940,0.094760,0.087509,0.088865,0.095949,0.091086,0.094859,0.086134,0.097199,0.096047,0.094988
find_covered_races_time,0.345685,0.504487,0.789551,0.916271,1.024565,1.143921,1.233950,1.297886,1.376589,1.313815,1.447677,1.392160,0.162000,0.236623,0.331931,0.388680,0.440314,0.614631,0.547752,0.596199,0.611377,0.664813,0.675600,0.739470
per_packet_inconsistent_time_sec,0.001432,0.011573,0.025080,0.035164,0.046467,0.068855,0.080141,0.096534,0.106058,0.114415,0.130699,0.174005,0.004309,0.010587,0.024382,0.036838,0.049843,0.079252,0.079762,0.094794,0.103879,0.110109,0.120780,0.184473
find_inconsistent_update_time_sec,-0.000031,-0.000037,-0.000051,-0.000057,-0.000062,-0.000077,-0.000086,-0.000088,-0.000103,-0.000114,-0.000380,-0.000442,-0.000032,-0.000037,-0.000102,-0.000060,-0.000019,-0.000096,0.000000,-0.000083,-0.000109,-0.000124,-0.000145,-0.000195
