key/t,False-0,False-1,False-2,False-3,False-4,False-5,False-6,False-7,False-8,False-9,False-10,False-inf,True-0,True-1,True-2,True-3,True-4,True-5,True-6,True-7,True-8,True-9,True-10,True-inf
total_time_sec,0.977803,0.959436,1.070981,0.920452,1.012279,1.084391,1.251108,1.417308,1.125260,1.127059,1.139003,1.146758,0.799295,1.055188,0.995814,1.738168,2.056443,1.911965,1.932192,2.082185,1.975936,1.972797,1.127542,1.138948
load_time_sec,0.564486,0.497286,0.462448,0.447830,0.500420,0.475819,0.625127,0.800907,0.468010,0.445897,0.443552,0.458352,0.444131,0.508112,0.551800,0.883967,1.044945,0.877323,0.854049,0.924842,0.839371,0.778166,0.444330,0.518961
detect_races_time_sec,0.091251,0.079016,0.071716,0.075940,0.071393,0.072490,0.081751,0.072093,0.073379,0.073469,0.068218,0.071413,0.072301,0.078544,0.071590,0.146966,0.150190,0.137160,0.136749,0.140222,0.130142,0.129765,0.067192,0.069709
extract_traces_time_sec,0.031362,0.018883,0.009750,0.011534,0.012267,0.011501,0.012631,0.010137,0.011241,0.010522,0.011353,0.010799,0.016880,0.012036,0.011201,0.020329,0.020803,0.021485,0.020364,0.021531,0.019303,0.019389,0.010753,0.010714
find_reactive_cmds_time_sec,0.000129,0.000128,0.000129,0.000113,0.000126,0.000120,0.000267,0.000118,0.000101,0.000108,0.000284,0.000112,0.000104,0.000174,0.000107,0.000176,0.000166,0.000000,0.000191,0.000190,0.000175,0.000181,0.000112,0.000114
find_proactive_cmds_time_sec,0.095227,0.104971,0.107515,0.092354,0.087282,0.093535,0.097450,0.083137,0.085595,0.086272,0.081451,0.083871,0.086923,0.106551,0.087800,0.134681,0.137553,0.160004,0.147263,0.152770,0.137699,0.137015,0.085946,0.100555
find_covered_races_time,0.007111,0.010570,0.020991,0.011511,0.012759,0.011320,0.015998,0.015345,0.016278,0.016614,0.017423,0.017214,0.008486,0.014554,0.010338,0.027066,0.033741,0.040260,0.041725,0.045005,0.045316,0.046595,0.020258,0.022255
per_packet_inconsistent_time_sec,0.000608,0.003614,0.005960,0.003862,0.004323,0.014759,0.006846,0.007501,0.007701,0.007778,0.010572,0.009445,0.001008,0.006578,0.003584,0.007506,0.009743,0.010590,0.012434,0.015558,0.015746,0.015467,0.008137,0.008058
find_inconsistent_update_time_sec,-0.000010,-0.000013,-0.000025,-0.000015,-0.000018,0.000000,-0.000025,-0.000025,-0.000027,-0.000027,-0.000030,-0.000031,-0.000009,-0.000021,-0.000015,0.000000,-0.000145,-0.000181,-0.000153,-0.000171,-0.000178,-0.000173,-0.000110,-0.000109
