key/t,False-0,False-1,False-2,False-3,False-4,False-5,False-6,False-7,False-8,False-9,False-10,False-inf,True-0,True-1,True-2,True-3,True-4,True-5,True-6,True-7,True-8,True-9,True-10,True-inf
total_time_sec,0.745279,0.965400,0.863571,0.859736,0.963565,1.128204,1.075122,1.032325,1.125445,1.189814,1.098908,1.102110,0.748368,0.866383,0.843100,0.884202,1.004334,1.012207,1.006418,1.048112,1.080006,1.061899,1.089469,1.109673
load_time_sec,0.421164,0.524278,0.443204,0.428913,0.492297,0.539629,0.514952,0.453442,0.498404,0.470233,0.437530,0.484484,0.423554,0.455185,0.437819,0.436149,0.426105,0.450133,0.438467,0.448509,0.459016,0.448098,0.452878,0.506507
detect_races_time_sec,0.067247,0.073215,0.071533,0.065404,0.070567,0.120095,0.069825,0.069026,0.067385,0.068299,0.066640,0.066796,0.070183,0.068685,0.069072,0.064325,0.068016,0.066319,0.068531,0.068649,0.069513,0.068304,0.066413,0.069617
extract_traces_time_sec,0.013292,0.016259,0.010454,0.010063,0.010111,0.013203,0.010841,0.012498,0.011388,0.010147,0.014249,0.009727,0.013543,0.010455,0.009583,0.009672,0.010385,0.010682,0.010391,0.010997,0.010887,0.010221,0.010983,0.011382
find_reactive_cmds_time_sec,0.000094,0.000118,0.000103,0.000104,0.000099,0.000125,0.000124,0.000120,0.000107,0.000103,0.000116,0.000111,0.000097,0.000103,0.000098,0.000096,0.000103,0.000105,0.000111,0.000118,0.000110,0.000110,0.000108,0.000117
find_proactive_cmds_time_sec,0.078012,0.083908,0.078001,0.079189,0.079687,0.102619,0.087374,0.095776,0.090177,0.094441,0.084390,0.084656,0.077279,0.079401,0.075126,0.076182,0.091872,0.078654,0.088738,0.089676,0.087307,0.085008,0.086317,0.088780
find_covered_races_time,0.006275,0.009024,0.009529,0.010345,0.010955,0.015067,0.013124,0.015076,0.024505,0.023124,0.016490,0.016248,0.006278,0.010037,0.008608,0.013699,0.017109,0.018954,0.023140,0.023985,0.024230,0.023965,0.022147,0.022068
per_packet_inconsistent_time_sec,0.000454,0.002525,0.002830,0.003340,0.004661,0.005652,0.007281,0.009084,0.012256,0.009630,0.011032,0.010632,0.000461,0.002560,0.003585,0.003696,0.004635,0.005927,0.006118,0.007295,0.008565,0.007947,0.008977,0.009078
find_inconsistent_update_time_sec,-0.000008,-0.000013,-0.000013,-0.000014,-0.000017,-0.000021,-0.000022,-0.000024,-0.000028,-0.000028,-0.000031,-0.000030,-0.000008,-0.000013,-0.000013,-0.000068,-0.000084,-0.000085,-0.000087,-0.000092,-0.000109,-0.000107,-0.000108,-0.000114
