key/t,False-0,False-1,False-2,False-3,False-4,False-5,False-6,False-7,False-8,False-9,False-10,False-inf,True-0,True-1,True-2,True-3,True-4,True-5,True-6,True-7,True-8,True-9,True-10,True-inf
total_time_sec,1.010667,1.011317,1.049916,1.044890,1.106242,1.134861,1.148893,1.185528,1.131414,1.105774,1.100675,1.073838,0.972882,0.986468,1.038247,1.027669,1.093142,1.149981,1.197822,1.163768,1.163572,1.169014,1.137092,1.090166
load_time_sec,0.616229,0.615198,0.634759,0.623133,0.612108,0.610071,0.616581,0.646231,0.636298,0.630695,0.635306,0.624427,0.610395,0.603008,0.637366,0.606321,0.601250,0.622734,0.639972,0.619976,0.632383,0.659256,0.632766,0.609362
detect_races_time_sec,0.248889,0.230877,0.234518,0.226193,0.230516,0.226388,0.219517,0.223933,0.222445,0.226412,0.220170,0.212969,0.224194,0.225061,0.226618,0.220690,0.220388,0.224753,0.218416,0.217156,0.229601,0.225119,0.220554,0.207865
extract_traces_time_sec,0.025105,0.024567,0.024931,0.023057,0.021486,0.019290,0.018746,0.018956,0.018440,0.018778,0.017445,0.013604,0.024886,0.023450,0.020808,0.021207,0.019288,0.018186,0.018388,0.017740,0.017747,0.018947,0.018515,0.012562
find_reactive_cmds_time_sec,0.001046,0.001122,0.001120,0.001029,0.001241,0.001033,0.000986,0.000978,0.001087,0.001165,0.000985,0.001013,0.001081,0.001515,0.000995,0.001555,0.001066,0.001077,0.001145,0.001045,0.001034,0.001182,0.001033,0.000945
find_proactive_cmds_time_sec,0.013827,0.015208,0.014944,0.013706,0.012778,0.014759,0.013314,0.013886,0.014019,0.014986,0.013505,0.014575,0.013246,0.013374,0.013964,0.014069,0.014275,0.013704,0.015048,0.014348,0.014594,0.015385,0.014865,0.013553
find_covered_races_time,0.105000,0.121942,0.135990,0.152644,0.219392,0.254365,0.268499,0.270493,0.226600,0.200921,0.199716,0.189563,0.098526,0.118046,0.134713,0.159223,0.229212,0.260257,0.294021,0.281801,0.255015,0.234994,0.235509,0.227775
per_packet_inconsistent_time_sec,0.000501,0.002330,0.003578,0.005049,0.008638,0.008883,0.011167,0.010978,0.012440,0.012736,0.013455,0.017576,0.000492,0.001951,0.003705,0.004533,0.007589,0.009192,0.010747,0.011601,0.013118,0.014041,0.013765,0.018001
find_inconsistent_update_time_sec,-0.000013,-0.000015,-0.000018,-0.000021,-0.000026,-0.000026,-0.000031,-0.000029,-0.000032,-0.000033,-0.000037,-0.000049,-0.000010,-0.000013,-0.000018,-0.000018,-0.000023,-0.000026,-0.000030,-0.000034,-0.000035,-0.000035,-0.000034,-0.000052
