key/t,False-0,False-1,False-2,False-3,False-4,False-5,False-6,False-7,False-8,False-9,False-10,False-inf,True-0,True-1,True-2,True-3,True-4,True-5,True-6,True-7,True-8,True-9,True-10,True-inf
total_time_sec,1.368954,2.004105,1.593535,2.252908,1.508918,1.712061,1.707779,1.616047,1.539447,1.501845,1.503452,1.429989,1.360014,1.393611,1.533201,1.411608,1.481938,1.546134,1.589758,1.548714,1.608358,1.494674,1.482487,1.524273
load_time_sec,0.840967,1.154965,0.944294,1.397259,0.821868,0.958173,0.867565,0.848250,0.838819,0.829721,0.829519,0.808842,0.832831,0.834347,0.825139,0.829721,0.802010,0.832593,0.812911,0.795149,0.840285,0.798841,0.803001,0.832887
detect_races_time_sec,0.278934,0.488361,0.296711,0.458085,0.264467,0.268088,0.273611,0.266497,0.260238,0.262771,0.265942,0.244791,0.262149,0.271863,0.404251,0.255929,0.262530,0.257908,0.254335,0.266883,0.280536,0.260324,0.251618,0.264659
extract_traces_time_sec,0.055869,0.088722,0.062878,0.062618,0.055669,0.060470,0.061602,0.054836,0.046595,0.048602,0.052934,0.017868,0.058021,0.056162,0.051838,0.048017,0.051918,0.046531,0.053228,0.051735,0.053526,0.045892,0.048177,0.016502
find_reactive_cmds_time_sec,0.001236,0.001895,0.001347,0.001424,0.001269,0.001308,0.001367,0.001269,0.001440,0.001113,0.001412,0.001181,0.001347,0.001545,0.001217,0.001218,0.001215,0.001415,0.001264,0.001378,0.001434,0.001126,0.001096,0.001224
find_proactive_cmds_time_sec,0.080148,0.103222,0.086436,0.105993,0.081843,0.086915,0.093319,0.086845,0.086276,0.082676,0.086108,0.109896,0.080627,0.081784,0.078986,0.081634,0.081895,0.082439,0.085049,0.077725,0.087633,0.081948,0.078110,0.108144
find_covered_races_time,0.111151,0.164541,0.194319,0.220399,0.274412,0.321930,0.397785,0.345644,0.290471,0.262083,0.252573,0.229141,0.124396,0.145681,0.167885,0.188907,0.273941,0.314965,0.370615,0.342834,0.329252,0.288760,0.282815,0.279594
per_packet_inconsistent_time_sec,0.000599,0.002336,0.007489,0.007066,0.009326,0.014382,0.012450,0.012631,0.015527,0.014800,0.014886,0.018186,0.000594,0.002207,0.003817,0.006124,0.008366,0.010217,0.012285,0.012938,0.015617,0.017707,0.017583,0.021173
find_inconsistent_update_time_sec,-0.000014,-0.000025,-0.000021,-0.000027,-0.000029,-0.000033,-0.000040,-0.000038,-0.000041,-0.000040,-0.000041,-0.000051,-0.000016,0.000000,-0.000032,-0.000024,-0.000029,-0.000031,-0.000036,-0.000036,-0.000039,-0.000042,-0.000053,-0.000053
