key/t,False-0,False-1,False-2,False-3,False-4,False-5,False-6,False-7,False-8,False-9,False-10,False-inf
total_time_sec,0.583928,0.572319,0.589822,0.577738,0.569551,0.559312,0.570644,0.554759,0.554011,0.566507,0.561713,0.553097
load_time_sec,0.292426,0.288481,0.294785,0.286283,0.284605,0.287792,0.287889,0.286299,0.282762,0.283054,0.287866,0.282103
detect_races_time_sec,0.258954,0.250206,0.261139,0.256416,0.249028,0.233970,0.245043,0.230477,0.232723,0.244174,0.234318,0.230717
extract_traces_time_sec,0.026402,0.025536,0.025149,0.025026,0.023685,0.023703,0.023076,0.022736,0.021631,0.021513,0.021471,0.018586
find_reactive_cmds_time_sec,0.000964,0.000895,0.000932,0.000990,0.000890,0.000995,0.000889,0.000887,0.000879,0.000872,0.000878,0.000864
find_proactive_cmds_time_sec,0.004783,0.004693,0.004749,0.004781,0.004751,0.004748,0.004723,0.004638,0.004829,0.004819,0.004878,0.004561
find_covered_races_time,0.000001,0.000001,0.000000,0.000001,0.000001,0.000001,0.000001,0.000000,0.000001,0.000001,0.000001,0.000001
per_packet_inconsistent_time_sec,0.000380,0.002480,0.003036,0.004202,0.006543,0.008051,0.008967,0.009665,0.011125,0.012010,0.012236,0.016184
find_inconsistent_update_time_sec,0.000009,0.000019,0.000024,0.000029,0.000039,0.000044,0.000047,0.000049,0.000052,0.000056,0.000056,0.000072
