key/t,False-0,False-1,False-2,False-3,False-4,False-5,False-6,False-7,False-8,False-9,False-10,False-inf
total_time_sec,1.103941,1.157948,1.199412,1.174399,1.335968,1.321851,1.335566,1.428479,1.319991,1.285250,1.327997,1.333010
load_time_sec,0.592376,0.605865,0.627486,0.595123,0.607740,0.599016,0.588488,0.638710,0.618818,0.609142,0.634105,0.616301
detect_races_time_sec,0.280430,0.288939,0.270321,0.265329,0.273298,0.262899,0.254711,0.269705,0.251789,0.248029,0.253301,0.246269
extract_traces_time_sec,0.031332,0.032315,0.029785,0.029560,0.030021,0.027223,0.027384,0.036680,0.027135,0.026658,0.025289,0.023294
find_reactive_cmds_time_sec,0.001154,0.001268,0.001214,0.001170,0.001259,0.001181,0.001146,0.001993,0.001140,0.001175,0.001172,0.001156
find_proactive_cmds_time_sec,0.013934,0.013669,0.013648,0.013017,0.013706,0.013221,0.013053,0.014855,0.013720,0.013291,0.013530,0.013528
find_covered_races_time,0.184133,0.212451,0.252869,0.264619,0.397730,0.407694,0.439324,0.453373,0.391943,0.367083,0.381217,0.411216
per_packet_inconsistent_time_sec,0.000534,0.003370,0.004027,0.005514,0.012109,0.010531,0.011369,0.013073,0.015347,0.019742,0.019232,0.021128
find_inconsistent_update_time_sec,-0.000011,-0.000020,-0.000024,-0.000029,-0.000058,-0.000047,-0.000052,-0.000053,-0.000060,-0.000081,-0.000101,-0.000080
