key/t,False-0,False-1,False-2,False-3,False-4,False-5,False-6,False-7,False-8,False-9,False-10,False-inf,True-0,True-1,True-2,True-3,True-4,True-5,True-6,True-7,True-8,True-9,True-10,True-inf
total_time_sec,2.292483,2.307375,1.697464,1.300283,1.406116,1.545031,1.522564,1.419159,1.399060,1.395120,1.384448,2.466271,2.245154,2.196224,1.548837,1.627524,1.491419,2.447372,1.905091,1.770615,2.344342,2.394137,1.933222,2.593342
load_time_sec,1.325353,1.288259,1.121602,0.730322,0.766475,0.801141,0.814341,0.714433,0.721809,0.724846,0.746712,1.322701,1.281630,1.263893,1.034202,0.845629,0.771030,1.180034,0.924835,0.977111,1.070349,1.261492,1.164324,1.216752
detect_races_time_sec,0.515724,0.511189,0.290629,0.258627,0.257552,0.298865,0.253443,0.253260,0.254368,0.253591,0.256698,0.476028,0.515893,0.477022,0.241685,0.368430,0.253838,0.463447,0.292450,0.250671,0.401181,0.472358,0.263000,0.454342
extract_traces_time_sec,0.083588,0.081552,0.048311,0.047281,0.045642,0.046679,0.044932,0.043972,0.043525,0.046658,0.042980,0.031221,0.075084,0.074680,0.043710,0.085794,0.043913,0.068642,0.041638,0.042823,0.065990,0.065262,0.041725,0.027112
find_reactive_cmds_time_sec,0.002583,0.002682,0.001632,0.001471,0.001409,0.001474,0.001404,0.001397,0.001371,0.001383,0.001367,0.002501,0.002527,0.002506,0.001372,0.001406,0.001400,0.002572,0.001403,0.001403,0.002530,0.002376,0.001362,0.002492
find_proactive_cmds_time_sec,0.108882,0.112773,0.064094,0.063206,0.064473,0.068837,0.063384,0.064672,0.064844,0.063561,0.064920,0.132933,0.104596,0.102428,0.062410,0.065360,0.064969,0.100029,0.098361,0.063719,0.101770,0.101221,0.062943,0.130726
find_covered_races_time,0.255271,0.306873,0.167891,0.194673,0.262551,0.318336,0.334427,0.330410,0.300850,0.292406,0.259123,0.470367,0.264440,0.272037,0.162048,0.256065,0.338584,0.615653,0.536462,0.414613,0.679700,0.467028,0.386339,0.726972
per_packet_inconsistent_time_sec,0.001020,0.003986,0.003261,0.004654,0.007958,0.009643,0.010574,0.010957,0.012233,0.012616,0.012586,0.030391,0.000928,0.003597,0.003367,0.004795,0.017627,0.016908,0.009887,0.020181,0.022722,0.024297,0.013470,0.034814
find_inconsistent_update_time_sec,-0.000019,-0.000023,-0.000017,-0.000020,-0.000026,-0.000028,-0.000030,-0.000030,-0.000034,-0.000034,-0.000033,-0.000084,-0.000017,-0.000023,-0.000016,-0.000018,-0.000028,-0.000049,-0.000028,-0.000054,-0.000062,-0.000063,-0.000034,-0.000091
