key/t,False-0,False-1,False-2,False-3,False-4,False-5,False-6,False-7,False-8,False-9,False-10,False-inf
total_time_sec,0.869482,0.901964,0.891382,0.923493,0.973034,1.015148,1.026121,1.022368,0.993251,0.963031,0.972594,0.945905
load_time_sec,0.544118,0.556536,0.543983,0.549699,0.545994,0.553453,0.552616,0.549586,0.547981,0.545947,0.545917,0.548549
detect_races_time_sec,0.198466,0.200016,0.195822,0.199307,0.193328,0.194364,0.189765,0.189249,0.189866,0.187719,0.189654,0.187808
extract_traces_time_sec,0.020502,0.019617,0.018912,0.019426,0.017451,0.016621,0.015995,0.015768,0.016069,0.014969,0.015129,0.012123
find_reactive_cmds_time_sec,0.000873,0.000857,0.000888,0.000875,0.000849,0.000840,0.000838,0.000812,0.000898,0.000808,0.000833,0.000807
find_proactive_cmds_time_sec,0.012388,0.012133,0.012068,0.012419,0.012166,0.013517,0.012957,0.014245,0.013644,0.013464,0.013354,0.011969
find_covered_races_time,0.092560,0.110770,0.116477,0.137075,0.195014,0.227205,0.243711,0.241933,0.211388,0.186064,0.193586,0.166894
per_packet_inconsistent_time_sec,0.000526,0.001982,0.003174,0.004636,0.008163,0.009075,0.010159,0.010694,0.013319,0.013968,0.014033,0.017653
find_inconsistent_update_time_sec,-0.000011,-0.000015,-0.000020,-0.000024,-0.000035,-0.000040,-0.000043,-0.000044,-0.000052,-0.000053,-0.000054,-0.000069
