key/t,False-0,False-1,False-2,False-3,False-4,False-5,False-6,False-7,False-8,False-9,False-10,False-inf
total_time_sec,0.948632,0.987947,1.000361,1.042004,1.065641,1.121787,1.264579,1.141856,1.205599,1.105745,1.132021,1.204174
load_time_sec,0.479525,0.476946,0.475079,0.496428,0.429560,0.445551,0.426851,0.430901,0.427195,0.478555,0.480262,0.438300
detect_races_time_sec,0.262316,0.265141,0.253219,0.250290,0.247172,0.238327,0.296812,0.232566,0.304091,0.234230,0.230637,0.232190
extract_traces_time_sec,0.032805,0.032324,0.029294,0.029787,0.029161,0.028837,0.032263,0.027634,0.030156,0.027254,0.026589,0.023124
find_reactive_cmds_time_sec,0.001971,0.001932,0.001890,0.002009,0.001900,0.001860,0.002117,0.001991,0.002063,0.001858,0.001829,0.001869
find_proactive_cmds_time_sec,0.006831,0.006690,0.006584,0.006606,0.006544,0.006776,0.007384,0.006798,0.007091,0.006665,0.006601,0.006607
find_covered_races_time,0.164579,0.201492,0.230447,0.251999,0.343399,0.391216,0.487337,0.431018,0.419874,0.343208,0.372087,0.480936
per_packet_inconsistent_time_sec,0.000578,0.003385,0.003807,0.004838,0.007845,0.009155,0.011722,0.010877,0.015030,0.013893,0.013935,0.021035
find_inconsistent_update_time_sec,0.000013,0.000023,0.000028,0.000033,0.000046,0.000051,0.000076,0.000057,0.000083,0.000066,0.000066,0.000097
