key/t,False-0,False-1,False-2,False-3,False-4,False-5,False-6,False-7,False-8,False-9,False-10,False-inf,True-0,True-1,True-2,True-3,True-4,True-5,True-6,True-7,True-8,True-9,True-10,True-inf
total_time_sec,2.561089,2.662467,2.812005,2.631845,2.595349,2.702664,2.825828,2.508182,2.535255,2.603959,2.565607,2.671110,2.509765,2.528921,4.400431,3.247332,3.270161,2.682754,2.655699,2.720690,2.693084,2.687773,2.634393,2.720334
load_time_sec,2.048909,2.145104,2.052000,2.095434,2.046149,2.152711,2.291851,1.981646,1.995293,2.061600,2.026663,2.092734,1.995492,1.996954,3.258246,2.691562,2.677449,2.107130,2.057931,2.118513,2.108000,2.078596,2.042911,2.056319
detect_races_time_sec,0.373137,0.370017,0.495481,0.382968,0.380373,0.382963,0.367451,0.364131,0.368506,0.367193,0.365773,0.371868,0.372115,0.381505,0.838314,0.395555,0.411134,0.384979,0.389009,0.393051,0.369232,0.384537,0.362660,0.364943
extract_traces_time_sec,0.038502,0.036197,0.065309,0.033721,0.034193,0.033342,0.031476,0.029637,0.028062,0.028469,0.028731,0.025400,0.038226,0.039857,0.071695,0.034103,0.034794,0.032740,0.031760,0.029939,0.029997,0.031384,0.028717,0.027691
find_reactive_cmds_time_sec,0.002043,0.002274,0.004168,0.002276,0.002936,0.002693,0.001553,0.001829,0.001804,0.004228,0.002770,0.002261,0.002136,0.002143,0.006055,0.001939,0.002385,0.002112,0.003104,0.002000,0.002083,0.001841,0.002250,0.001948
find_proactive_cmds_time_sec,0.082689,0.081320,0.125007,0.080039,0.087101,0.082939,0.077923,0.075814,0.079668,0.079207,0.076464,0.081711,0.085782,0.080065,0.145653,0.083835,0.090228,0.083174,0.087445,0.080569,0.081435,0.088678,0.080361,0.086036
find_covered_races_time,0.015200,0.023768,0.056200,0.028456,0.033885,0.035434,0.040215,0.040413,0.045788,0.046573,0.047932,0.068261,0.015259,0.023898,0.063919,0.031397,0.041715,0.056524,0.068565,0.078264,0.081603,0.080368,0.094018,0.140220
per_packet_inconsistent_time_sec,0.000609,0.003731,0.013829,0.008883,0.010638,0.012582,0.015359,0.014634,0.015341,0.016608,0.017187,0.028755,0.000695,0.004441,0.016439,0.008785,0.012080,0.015579,0.017307,0.017690,0.020081,0.021657,0.022775,0.040682
find_inconsistent_update_time_sec,0.000000,-0.000025,0.000000,-0.000032,-0.000035,0.000000,0.000000,-0.000043,0.000000,-0.000046,-0.000048,-0.000075,-0.000022,-0.000024,-0.000057,-0.000122,-0.000337,-0.000477,-0.000537,-0.000622,-0.000615,-0.000712,-0.000701,-0.002455
