key/t,False-0,False-1,False-2,False-3,False-4,False-5,False-6,False-7,False-8,False-9,False-10,False-inf,True-0,True-1,True-2,True-3,True-4,True-5,True-6,True-7,True-8,True-9,True-10,True-inf
total_time_sec,1.976387,2.029709,1.996502,2.063927,2.172542,2.153401,2.047592,2.046361,2.069956,2.097500,2.011232,2.224317,2.013156,1.986455,2.035106,2.095412,2.059728,2.035507,2.007897,2.065301,2.036487,2.077938,2.111139,2.047294
load_time_sec,1.601630,1.637406,1.601499,1.663798,1.734215,1.747660,1.651031,1.639527,1.658730,1.702892,1.611697,1.805490,1.627466,1.597370,1.636893,1.690106,1.645424,1.623473,1.570179,1.626705,1.611258,1.630761,1.644299,1.576575
detect_races_time_sec,0.310542,0.320981,0.317010,0.320331,0.355402,0.319108,0.307502,0.316058,0.315252,0.304287,0.301920,0.306567,0.324585,0.318561,0.318242,0.324862,0.321109,0.309685,0.326028,0.317574,0.302587,0.321539,0.330165,0.295351
extract_traces_time_sec,0.032772,0.031527,0.030990,0.030420,0.027942,0.027908,0.025915,0.025390,0.025587,0.024427,0.026960,0.023623,0.030680,0.030287,0.032995,0.029414,0.028905,0.027077,0.024930,0.026238,0.027150,0.024469,0.024617,0.023865
find_reactive_cmds_time_sec,0.001659,0.001661,0.001676,0.001693,0.001817,0.001658,0.001754,0.001634,0.001616,0.001653,0.001617,0.001715,0.001613,0.001669,0.002258,0.001667,0.001884,0.001629,0.001740,0.001607,0.002118,0.001670,0.001634,0.001647
find_proactive_cmds_time_sec,0.015685,0.014769,0.014897,0.013769,0.015714,0.014809,0.013692,0.013966,0.014708,0.013845,0.013272,0.014241,0.015208,0.014251,0.016324,0.015869,0.015771,0.013917,0.013120,0.013952,0.016881,0.016326,0.016743,0.013739
find_covered_races_time,0.013571,0.019903,0.024615,0.025387,0.028113,0.028765,0.032717,0.036573,0.035409,0.034690,0.036604,0.048545,0.013128,0.021115,0.022626,0.024461,0.035652,0.043569,0.052980,0.062374,0.058868,0.062592,0.072682,0.101067
per_packet_inconsistent_time_sec,0.000469,0.003385,0.005746,0.008392,0.009263,0.013413,0.014889,0.013131,0.018559,0.015611,0.019054,0.024016,0.000421,0.003140,0.005697,0.008857,0.010595,0.015592,0.018365,0.016247,0.016973,0.019220,0.020330,0.033302
find_inconsistent_update_time_sec,-0.000014,-0.000019,-0.000021,-0.000051,-0.000028,-0.000031,-0.000039,-0.000034,-0.000042,-0.000036,-0.000049,-0.000054,-0.000014,-0.000017,-0.000022,-0.000129,-0.000340,-0.000516,-0.000497,-0.000546,-0.000597,-0.001285,-0.000622,-0.001688
