key/t,False-0,False-1,False-2,False-3,False-4,False-5,False-6,False-7,False-8,False-9,False-10,False-inf,True-0,True-1,True-2,True-3,True-4,True-5,True-6,True-7,True-8,True-9,True-10,True-inf
total_time_sec,21.135913,22.745452,21.576207,26.826638,33.446760,40.685678,43.927004,64.739378,53.687875,63.327223,67.874003,100.577975,24.557848,22.700665,23.807376,24.123676,27.741684,41.993789,49.152299,47.063953,49.346582,52.039267,55.070584,44.792965
load_time_sec,8.020276,7.586051,7.337380,7.094602,7.549682,7.738156,8.272691,7.505034,8.317719,8.730627,9.269891,8.369743,9.564714,7.437178,8.249283,7.289731,7.065622,15.003613,10.708334,8.559723,7.368883,7.239227,8.034135,7.530987
detect_races_time_sec,1.414284,1.551292,1.520274,1.279033,1.351710,1.426828,1.391441,1.235858,1.434397,1.233742,1.176341,1.245603,2.135233,1.382060,1.285937,1.405098,1.249785,2.310223,1.322963,1.419650,1.307708,1.217878,1.177428,1.190872
extract_traces_time_sec,1.278513,1.182134,0.711662,0.604398,0.589656,0.707495,0.554720,0.493287,0.511037,0.486288,0.458150,0.495819,1.452255,0.720692,0.652629,0.632651,0.677625,0.542992,0.564196,0.486385,0.501050,0.491231,0.466157,0.558403
find_reactive_cmds_time_sec,0.000044,0.000049,0.000055,0.000043,0.000044,0.000056,0.000070,0.000048,0.000054,0.000044,0.000043,0.000044,0.000045,0.000046,0.000043,0.000041,0.000041,0.000041,0.000049,0.000045,0.000055,0.000047,0.000043,0.000094
find_proactive_cmds_time_sec,0.109493,0.101515,0.470880,0.098690,0.101960,0.122025,0.172275,0.108874,0.141314,0.112073,0.109045,0.111175,0.124926,0.459292,0.444832,0.104596,0.093245,0.105673,0.102717,0.108952,0.114493,0.109298,0.113153,0.136200
find_covered_races_time,7.672489,9.601083,8.798128,9.526947,10.140846,11.610757,12.770634,11.201176,13.975193,14.004432,19.373897,25.023986,8.231871,9.375597,9.094696,11.388859,15.357344,20.549009,28.958355,32.217452,35.416532,38.398356,40.390292,24.224263
per_packet_inconsistent_time_sec,0.004700,0.039884,0.019641,0.074623,0.145453,0.200914,0.330362,0.479964,0.569329,1.176010,1.351786,2.870655,0.005452,0.019722,0.047593,0.066626,0.138943,0.229642,0.636811,0.481887,0.632887,0.700086,0.796895,2.799898
find_inconsistent_update_time_sec,-0.000010,0.000000,-0.000014,-0.000088,-0.000047,-0.000059,-0.000104,-0.000144,-0.000130,-0.000358,-0.000301,-0.001090,-0.000011,-0.000079,-0.000137,-0.000092,-0.000110,-0.000146,-0.003177,-0.000193,-0.000246,-0.000224,-0.000259,-0.000650
