key/t,False-0,False-1,False-2,False-3,False-4,False-5,False-6,False-7,False-8,False-9,False-10,False-inf,True-0,True-1,True-2,True-3,True-4,True-5,True-6,True-7,True-8,True-9,True-10,True-inf
total_time_sec,20.844773,24.002395,20.291526,21.542210,22.365148,22.804181,23.222553,25.220455,24.046758,25.203222,25.477888,37.455122,19.699832,25.968534,20.210695,23.160649,26.127999,31.452849,36.405262,42.114064,45.653966,59.233176,52.400916,40.461335
load_time_sec,7.402196,7.009722,7.090362,7.187143,7.076471,7.164587,7.122527,7.154813,6.931754,7.446885,7.004003,7.016186,7.140097,7.237504,7.140007,7.156452,6.947551,7.058985,7.210356,7.189532,7.121662,10.359241,7.036731,7.470818
detect_races_time_sec,1.472743,1.312417,1.257670,1.247258,1.384330,1.229244,1.188935,1.171935,1.230684,1.183430,1.141735,1.067546,1.329910,1.262664,1.242792,1.282616,1.215992,1.220163,1.206176,1.276991,1.185530,1.358996,1.183970,1.109384
extract_traces_time_sec,1.275841,1.052118,0.673389,0.646407,0.559203,0.576735,0.480572,0.449956,0.488813,0.450505,0.439339,0.426077,1.101492,0.645087,0.644247,0.561221,0.559631,0.516190,0.488202,0.458518,0.450692,0.638797,0.498949,0.443641
find_reactive_cmds_time_sec,0.000045,0.000052,0.000040,0.000058,0.000044,0.000058,0.000045,0.000042,0.000056,0.000043,0.000049,0.000043,0.000043,0.000042,0.000044,0.000041,0.000043,0.000082,0.000043,0.000045,0.000043,0.000063,0.000063,0.000047
find_proactive_cmds_time_sec,0.102933,0.120766,0.381857,0.106190,0.099751,0.102762,0.087172,0.098337,0.111502,0.096349,0.104257,0.091281,0.111134,0.387868,0.386113,0.104129,0.089825,0.101946,0.089915,0.108665,0.103999,0.179934,0.115387,0.097029
find_covered_races_time,7.890278,11.659805,8.311054,9.224891,10.093316,10.259863,10.529821,12.006496,10.899003,11.692565,11.729785,18.469048,7.494855,13.717920,8.342534,10.384383,14.230113,19.269160,23.861376,29.084302,32.447488,41.868763,38.769118,21.920860
per_packet_inconsistent_time_sec,0.005443,0.015248,0.019282,0.066836,0.131825,0.215680,0.320323,0.475606,0.576684,0.673410,0.815692,2.913275,0.004674,0.020524,0.026784,0.069006,0.124369,0.199756,0.317188,0.493746,0.566839,0.692470,0.755188,2.628371
find_inconsistent_update_time_sec,0.000000,-0.000019,-0.000016,-0.000041,-0.000056,-0.000080,-0.000097,-0.000133,-0.000158,-0.000150,-0.000165,-0.000554,-0.000010,-0.000153,-0.000084,-0.000332,-0.000110,-0.000123,-0.000144,-0.000186,-0.000211,-0.000241,-0.000246,-0.000959
