key/t,False-0,False-1,False-2,False-3,False-4,False-5,False-6,False-7,False-8,False-9,False-10,False-inf,True-0,True-1,True-2,True-3,True-4,True-5,True-6,True-7,True-8,True-9,True-10,True-inf
total_time_sec,20.608294,21.459710,20.092080,22.242127,23.599732,22.231571,22.283493,28.006798,25.140992,28.156887,29.115401,39.439153,18.058350,22.656149,22.860936,19.880401,26.566817,36.888255,39.885142,49.092762,57.076988,53.747796,56.054529,43.858950
load_time_sec,7.675252,9.058582,7.440728,9.470859,7.465898,7.188694,7.385873,10.586724,8.770887,8.613459,8.762608,11.379527,7.920484,7.524884,8.350726,7.224745,7.556777,9.861111,7.918083,10.355953,7.980621,7.230739,8.156849,10.645463
detect_races_time_sec,2.191765,2.419436,1.277985,1.671560,2.058649,1.216268,1.231336,1.903742,1.455487,1.199461,1.984742,2.049837,1.357514,1.600761,2.129233,1.232112,1.218477,2.315441,1.262911,1.342897,1.261496,1.346927,1.200947,1.155689
extract_traces_time_sec,1.675381,0.747975,0.740932,0.677482,0.581247,0.560546,0.513699,0.731119,0.493458,0.452920,0.748363,0.689740,1.203733,0.707004,0.887583,0.580624,0.570194,0.792608,0.524838,0.738461,0.478408,0.468952,0.439799,0.617846
find_reactive_cmds_time_sec,0.000043,0.000044,0.000058,0.000058,0.000045,0.000046,0.000065,0.000059,0.000047,0.000049,0.000047,0.000046,0.000045,0.000047,0.000046,0.000044,0.000042,0.000069,0.000043,0.000076,0.000047,0.000044,0.000043,0.000072
find_proactive_cmds_time_sec,0.100286,0.426153,0.538257,0.118989,0.108223,0.104026,0.102808,0.154846,0.110555,0.102845,0.170408,0.130259,0.107042,0.441185,0.623015,0.102199,0.097303,0.147597,0.103818,0.204728,0.117518,0.107499,0.096592,0.155950
find_covered_races_time,8.960583,8.791833,10.073967,10.238756,13.203101,12.969627,12.737768,14.163544,13.635440,16.922594,16.704107,22.242990,7.463836,12.363067,10.845948,10.659782,16.991357,23.507122,29.758337,35.981248,46.686648,43.702832,44.953965,28.336114
per_packet_inconsistent_time_sec,0.004934,0.015608,0.020105,0.064359,0.182569,0.192248,0.311816,0.466613,0.674789,0.865187,0.744857,2.946132,0.005639,0.019087,0.024261,0.080686,0.132518,0.264096,0.316924,0.469142,0.551987,0.890433,1.206066,2.946279
find_inconsistent_update_time_sec,-0.000012,-0.000014,-0.000013,-0.000029,0.000000,-0.000078,-0.000086,-0.000113,-0.000274,-0.000319,-0.000181,-0.000585,-0.000013,-0.000077,-0.000087,-0.000159,-0.000113,-0.000186,-0.000147,-0.000213,-0.000197,-0.000305,-0.000232,-0.001460
