key/t,False-0,False-1,False-2,False-3,False-4,False-5,False-6,False-7,False-8,False-9,False-10,False-inf,True-0,True-1,True-2,True-3,True-4,True-5,True-6,True-7,True-8,True-9,True-10,True-inf
total_time_sec,16.700272,18.666713,17.308257,17.665413,19.545474,18.833275,19.592113,19.785324,23.178959,22.096889,21.309621,29.290709,17.104463,18.261488,18.048387,19.813664,24.060722,28.434588,33.105578,36.799880,42.571868,45.410700,54.420621,34.102655
load_time_sec,6.873096,7.338484,6.857503,6.935339,7.193492,6.842932,7.252422,7.056041,7.337769,7.218236,7.322074,6.825422,7.138261,6.922201,7.042269,7.292748,7.782591,7.312333,7.049753,6.829622,6.982318,7.405424,7.548222,7.533171
detect_races_time_sec,1.301749,1.354366,1.245035,1.259596,1.697426,1.189516,1.182270,1.209661,1.229518,1.225279,1.459564,1.080228,1.333955,1.308005,1.315763,1.263497,1.344464,1.378918,1.293848,1.192537,1.612148,1.221892,1.185524,1.167427
extract_traces_time_sec,1.108161,0.704706,0.655899,0.566562,0.880988,0.565242,0.480341,0.453200,0.494250,0.437362,0.432104,0.431170,1.194325,0.656257,0.676725,0.571283,0.546768,0.522488,0.488433,0.448377,0.488736,0.474366,0.453349,0.453902
find_reactive_cmds_time_sec,0.000093,0.000045,0.000042,0.000042,0.000059,0.000043,0.000045,0.000044,0.000043,0.000050,0.000043,0.000046,0.000047,0.000000,0.000058,0.000046,0.000049,0.000000,0.000044,0.000045,0.000046,0.000044,0.000044,0.000049
find_proactive_cmds_time_sec,0.092057,0.398264,0.386742,0.081266,0.153130,0.129077,0.095973,0.090244,0.096724,0.097108,0.102230,0.094770,0.109179,0.393991,0.404051,0.097783,0.098030,0.096009,0.099228,0.093294,0.114445,0.096602,0.103117,0.104507
find_covered_races_time,7.320631,8.858596,8.143352,8.754469,9.501549,9.895948,10.265924,10.534886,13.046255,12.464107,11.256517,18.274851,7.324132,8.961120,8.582519,10.518185,14.159996,18.912005,23.864848,27.776812,32.811027,35.556511,44.373975,22.006545
per_packet_inconsistent_time_sec,0.004439,0.012252,0.019634,0.068078,0.118749,0.210420,0.315023,0.441108,0.974087,0.654561,0.736827,2.583652,0.004520,0.019794,0.026888,0.069993,0.128673,0.212675,0.309238,0.459193,0.563017,0.655528,0.756130,2.836389
find_inconsistent_update_time_sec,-0.000010,0.000000,-0.000014,-0.000027,-0.000081,-0.000060,-0.000080,-0.000102,-0.000263,-0.000148,-0.000178,-0.000532,-0.000009,-0.000083,-0.000081,-0.000094,-0.000115,-0.000121,-0.000151,0.000000,-0.000057,-0.000285,-0.000223,-0.000627
