key/t,False-0,False-1,False-2,False-3,False-4,False-5,False-6,False-7,False-8,False-9,False-10,False-inf,True-0,True-1,True-2,True-3,True-4,True-5,True-6,True-7,True-8,True-9,True-10,True-inf
total_time_sec,35.235881,22.545133,21.179706,22.677572,23.433977,27.141293,25.355814,24.966193,32.409123,35.298398,27.788453,41.388305,20.121734,20.672427,21.511212,25.063316,28.295151,33.909616,54.189617,57.826690,50.872363,54.467581,70.543967,43.758812
load_time_sec,9.367766,7.809844,7.211524,7.554063,7.188223,8.620105,7.375745,7.480937,8.525967,9.306626,7.624466,8.169446,7.264736,7.347741,7.834156,7.395034,7.417031,7.593585,9.220095,7.919234,7.948311,8.237034,7.033479,8.447308
detect_races_time_sec,2.439389,1.465642,1.411748,1.283881,1.478723,1.295547,1.288086,1.332529,1.782048,1.376414,1.243199,1.161138,1.373850,1.316158,1.370632,1.487984,1.235640,1.255757,2.480125,1.808220,1.642271,1.235470,1.224001,1.280392
extract_traces_time_sec,2.044035,1.124788,0.727325,0.631264,0.590890,0.579921,0.537936,0.511911,0.794799,0.472063,0.584589,0.469967,1.203188,0.692486,0.682172,0.597514,0.594503,0.533056,0.798990,0.720616,0.535663,0.493595,0.455415,0.473965
find_reactive_cmds_time_sec,0.000091,0.000057,0.000045,0.000048,0.000043,0.000046,0.000071,0.000043,0.000063,0.000046,0.000051,0.000049,0.000047,0.000044,0.000043,0.000042,0.000045,0.000043,0.000060,0.000050,0.000051,0.000042,0.000049,0.000047
find_proactive_cmds_time_sec,0.189289,0.125833,0.412459,0.097127,0.101276,0.102170,0.088723,0.104239,0.190569,0.109944,0.196992,0.099935,0.109800,0.408782,0.408898,0.104888,0.085774,0.128744,0.139774,0.127502,0.146897,0.113408,0.119015,0.110147
find_covered_races_time,15.782833,8.952796,8.710119,9.720218,11.067102,12.621148,11.216429,11.440971,15.643476,19.088967,13.109927,20.844655,7.456835,8.286082,8.700152,11.963107,15.226152,20.180071,37.352581,42.705356,35.757131,39.194380,56.522021,24.588206
per_packet_inconsistent_time_sec,0.011664,0.020111,0.024085,0.065381,0.134611,0.243734,0.339932,0.481080,0.638717,0.726398,0.877633,3.102997,0.004810,0.020146,0.026157,0.071982,0.163706,0.253067,0.357724,0.490115,0.754547,0.683382,0.794011,2.585970
find_inconsistent_update_time_sec,-0.000033,-0.000032,-0.000030,-0.000027,-0.000067,-0.000090,-0.000117,-0.000110,-0.000132,-0.000167,-0.000174,-0.000562,-0.000010,-0.000079,-0.000085,-0.000105,-0.000132,-0.000165,-0.000089,-0.000186,-0.000225,-0.000253,-0.000240,-0.000611
