key/t,False-0,False-1,False-2,False-3,False-4,False-5,False-6,False-7,False-8,False-9,False-10,False-inf,True-0,True-1,True-2,True-3,True-4,True-5,True-6,True-7,True-8,True-9,True-10,True-inf
total_time_sec,40.461335,59.233176,45.653966,42.114064,36.405262,31.452849,26.127999,23.160649,20.210695,52.400916,25.968534,19.699832,37.455122,25.203222,24.046758,25.220455,23.222553,22.804181,22.365148,21.542210,20.291526,25.477888,24.002395,20.844773
load_time_sec,7.470818,10.359241,7.121662,7.189532,7.210356,7.058985,6.947551,7.156452,7.140007,7.036731,7.237504,7.140097,7.016186,7.446885,6.931754,7.154813,7.122527,7.164587,7.076471,7.187143,7.090362,7.004003,7.009722,7.402196
detect_races_time_sec,1.109384,1.358996,1.185530,1.276991,1.206176,1.220163,1.215992,1.282616,1.242792,1.183970,1.262664,1.329910,1.067546,1.183430,1.230684,1.171935,1.188935,1.229244,1.384330,1.247258,1.257670,1.141735,1.312417,1.472743
extract_traces_time_sec,0.443641,0.638797,0.450692,0.458518,0.488202,0.516190,0.559631,0.561221,0.644247,0.498949,0.645087,1.101492,0.426077,0.450505,0.488813,0.449956,0.480572,0.576735,0.559203,0.646407,0.673389,0.439339,1.052118,1.275841
find_reactive_cmds_time_sec,0.000047,0.000063,0.000043,0.000045,0.000043,0.000082,0.000043,0.000041,0.000044,0.000063,0.000042,0.000043,0.000043,0.000043,0.000056,0.000042,0.000045,0.000058,0.000044,0.000058,0.000040,0.000049,0.000052,0.000045
find_proactive_cmds_time_sec,0.097029,0.179934,0.103999,0.108665,0.089915,0.101946,0.089825,0.104129,0.386113,0.115387,0.387868,0.111134,0.091281,0.096349,0.111502,0.098337,0.087172,0.102762,0.099751,0.106190,0.381857,0.104257,0.120766,0.102933
find_covered_races_time,21.920860,41.868763,32.447488,29.084302,23.861376,19.269160,14.230113,10.384383,8.342534,38.769118,13.717920,7.494855,18.469048,11.692565,10.899003,12.006496,10.529821,10.259863,10.093316,9.224891,8.311054,11.729785,11.659805,7.890278
per_packet_inconsistent_time_sec,2.628371,0.692470,0.566839,0.493746,0.317188,0.199756,0.124369,0.069006,0.026784,0.755188,0.020524,0.004674,2.913275,0.673410,0.576684,0.475606,0.320323,0.215680,0.131825,0.066836,0.019282,0.815692,0.015248,0.005443
find_inconsistent_update_time_sec,-0.000959,-0.000241,-0.000211,-0.000186,-0.000144,-0.000123,-0.000110,-0.000332,-0.000084,-0.000246,-0.000153,-0.000010,-0.000554,-0.000150,-0.000158,-0.000133,-0.000097,-0.000080,-0.000056,-0.000041,-0.000016,-0.000165,-0.000019,0.000000
