key/t,True-inf,True-9,True-8,True-7,True-6,True-5,True-4,True-3,True-2,True-10,True-1,True-0,False-inf,False-9,False-8,False-7,False-6,False-5,False-4,False-3,False-2,False-10,False-1,False-0
total_time_sec,12.324895,14.611342,13.781467,13.521717,13.091285,11.208296,9.198203,7.381916,6.460210,15.213375,6.381996,6.497746,9.150091,10.515862,7.194285,6.947490,6.665807,6.853774,6.077764,6.136449,5.650087,15.147694,5.631367,5.393999
load_time_sec,3.032076,3.012304,2.736151,2.740249,3.044751,2.747735,2.811985,2.740224,2.760278,2.733206,2.750277,2.906635,2.932153,5.336482,2.817897,2.795867,2.757541,2.927954,2.858042,2.994922,2.856810,5.484128,2.822121,2.827226
detect_races_time_sec,0.409277,0.425823,0.562746,0.453330,0.542474,0.442589,0.459962,0.467170,0.472726,0.456664,0.464770,0.499528,0.423443,0.886369,0.434148,0.448030,0.424282,0.463176,0.437953,0.469080,0.493214,0.885407,0.460438,0.456962
extract_traces_time_sec,0.078984,0.065942,0.068004,0.065139,0.067206,0.065244,0.067757,0.065636,0.071183,0.070939,0.080244,0.091549,0.068224,0.131201,0.067386,0.069913,0.065730,0.076509,0.062445,0.071555,0.127897,0.127544,0.082393,0.088457
find_reactive_cmds_time_sec,0.000032,0.000036,0.000084,0.000034,0.000036,0.000041,0.000037,0.000040,0.000036,0.000035,0.000035,0.000000,0.000036,0.000052,0.000046,0.000037,0.000033,0.000035,0.000039,0.000036,0.000049,0.000049,0.000035,0.000037
find_proactive_cmds_time_sec,0.079651,0.088180,0.094270,0.082856,0.086671,0.086221,0.083952,0.081868,0.080813,0.090848,0.087498,0.085603,0.086238,0.120300,0.084711,0.090496,0.079344,0.085271,0.080417,0.088475,0.081818,0.132531,0.082728,0.086233
find_covered_races_time,5.672793,8.793344,8.287465,7.851371,7.484646,6.227384,4.392142,2.855279,2.052740,9.314488,2.013863,1.898668,2.554082,1.837285,1.742568,1.674795,1.603458,1.630388,1.273153,1.154472,1.094032,3.813076,1.154354,0.976866
per_packet_inconsistent_time_sec,0.432360,0.233519,0.193118,0.160000,0.155586,0.101994,0.063507,0.029015,0.008518,0.268485,0.004983,0.001773,0.457607,0.253981,0.206322,0.168904,0.141535,0.123368,0.066710,0.029140,0.004893,0.552444,0.003146,0.002018
find_inconsistent_update_time_sec,-0.000272,-0.000189,-0.000168,0.000000,-0.000172,-0.000119,0.000000,-0.000074,-0.000061,-0.000200,-0.000057,-0.000009,-0.000215,-0.000131,-0.000113,-0.000097,-0.000085,-0.000083,-0.000048,-0.000028,-0.000011,-0.000322,-0.000011,-0.000009
