key/t,False-0,False-1,False-2,False-3,False-4,False-5,False-6,False-7,False-8,False-9,False-10,False-inf,True-0,True-1,True-2,True-3,True-4,True-5,True-6,True-7,True-8,True-9,True-10,True-inf
total_time_sec,4.381970,4.390029,4.479477,4.474305,4.636851,4.866471,5.079122,5.347068,5.763665,5.655558,5.585353,6.043416,5.251196,5.493787,5.579093,6.299347,8.093993,11.666633,10.605110,11.452404,11.994857,12.387357,12.980495,9.270950
load_time_sec,2.783489,2.732575,2.753929,2.698642,2.684152,2.709169,2.736530,2.814808,3.028065,2.963183,2.788362,2.715603,2.778879,2.753760,2.812856,2.798495,2.834138,3.377989,2.790866,2.758393,2.763897,2.747220,2.956886,2.703577
detect_races_time_sec,0.461753,0.455164,0.452224,0.449112,0.442438,0.436923,0.437678,0.438942,0.444186,0.451839,0.435445,0.409357,0.503579,0.470056,0.481821,0.463702,0.480604,0.468296,0.443022,0.438467,0.442055,0.443103,0.446119,0.410767
extract_traces_time_sec,0.086561,0.079217,0.074935,0.065017,0.066571,0.066827,0.079140,0.070733,0.067501,0.074413,0.063008,0.066718,0.089146,0.084738,0.072836,0.067881,0.069548,0.063273,0.065573,0.067856,0.063523,0.066618,0.066140,0.068721
find_reactive_cmds_time_sec,0.000036,0.000000,0.000035,0.000035,0.000036,0.000035,0.000036,0.000035,0.000038,0.000035,0.000033,0.000034,0.000035,0.000000,0.000034,0.000000,0.000033,0.000034,0.000038,0.000037,0.000033,0.000036,0.000036,0.000039
find_proactive_cmds_time_sec,0.083691,0.090724,0.084614,0.080987,0.084244,0.084772,0.088086,0.088748,0.085526,0.087329,0.081631,0.084280,0.083961,0.084523,0.089236,0.081932,0.084374,0.082820,0.091965,0.083914,0.080503,0.086744,0.083181,0.087286
find_covered_races_time,0.964693,1.029435,1.108852,1.152854,1.296820,1.467463,1.594447,1.770545,1.918042,1.840368,1.938214,2.349861,1.794859,2.095554,2.114644,2.858068,4.558051,7.564895,7.061985,7.934188,8.445149,8.792357,9.149179,5.563957
per_packet_inconsistent_time_sec,0.001704,0.002914,0.004845,0.027591,0.062504,0.101175,0.143086,0.163123,0.220158,0.238225,0.278478,0.417563,0.000694,0.005056,0.007253,0.029160,0.067245,0.109236,0.151490,0.169362,0.199534,0.251063,0.278720,0.436304
find_inconsistent_update_time_sec,-0.000009,0.000000,-0.000011,-0.000027,-0.000049,-0.000070,-0.000084,-0.000097,-0.000109,-0.000129,-0.000144,0.000000,-0.000009,-0.000100,-0.000374,-0.000074,0.000000,-0.000090,-0.000132,-0.000147,-0.000163,-0.000179,-0.000195,-0.000263
