key/t,False-0,False-1,False-2,False-3,False-4,False-5,False-6,False-7,False-8,False-9,False-10,False-inf,True-0,True-1,True-2,True-3,True-4,True-5,True-6,True-7,True-8,True-9,True-10,True-inf
total_time_sec,5.599702,5.813978,5.810111,6.263849,6.444100,6.891326,7.071599,7.942471,8.970923,10.301490,10.037198,11.835644,7.073689,7.220291,6.793496,7.570466,9.480324,11.219545,13.055781,15.037649,16.318553,15.769743,15.453650,21.277295
load_time_sec,2.882118,2.918797,2.865432,2.888501,2.882878,2.818749,2.920933,3.527949,3.204707,4.975366,3.172893,3.339004,2.979147,3.413537,2.883897,2.822314,2.891938,2.765003,2.986301,3.026060,2.984464,2.983483,2.960680,3.339458
detect_races_time_sec,0.475849,0.483430,0.491263,0.471409,0.541921,0.453673,0.452652,0.461345,0.470978,0.474044,0.668776,0.431753,0.567782,0.485312,0.527296,0.465223,0.478995,0.463938,0.454652,0.659119,0.446077,0.450498,0.432504,0.938157
extract_traces_time_sec,0.103236,0.083940,0.097758,0.066271,0.082673,0.098023,0.074123,0.069882,0.069047,0.072515,0.089421,0.071743,0.094959,0.083261,0.079128,0.066852,0.069837,0.066253,0.072995,0.143330,0.071730,0.071430,0.065283,0.130770
find_reactive_cmds_time_sec,0.000036,0.000037,0.000036,0.000036,0.000041,0.000043,0.000036,0.000033,0.000036,0.000036,0.000042,0.000036,0.001489,0.000000,0.000040,0.000037,0.000037,0.000033,0.000037,0.000083,0.000038,0.000037,0.000036,0.000051
find_proactive_cmds_time_sec,0.092730,0.098333,0.101598,0.086743,0.105289,0.124768,0.090935,0.085536,0.085981,0.092119,0.089978,0.088889,0.097107,0.084311,0.092857,0.093923,0.095318,0.085807,0.096295,0.157586,0.098187,0.095992,0.086706,0.143910
find_covered_races_time,1.058710,1.199598,1.191994,1.391736,1.335747,1.583339,1.710208,1.800849,1.969250,2.057225,2.168924,3.581565,2.166346,2.108737,2.138997,2.897036,4.516893,6.182468,7.695681,9.020377,10.298727,9.447461,9.463847,11.831873
per_packet_inconsistent_time_sec,0.001782,0.003191,0.005034,0.033777,0.065528,0.109409,0.155450,0.177190,0.223428,0.274036,0.299633,0.573526,0.002212,0.005572,0.007675,0.029934,0.070492,0.129995,0.136812,0.167030,0.211365,0.241386,0.279190,0.830801
find_inconsistent_update_time_sec,-0.000010,-0.000012,-0.000012,-0.000052,-0.000048,-0.000069,-0.000089,-0.000100,-0.000115,-0.000144,-0.000149,-0.000286,-0.000013,-0.000055,-0.000063,-0.000072,-0.000100,-0.001573,-0.000130,-0.000152,-0.000156,-0.000185,-0.000201,-0.000581
