key/t,True-inf,True-9,True-8,True-7,True-6,True-5,True-4,True-3,True-2,True-10,True-1,True-0,False-inf,False-9,False-8,False-7,False-6,False-5,False-4,False-3,False-2,False-10,False-1,False-0
total_time_sec,12.941879,15.952115,14.393112,13.581227,12.958545,11.836813,9.874102,7.875304,7.047020,15.253133,6.602944,7.085572,9.922456,8.929567,7.590958,7.548517,7.503650,6.948861,6.357816,6.378069,5.929484,8.229562,5.700712,5.804892
load_time_sec,3.428287,3.650469,2.874917,2.978718,3.027121,2.815140,2.986941,2.920741,3.030758,2.897266,2.801635,3.335127,2.945646,3.588651,3.046197,3.058520,3.056601,2.797836,2.987351,3.130407,2.857411,3.041127,2.885931,3.139910
detect_races_time_sec,0.427134,0.476449,0.443967,0.445941,0.467575,0.459926,0.482896,0.540188,0.548256,0.420608,0.516209,0.576309,0.519401,0.457852,0.455613,0.456135,0.639579,0.453510,0.484697,0.446583,0.534211,0.435668,0.480390,0.460874
extract_traces_time_sec,0.073728,0.067197,0.067988,0.065584,0.068044,0.070809,0.071634,0.079911,0.073833,0.071367,0.097526,0.099006,0.079830,0.067141,0.073922,0.068038,0.090635,0.069666,0.067695,0.067845,0.073447,0.065379,0.080629,0.088173
find_reactive_cmds_time_sec,0.000036,0.000036,0.000038,0.000036,0.000036,0.000036,0.000036,0.000041,0.000033,0.000037,0.000037,0.000039,0.000041,0.000037,0.000043,0.000040,0.000037,0.000043,0.000038,0.000041,0.000037,0.000037,0.000034,0.000035
find_proactive_cmds_time_sec,0.098502,0.084512,0.101241,0.081657,0.095812,0.108297,0.098457,0.101127,0.084093,0.084476,0.097939,0.099465,0.100712,0.086171,0.091509,0.090120,0.092851,0.088250,0.089813,0.090249,0.092948,0.092287,0.091022,0.094900
find_covered_races_time,5.915313,9.342157,8.605194,7.908418,7.243173,6.547684,4.570216,2.957398,2.270693,9.447141,2.068465,1.920416,2.793287,2.247843,1.782219,1.850513,1.558672,1.767429,1.267892,1.243802,1.236866,2.160132,1.187269,1.031429
per_packet_inconsistent_time_sec,0.420078,0.241345,0.200707,0.159301,0.142454,0.108204,0.065100,0.029825,0.007170,0.262573,0.005366,0.001802,0.479087,0.322125,0.211898,0.183395,0.139867,0.115118,0.066197,0.034758,0.005930,0.295687,0.003241,0.002390
find_inconsistent_update_time_sec,-0.000266,-0.000173,-0.000159,-0.000141,-0.000129,-0.000112,-0.000093,-0.000094,-0.000062,-0.000193,-0.000056,-0.000008,-0.000220,-0.000203,-0.000113,-0.000098,-0.000086,-0.000069,-0.000049,-0.000287,-0.000012,-0.000645,-0.000010,-0.000009
