key/t,False-0,False-1,False-2,False-3,False-4,False-5,False-6,False-7,False-8,False-9,False-10,False-inf,True-0,True-1,True-2,True-3,True-4,True-5,True-6,True-7,True-8,True-9,True-10,True-inf
total_time_sec,12.025510,22.385727,13.808113,13.289722,12.659378,11.466605,9.652830,7.637343,7.393830,14.687833,6.495409,6.470968,9.267758,7.324514,7.216402,6.997525,6.742962,6.438155,6.059068,5.974587,5.334455,8.087813,5.626417,5.490096
load_time_sec,2.927712,5.143405,2.851815,2.849258,2.789628,2.724536,2.789576,2.908602,3.235170,2.724710,2.808756,2.754642,2.721612,2.839851,2.826590,2.804382,2.740192,2.782452,2.794282,2.905756,2.683859,3.029649,2.967320,2.822806
detect_races_time_sec,0.404569,0.924783,0.435299,0.457356,0.436482,0.450434,0.481040,0.532485,0.484782,0.421745,0.479891,0.489706,0.419326,0.423387,0.425889,0.440254,0.435637,0.453207,0.441965,0.483581,0.450983,0.423899,0.456746,0.454294
extract_traces_time_sec,0.064976,0.134578,0.064214,0.070157,0.063987,0.064448,0.066494,0.067726,0.074332,0.063246,0.085428,0.094886,0.074366,0.066643,0.077393,0.066971,0.067791,0.066018,0.065811,0.078770,0.072711,0.065619,0.084004,0.090417
find_reactive_cmds_time_sec,0.000035,0.000053,0.000035,0.000045,0.000034,0.000034,0.000000,0.000038,0.000036,0.000036,0.000037,0.000037,0.000038,0.000035,0.000079,0.000036,0.000000,0.000035,0.000035,0.000043,0.000035,0.000036,0.000034,0.000036
find_proactive_cmds_time_sec,0.087448,0.166256,0.087302,0.104593,0.097186,0.081536,0.095999,0.083717,0.084104,0.084311,0.091093,0.091116,0.093080,0.088455,0.088602,0.088106,0.085965,0.087115,0.082774,0.097737,0.080785,0.089889,0.084182,0.088936
find_covered_races_time,5.597320,13.026842,8.295953,7.895145,7.441442,6.349740,4.809259,2.849044,2.320412,9.023656,2.042639,2.101840,2.641564,1.770298,1.759900,1.686183,1.631283,1.468971,1.269399,1.209962,1.081753,2.030388,1.073386,1.033601
per_packet_inconsistent_time_sec,0.432238,0.243990,0.207645,0.156000,0.141407,0.124770,0.064086,0.028342,0.018617,0.275758,0.005441,0.001713,0.464746,0.246498,0.218145,0.173413,0.141244,0.105454,0.069591,0.029942,0.005066,0.336849,0.002979,0.001732
find_inconsistent_update_time_sec,-0.000255,-0.000168,-0.000156,-0.000086,-0.000133,0.000000,-0.000097,-0.000073,-0.000099,-0.000200,-0.000059,-0.000009,-0.000225,-0.000127,-0.000100,-0.000100,-0.000093,-0.000071,-0.000047,-0.000027,-0.000012,-0.000151,-0.000013,-0.000009
