key/t,False-0,False-1,False-2,False-3,False-4,False-5,False-6,False-7,False-8,False-9,False-10,False-inf,True-0,True-1,True-2,True-3,True-4,True-5,True-6,True-7,True-8,True-9,True-10,True-inf
total_time_sec,5.490096,5.626417,5.334455,5.974587,6.059068,6.438155,6.742962,6.997525,7.216402,7.324514,8.087813,9.267758,6.470968,6.495409,7.393830,7.637343,9.652830,11.466605,12.659378,13.289722,13.808113,22.385727,14.687833,12.025510
load_time_sec,2.822806,2.967320,2.683859,2.905756,2.794282,2.782452,2.740192,2.804382,2.826590,2.839851,3.029649,2.721612,2.754642,2.808756,3.235170,2.908602,2.789576,2.724536,2.789628,2.849258,2.851815,5.143405,2.724710,2.927712
detect_races_time_sec,0.454294,0.456746,0.450983,0.483581,0.441965,0.453207,0.435637,0.440254,0.425889,0.423387,0.423899,0.419326,0.489706,0.479891,0.484782,0.532485,0.481040,0.450434,0.436482,0.457356,0.435299,0.924783,0.421745,0.404569
extract_traces_time_sec,0.090417,0.084004,0.072711,0.078770,0.065811,0.066018,0.067791,0.066971,0.077393,0.066643,0.065619,0.074366,0.094886,0.085428,0.074332,0.067726,0.066494,0.064448,0.063987,0.070157,0.064214,0.134578,0.063246,0.064976
find_reactive_cmds_time_sec,0.000036,0.000034,0.000035,0.000043,0.000035,0.000035,0.000000,0.000036,0.000079,0.000035,0.000036,0.000038,0.000037,0.000037,0.000036,0.000038,0.000000,0.000034,0.000034,0.000045,0.000035,0.000053,0.000036,0.000035
find_proactive_cmds_time_sec,0.088936,0.084182,0.080785,0.097737,0.082774,0.087115,0.085965,0.088106,0.088602,0.088455,0.089889,0.093080,0.091116,0.091093,0.084104,0.083717,0.095999,0.081536,0.097186,0.104593,0.087302,0.166256,0.084311,0.087448
find_covered_races_time,1.033601,1.073386,1.081753,1.209962,1.269399,1.468971,1.631283,1.686183,1.759900,1.770298,2.030388,2.641564,2.101840,2.042639,2.320412,2.849044,4.809259,6.349740,7.441442,7.895145,8.295953,13.026842,9.023656,5.597320
per_packet_inconsistent_time_sec,0.001732,0.002979,0.005066,0.029942,0.069591,0.105454,0.141244,0.173413,0.218145,0.246498,0.336849,0.464746,0.001713,0.005441,0.018617,0.028342,0.064086,0.124770,0.141407,0.156000,0.207645,0.243990,0.275758,0.432238
find_inconsistent_update_time_sec,-0.000009,-0.000013,-0.000012,-0.000027,-0.000047,-0.000071,-0.000093,-0.000100,-0.000100,-0.000127,-0.000151,-0.000225,-0.000009,-0.000059,-0.000099,-0.000073,-0.000097,0.000000,-0.000133,-0.000086,-0.000156,-0.000168,-0.000200,-0.000255
