key/t,False-0,False-1,False-2,False-3,False-4,False-5,False-6,False-7,False-8,False-9,False-10,False-inf,True-0,True-1,True-2,True-3,True-4,True-5,True-6,True-7,True-8,True-9,True-10,True-inf
total_time_sec,5.969531,5.870051,5.761119,6.984385,9.176169,10.361414,11.543531,12.672055,13.827372,13.810138,14.438139,16.971570,9.131278,6.823998,7.058921,8.011130,10.266980,12.171352,13.922015,14.383139,15.469015,16.354921,16.292454,13.592918
load_time_sec,3.071312,3.045226,2.876748,2.927443,2.947174,3.124075,2.962919,2.856104,3.837419,2.853993,2.840576,3.026187,2.943058,3.030926,2.817199,3.014969,3.019373,2.835706,2.857141,2.916293,2.884102,3.009904,2.850635,3.037034
detect_races_time_sec,0.522081,0.483605,0.468606,0.450615,0.723575,0.448089,0.482815,0.456505,0.929642,0.440366,0.432164,0.504445,0.495878,0.517072,0.536000,0.478660,0.478935,0.525862,0.620624,0.448896,0.458612,0.430036,0.430750,0.421212
extract_traces_time_sec,0.107888,0.085460,0.076797,0.067784,0.069950,0.070596,0.080590,0.070231,0.088054,0.069327,0.075216,0.070472,0.098161,0.088604,0.076909,0.074842,0.072809,0.075785,0.074288,0.067738,0.072033,0.070572,0.070858,0.069629
find_reactive_cmds_time_sec,0.000053,0.000036,0.000035,0.000147,0.000036,0.000035,0.000048,0.000037,0.000039,0.000000,0.000038,0.000056,0.000036,0.000035,0.000000,0.000037,0.000038,0.000038,0.000036,0.000037,0.000039,0.000034,0.000037,0.000036
find_proactive_cmds_time_sec,0.124567,0.091231,0.091446,0.091567,0.095215,0.106534,0.112260,0.098787,0.112053,0.090734,0.092291,0.100743,0.093650,0.104067,0.091940,0.093790,0.099100,0.117249,0.091780,0.089276,0.096319,0.096188,0.088390,0.091270
find_covered_races_time,1.068847,1.120915,1.159746,1.177196,1.657851,1.540623,1.772673,1.739207,1.914685,1.841263,2.119846,2.512474,3.596943,2.081268,2.419973,2.880845,4.729776,6.571400,7.718953,8.272560,8.694275,9.773718,9.564235,5.899099
per_packet_inconsistent_time_sec,0.001883,0.003021,0.005423,0.028436,0.064755,0.108890,0.150872,0.168232,0.198313,0.236003,0.274954,0.457379,0.003013,0.006025,0.010284,0.031629,0.065315,0.110063,0.141398,0.170492,0.260015,0.238920,0.282105,0.428319
find_inconsistent_update_time_sec,-0.000010,-0.000010,-0.000011,0.000000,-0.000049,-0.000070,-0.000103,-0.000096,-0.000115,0.000000,-0.000154,-0.000239,-0.000015,0.000000,0.000000,-0.000073,-0.000093,-0.000115,-0.000132,-0.000147,-0.000154,-0.000195,-0.000190,-0.000262
