key/t,True-inf,True-9,True-8,True-7,True-6,True-5,True-4,True-3,True-2,True-10,True-1,True-0,False-inf,False-9,False-8,False-7,False-6,False-5,False-4,False-3,False-2,False-10,False-1,False-0
total_time_sec,13.938019,15.889915,15.946349,14.644399,12.756765,13.097967,10.896432,8.225228,7.238751,18.880773,6.912283,6.838061,10.492085,7.745854,7.738661,7.467906,7.981726,7.686878,6.702354,6.518883,5.994804,9.238430,6.155277,5.941271
load_time_sec,3.205781,2.867923,3.108265,3.147038,2.988526,3.082941,3.203256,3.029594,3.001046,3.872756,2.983282,2.992484,3.916905,2.768951,3.018783,2.913600,3.120279,3.044060,3.158989,2.998316,2.791972,3.488668,3.191907,3.084864
detect_races_time_sec,0.463031,0.464218,0.525940,0.464166,0.458307,0.568405,0.636719,0.545412,0.552879,0.527621,0.489390,0.481018,0.502937,0.421491,0.443647,0.521137,0.466984,0.534007,0.432032,0.565191,0.538117,0.578153,0.447932,0.450266
extract_traces_time_sec,0.076587,0.076039,0.072875,0.080971,0.062983,0.083527,0.084210,0.089646,0.096378,0.073944,0.084509,0.094149,0.069682,0.067176,0.071966,0.069432,0.063811,0.095339,0.063319,0.065171,0.086712,0.075079,0.078209,0.093534
find_reactive_cmds_time_sec,0.000050,0.000044,0.000037,0.000044,0.000035,0.000036,0.000043,0.000044,0.000039,0.000037,0.000035,0.000038,0.000036,0.000040,0.000038,0.000036,0.000038,0.000040,0.000035,0.000035,0.000086,0.000040,0.000035,0.000037
find_proactive_cmds_time_sec,0.149148,0.109993,0.129853,0.103340,0.093501,0.093171,0.104198,0.114766,0.139742,0.084707,0.102846,0.106638,0.089429,0.100280,0.092716,0.092342,0.112223,0.119993,0.085718,0.090386,0.105210,0.102457,0.088657,0.101124
find_covered_races_time,6.533520,9.685653,9.526309,8.902280,7.280736,7.190383,5.124723,3.097597,2.290811,11.445745,2.221021,2.110134,2.630655,2.034675,1.930623,1.901999,1.963954,1.770576,1.267151,1.308312,1.243838,2.324338,1.129481,1.170936
per_packet_inconsistent_time_sec,0.441054,0.284541,0.238819,0.187569,0.136536,0.117561,0.074445,0.029347,0.007144,0.278837,0.005839,0.001847,0.459748,0.252040,0.216032,0.197452,0.161840,0.120934,0.063396,0.032730,0.004834,0.285633,0.003836,0.001758
find_inconsistent_update_time_sec,-0.000257,-0.000208,-0.000179,-0.000164,-0.000129,-0.000202,-0.000108,-0.000073,-0.000065,-0.000915,-0.000060,-0.000009,-0.000217,-0.000126,-0.000109,-0.000113,-0.000098,-0.000082,-0.000047,-0.000031,-0.000011,-0.000697,-0.000018,-0.000009
