key/t,False-0,False-1,False-2,False-3,False-4,False-5,False-6,False-7,False-8,False-9,False-10,False-inf,True-0,True-1,True-2,True-3,True-4,True-5,True-6,True-7,True-8,True-9,True-10,True-inf
total_time_sec,6.314298,5.506443,5.728782,6.143015,5.032973,5.447032,5.667606,5.389434,5.867322,5.486397,6.793035,7.152682,6.517601,6.289482,6.238065,8.802134,12.832586,11.747827,13.299022,19.428154,15.098952,15.606599,20.913414,11.450709
load_time_sec,4.674588,3.076829,2.785880,3.948309,2.913152,3.050883,2.852507,2.874088,2.899245,2.817621,3.596104,3.365035,3.192161,3.469383,2.989702,3.122672,3.702077,3.289016,3.011631,4.734507,3.639422,2.761359,3.378172,3.749738
detect_races_time_sec,0.458085,0.455925,0.583580,0.780140,0.494598,0.459704,0.431935,0.431619,0.426732,0.434644,0.492662,0.417354,0.616997,0.498718,0.651050,0.819268,0.821434,0.609495,0.465961,0.748455,0.435428,0.437615,0.636241,0.420625
extract_traces_time_sec,0.088491,0.082510,0.143403,0.075540,0.088951,0.078385,0.068065,0.067982,0.065428,0.067670,0.067838,0.070698,0.088654,0.090134,0.102222,0.100894,0.144309,0.100036,0.064669,0.105723,0.067462,0.065765,0.117095,0.066277
find_reactive_cmds_time_sec,0.000038,0.000037,0.000056,0.000042,0.000051,0.000036,0.000038,0.000041,0.000040,0.000037,0.000036,0.000045,0.000000,0.000037,0.000036,0.000042,0.000053,0.000042,0.000038,0.000000,0.000037,0.000038,0.000049,0.000036
find_proactive_cmds_time_sec,0.086253,0.087429,0.140884,0.092762,0.102540,0.089568,0.086142,0.085915,0.084071,0.084138,0.088224,0.094912,0.084949,0.094699,0.085567,0.105244,0.140084,0.111704,0.090435,0.091433,0.084905,0.086515,0.135121,0.091154
find_covered_races_time,1.005048,1.798501,2.068722,1.216530,1.371421,1.666183,2.093267,1.768550,2.067563,1.844158,2.273954,2.772417,2.531966,2.131345,2.402005,4.625258,7.955354,7.519893,9.404177,13.565431,10.572231,11.792497,16.372594,6.685498
per_packet_inconsistent_time_sec,0.001749,0.005142,0.006200,0.029626,0.062176,0.102075,0.135496,0.161104,0.324092,0.237967,0.274030,0.431954,0.002852,0.005076,0.007380,0.028639,0.069029,0.117476,0.261770,0.182405,0.299122,0.462315,0.273843,0.436737
find_inconsistent_update_time_sec,-0.000009,-0.000015,-0.000013,-0.000028,-0.000048,-0.000198,-0.000086,-0.000099,-0.000113,-0.000127,-0.000148,-0.000226,0.000000,-0.000056,-0.000064,-0.000077,-0.000193,-0.000125,-0.000285,-0.000159,-0.000291,-0.000435,-0.000299,-0.000583
