key/t,False-0,False-1,False-2,False-3,False-4,False-5,False-6,False-7,False-8,False-9,False-10,False-inf
total_time_sec,0.483572,0.504399,0.499385,0.502525,0.514855,0.521459,0.514684,0.545879,0.511080,0.515094,0.544921,0.528347
load_time_sec,0.336706,0.356750,0.346329,0.347203,0.356345,0.354833,0.354324,0.372038,0.344307,0.349543,0.364701,0.351346
detect_races_time_sec,0.098809,0.091031,0.091904,0.093511,0.089766,0.097550,0.090370,0.092938,0.090833,0.091087,0.093478,0.086546
extract_traces_time_sec,0.020147,0.015325,0.014172,0.013449,0.013505,0.013003,0.012473,0.011781,0.011446,0.011133,0.014302,0.010100
find_reactive_cmds_time_sec,0.001154,0.001027,0.000976,0.001010,0.000980,0.001027,0.000999,0.001002,0.001027,0.001007,0.001086,0.001003
find_proactive_cmds_time_sec,0.013854,0.014522,0.013973,0.013562,0.013617,0.013841,0.013924,0.014480,0.014250,0.014069,0.014134,0.014331
find_covered_races_time,0.012260,0.021551,0.026779,0.027986,0.034174,0.032648,0.033752,0.043255,0.037623,0.036115,0.043447,0.046074
per_packet_inconsistent_time_sec,0.000592,0.004130,0.005185,0.005731,0.006374,0.008480,0.008760,0.010298,0.011505,0.012048,0.013673,0.018822
find_inconsistent_update_time_sec,-0.000017,-0.000030,-0.000033,-0.000034,-0.000051,-0.000044,-0.000049,-0.000055,-0.000056,-0.000060,-0.000064,-0.000091
