key/t,False-0,False-1,False-2,False-3,False-4,False-5,False-6,False-7,False-8,False-9,False-10,False-inf
total_time_sec,0.262622,0.266028,0.262036,0.258559,0.259173,0.256635,0.257311,0.258504,0.256780,0.243936,0.243307,0.243358
load_time_sec,0.124424,0.128488,0.126349,0.124812,0.124680,0.123563,0.123692,0.125470,0.123331,0.122401,0.122878,0.124551
detect_races_time_sec,0.097072,0.095344,0.093585,0.090807,0.089388,0.088868,0.088929,0.088285,0.088222,0.087400,0.085456,0.083336
extract_traces_time_sec,0.035347,0.033815,0.021110,0.020411,0.019751,0.019441,0.019427,0.019149,0.018802,0.017965,0.016841,0.015344
find_reactive_cmds_time_sec,0.000456,0.000456,0.000433,0.000430,0.000424,0.000419,0.000430,0.000433,0.000421,0.000421,0.000413,0.000420
find_proactive_cmds_time_sec,0.004888,0.004888,0.015788,0.016013,0.016251,0.015329,0.015628,0.015658,0.015673,0.004839,0.004562,0.004680
find_covered_races_time,0.000001,0.000001,0.000001,0.000001,0.000001,0.000001,0.000001,0.000001,0.000001,0.000001,0.000001,0.000001
per_packet_inconsistent_time_sec,0.000414,0.003002,0.004733,0.006041,0.008630,0.008963,0.009151,0.009454,0.010273,0.010850,0.013089,0.014950
find_inconsistent_update_time_sec,0.000008,0.000020,0.000027,0.000032,0.000038,0.000042,0.000043,0.000044,0.000048,0.000049,0.000058,0.000067
