key/t,False-0,False-1,False-2,False-3,False-4,False-5,False-6,False-7,False-8,False-9,False-10,False-inf
total_time_sec,0.391078,0.397569,0.415363,0.428508,0.447044,0.449523,0.445321,0.446846,0.338037,0.429810,0.330216,0.454665
load_time_sec,0.204096,0.204876,0.206869,0.205253,0.202513,0.205603,0.201781,0.204124,0.152818,0.199556,0.152425,0.202753
detect_races_time_sec,0.095906,0.094537,0.092950,0.092131,0.088824,0.089716,0.088691,0.088402,0.065654,0.087122,0.064641,0.083089
extract_traces_time_sec,0.035441,0.034575,0.021284,0.020568,0.019717,0.019839,0.019541,0.019406,0.014252,0.017806,0.012670,0.015305
find_reactive_cmds_time_sec,0.000451,0.000480,0.000435,0.000428,0.000421,0.000429,0.000421,0.000429,0.000318,0.000419,0.000316,0.000421
find_proactive_cmds_time_sec,0.004876,0.004924,0.015924,0.015938,0.016046,0.016233,0.016061,0.016260,0.012419,0.004727,0.003612,0.004614
find_covered_races_time,0.049883,0.056141,0.074595,0.090767,0.114312,0.112128,0.113393,0.112413,0.086348,0.111347,0.089113,0.136628
per_packet_inconsistent_time_sec,0.000405,0.002007,0.003268,0.003389,0.005171,0.005535,0.005392,0.005769,0.006184,0.008774,0.007391,0.011776
find_inconsistent_update_time_sec,0.000009,0.000019,0.000026,0.000026,0.000030,0.000032,0.000032,0.000034,0.000035,0.000049,0.000041,0.000068
