key/t,False-0,False-1,False-2,False-3,False-4,False-5,False-6,False-7,False-8,False-9,False-10,False-inf
total_time_sec,0.380924,0.396506,0.398492,0.423439,0.435698,0.445098,0.435356,0.433418,0.434534,0.438353,0.465862,0.451692
load_time_sec,0.231332,0.239298,0.231533,0.232657,0.230421,0.238392,0.229636,0.229994,0.233326,0.230533,0.246024,0.231789
detect_races_time_sec,0.078090,0.077423,0.075040,0.074715,0.073905,0.075470,0.072868,0.072737,0.072490,0.076610,0.077664,0.068923
extract_traces_time_sec,0.016730,0.016035,0.014610,0.014022,0.013490,0.013579,0.013344,0.013187,0.012888,0.013086,0.012537,0.009758
find_reactive_cmds_time_sec,0.000275,0.000287,0.000267,0.000264,0.000260,0.000274,0.000262,0.000263,0.000261,0.000260,0.000272,0.000249
find_proactive_cmds_time_sec,0.011832,0.011959,0.011251,0.011684,0.011258,0.011270,0.011677,0.011364,0.011198,0.011927,0.011214,0.012276
find_covered_races_time,0.042220,0.049706,0.062447,0.085593,0.099701,0.098841,0.100263,0.098199,0.095952,0.097195,0.108542,0.117393
per_packet_inconsistent_time_sec,0.000405,0.001753,0.003289,0.004448,0.006596,0.007205,0.007239,0.007607,0.008350,0.008668,0.009532,0.011220
find_inconsistent_update_time_sec,-0.000007,-0.000013,-0.000021,-0.000024,-0.000030,-0.000033,-0.000032,-0.000033,-0.000036,-0.000039,-0.000043,-0.000052
