key/t,False-0,False-1,False-2,False-3,False-4,False-5,False-6,False-7,False-8,False-9,False-10,False-inf,True-0,True-1,True-2,True-3,True-4,True-5,True-6,True-7,True-8,True-9,True-10,True-inf
total_time_sec,0.619884,0.605493,0.626094,0.666813,0.699132,0.676995,0.701508,0.681298,0.686824,0.679975,0.771241,0.699178,0.609477,0.634315,0.623540,0.648404,0.769618,0.671026,0.796110,0.698820,0.686782,0.661946,0.710986,0.714446
load_time_sec,0.356500,0.348438,0.347712,0.343759,0.360436,0.347322,0.349422,0.346640,0.348419,0.345694,0.420347,0.346594,0.354405,0.364218,0.354827,0.351071,0.416468,0.349163,0.461654,0.364079,0.355824,0.348717,0.360314,0.354206
detect_races_time_sec,0.107692,0.100710,0.100337,0.100868,0.099324,0.098874,0.107832,0.098112,0.108855,0.101633,0.095509,0.094196,0.101621,0.108469,0.099523,0.099072,0.112444,0.094325,0.098923,0.097102,0.095459,0.098049,0.106604,0.095769
extract_traces_time_sec,0.023655,0.020743,0.020484,0.022149,0.019220,0.019491,0.019814,0.018308,0.017784,0.018204,0.018182,0.015603,0.021424,0.017140,0.015453,0.013935,0.015896,0.013159,0.015564,0.012333,0.012197,0.012047,0.012813,0.011142
find_reactive_cmds_time_sec,0.000415,0.000428,0.000488,0.000452,0.000409,0.000387,0.000403,0.000390,0.000386,0.000459,0.000415,0.000391,0.000391,0.000424,0.000424,0.000436,0.000834,0.000381,0.000435,0.000375,0.000433,0.000373,0.000384,0.000679
find_proactive_cmds_time_sec,0.081378,0.075630,0.076518,0.083055,0.082220,0.076659,0.088094,0.079533,0.079055,0.076767,0.085694,0.079914,0.080844,0.083767,0.078353,0.079207,0.097122,0.082077,0.085253,0.085133,0.082324,0.077154,0.080809,0.077650
find_covered_races_time,0.049741,0.057707,0.076805,0.110552,0.130359,0.126141,0.128577,0.130674,0.124411,0.127503,0.140173,0.149173,0.050287,0.058232,0.071245,0.100022,0.119620,0.124626,0.127557,0.131544,0.131583,0.116826,0.139916,0.160003
per_packet_inconsistent_time_sec,0.000458,0.001792,0.003586,0.005870,0.007107,0.008063,0.007306,0.007580,0.007830,0.009655,0.010854,0.013229,0.000463,0.002021,0.003667,0.004610,0.007138,0.007205,0.006665,0.008199,0.008902,0.008714,0.010077,0.014899
find_inconsistent_update_time_sec,-0.000008,-0.000012,-0.000016,0.000000,-0.000024,-0.000024,-0.000023,-0.000024,-0.000084,-0.000026,-0.000032,-0.000036,-0.000008,-0.000012,-0.000016,-0.000019,0.000000,-0.000090,-0.000023,-0.000025,-0.000027,-0.000029,-0.000032,-0.000038
