key/t,False-0,False-1,False-2,False-3,False-4,False-5,False-6,False-7,False-8,False-9,False-10,False-inf
total_time_sec,0.464657,0.430111,0.431747,0.462599,0.475378,0.496462,0.490392,0.481110,0.469366,0.471541,0.485030,0.520017
load_time_sec,0.263215,0.239616,0.236856,0.244972,0.247601,0.250127,0.259862,0.241440,0.247202,0.251023,0.243043,0.263744
detect_races_time_sec,0.095055,0.086302,0.092557,0.085981,0.085584,0.088291,0.086091,0.091953,0.081328,0.081860,0.079406,0.085071
extract_traces_time_sec,0.022581,0.018733,0.018219,0.018989,0.017186,0.020553,0.017367,0.017203,0.016214,0.016154,0.018433,0.014429
find_reactive_cmds_time_sec,0.000416,0.000370,0.000395,0.000412,0.000371,0.000421,0.000379,0.000380,0.000370,0.000360,0.000412,0.000367
find_proactive_cmds_time_sec,0.029574,0.027174,0.011936,0.012886,0.012384,0.012113,0.011949,0.012224,0.011750,0.011764,0.015145,0.012753
find_covered_races_time,0.053291,0.056138,0.068457,0.094543,0.105227,0.117286,0.107278,0.109471,0.104136,0.101507,0.118403,0.130862
per_packet_inconsistent_time_sec,0.000473,0.001728,0.003271,0.004754,0.006959,0.007593,0.007397,0.008367,0.008290,0.008777,0.010108,0.012627
find_inconsistent_update_time_sec,-0.000010,-0.000014,-0.000021,-0.000027,-0.000030,-0.000041,-0.000032,-0.000034,-0.000039,-0.000060,-0.000043,-0.000094
