key/t,False-0,False-1,False-2,False-3,False-4,False-5,False-6,False-7,False-8,False-9,False-10,False-inf,True-0,True-1,True-2,True-3,True-4,True-5,True-6,True-7,True-8,True-9,True-10,True-inf
total_time_sec,1.247294,1.344869,1.445825,1.333079,1.451548,1.566589,1.509897,1.916523,1.533588,1.475478,1.489542,1.523444,1.170465,1.264342,1.374151,1.353331,1.420432,1.441610,1.506013,1.631746,1.748223,1.579549,1.586525,1.629504
load_time_sec,0.679564,0.717949,0.807397,0.669278,0.736447,0.693169,0.689080,0.867118,0.709307,0.673891,0.684326,0.705491,0.691937,0.657907,0.740670,0.677412,0.675038,0.680415,0.693776,0.776970,0.687062,0.698451,0.687282,0.725651
detect_races_time_sec,0.130618,0.128921,0.119336,0.131775,0.128494,0.162563,0.120861,0.205894,0.122903,0.120657,0.117639,0.120444,0.128940,0.126351,0.123637,0.123755,0.122305,0.122690,0.119483,0.120860,0.175032,0.122664,0.121718,0.124454
extract_traces_time_sec,0.019500,0.011865,0.011866,0.010840,0.010934,0.018282,0.012405,0.019715,0.011629,0.011661,0.010299,0.011632,0.019039,0.011349,0.011954,0.010557,0.010667,0.011267,0.011916,0.011754,0.011123,0.011298,0.011247,0.012501
find_reactive_cmds_time_sec,0.000254,0.000340,0.000264,0.000253,0.000250,0.006412,0.000172,0.000539,0.000254,0.000249,0.000526,0.000250,0.000265,0.000258,0.000257,0.000261,0.000254,0.000254,0.000259,0.000303,0.000348,0.000020,0.000271,0.000261
find_proactive_cmds_time_sec,0.124213,0.085285,0.078601,0.083452,0.083333,0.119625,0.082982,0.136225,0.084539,0.081968,0.078492,0.085740,0.111670,0.083423,0.082976,0.083772,0.076545,0.080327,0.081531,0.079914,0.097531,0.079917,0.086155,0.087717
find_covered_races_time,0.022141,0.029854,0.031677,0.035455,0.041093,0.065242,0.051627,0.068063,0.053553,0.055412,0.056281,0.060860,0.021605,0.028164,0.030655,0.039237,0.051110,0.063763,0.076406,0.082809,0.103211,0.081204,0.088927,0.075582
per_packet_inconsistent_time_sec,0.000416,0.004308,0.005960,0.006620,0.009268,0.012779,0.014757,0.019919,0.015378,0.014791,0.017724,0.017339,0.000714,0.004144,0.006306,0.006811,0.008963,0.010239,0.012984,0.014440,0.015505,0.015058,0.015850,0.016336
find_inconsistent_update_time_sec,-0.000015,-0.000024,-0.000030,-0.000029,-0.000033,-0.000038,0.000000,0.000000,-0.000049,-0.000048,-0.000072,-0.000054,-0.000015,-0.000023,-0.000027,-0.000054,-0.000200,-0.000272,-0.000284,-0.000258,-0.000337,-0.000334,-0.000414,-0.000383
