key/t,False-0,False-1,False-2,False-3,False-4,False-5,False-6,False-7,False-8,False-9,False-10,False-inf,True-0,True-1,True-2,True-3,True-4,True-5,True-6,True-7,True-8,True-9,True-10,True-inf
total_time_sec,3.462560,3.470444,3.036127,3.148411,3.469956,3.603227,3.554906,3.476911,3.981928,3.947326,3.877888,3.361039,2.589342,2.898942,3.076949,3.623837,2.628955,3.279504,3.586632,3.425099,3.178803,3.266104,3.013145,3.453417
load_time_sec,2.045210,1.810175,1.744032,1.551753,1.447206,1.700080,1.412783,1.523756,1.768032,1.619214,1.299225,1.409113,1.655809,1.495306,1.449476,2.135787,1.287612,1.460525,1.721742,1.684743,1.170947,1.285732,1.216402,1.446427
detect_races_time_sec,0.535931,0.366570,0.276467,0.250128,0.302336,0.382252,0.341695,0.256511,0.228129,0.253666,0.250196,0.292222,0.294140,0.244670,0.449315,0.235704,0.197511,0.258436,0.273408,0.421226,0.221129,0.270515,0.328769,0.382564
extract_traces_time_sec,0.049453,0.030646,0.022267,0.019998,0.020657,0.021454,0.021517,0.021153,0.020801,0.024240,0.020411,0.042250,0.033051,0.045581,0.030385,0.020551,0.019243,0.021926,0.020159,0.025458,0.019371,0.039960,0.019054,0.025038
find_reactive_cmds_time_sec,0.000698,0.000701,0.000639,0.000504,0.000624,0.000670,0.001555,0.000775,0.000705,0.000671,0.000659,0.000672,0.000666,0.000705,0.000627,0.000665,0.000600,0.000618,0.000686,0.000918,0.000606,0.000885,0.000532,0.000599
find_proactive_cmds_time_sec,0.204964,0.160052,0.110443,0.147688,0.142528,0.178052,0.231719,0.137485,0.125198,0.130275,0.113069,0.127012,0.142154,0.163559,0.133235,0.105443,0.101780,0.118355,0.103234,0.113961,0.101118,0.142449,0.096512,0.131056
find_covered_races_time,0.052028,0.094270,0.068255,0.139368,0.129262,0.162596,0.109603,0.152296,0.125945,0.126939,0.182783,0.153545,0.044133,0.088914,0.086170,0.066529,0.106461,0.182272,0.143418,0.134420,0.154360,0.213012,0.152575,0.135462
per_packet_inconsistent_time_sec,0.000763,0.008335,0.010579,0.013115,0.036756,0.019719,0.053717,0.035224,0.096920,0.031656,0.030796,0.029549,0.000655,0.013515,0.012829,0.012554,0.012064,0.034562,0.020983,0.017133,0.024232,0.036938,0.026310,0.026430
find_inconsistent_update_time_sec,-0.000018,-0.000038,-0.000044,-0.000049,-0.000052,-0.000073,-0.000252,-0.000089,-0.000097,-0.000093,-0.000093,-0.000097,-0.000015,-0.000040,-0.000045,-0.000092,-0.000331,-0.016515,-0.000519,-0.000478,-0.000617,-0.000912,-0.000683,-0.000698
