key/t,False-0,False-1,False-2,False-3,False-4,False-5,False-6,False-7,False-8,False-9,False-10,False-inf,True-0,True-1,True-2,True-3,True-4,True-5,True-6,True-7,True-8,True-9,True-10,True-inf
total_time_sec,1.423509,1.342659,1.393271,1.421142,1.494039,1.473165,1.580058,1.745572,1.912125,2.120811,3.330440,2.951274,1.301561,1.262938,1.358080,1.711252,1.463050,1.657832,1.643511,1.645188,1.914123,1.670837,1.713678,1.674515
load_time_sec,0.903866,0.706435,0.728652,0.708844,0.688725,0.695925,0.700073,0.746348,0.959736,0.906301,1.373733,0.893331,0.784052,0.677162,0.714222,0.972459,0.706077,0.750988,0.717603,0.745838,0.834649,0.728561,0.742816,0.796289
detect_races_time_sec,0.133788,0.128383,0.134327,0.126071,0.128677,0.123397,0.122178,0.123108,0.123306,0.124335,0.259120,0.273293,0.139282,0.128161,0.128430,0.155420,0.129935,0.124537,0.124168,0.122671,0.150007,0.134480,0.152593,0.128309
extract_traces_time_sec,0.019296,0.011024,0.011782,0.012505,0.011663,0.011237,0.011124,0.011873,0.011402,0.011721,0.021857,0.022639,0.017999,0.011397,0.013796,0.013056,0.011572,0.011495,0.012403,0.011961,0.014388,0.012710,0.013475,0.011567
find_reactive_cmds_time_sec,0.000273,0.001297,0.000265,0.000262,0.000256,0.000253,0.000250,0.000133,0.000259,0.000262,0.000501,0.000508,0.000291,0.000255,0.000269,0.000309,0.000258,0.000255,0.000263,0.000271,0.000302,0.000322,0.000213,0.000262
find_proactive_cmds_time_sec,0.127016,0.097483,0.085849,0.088040,0.086897,0.078945,0.082223,0.085568,0.092362,0.090821,0.141544,0.143919,0.118559,0.078829,0.081284,0.087154,0.086292,0.088551,0.087611,0.087701,0.186906,0.090832,0.090064,0.091659
find_covered_races_time,0.022496,0.035744,0.033142,0.038194,0.044119,0.046447,0.051821,0.055371,0.053908,0.059447,0.123032,0.138459,0.024440,0.026708,0.030971,0.039528,0.055737,0.071723,0.077780,0.084798,0.103051,0.089518,0.087775,0.073928
per_packet_inconsistent_time_sec,0.000460,0.004839,0.005687,0.007638,0.009485,0.011012,0.011846,0.013879,0.012677,0.020320,0.036337,0.036502,0.000438,0.004559,0.005459,0.007552,0.009932,0.011139,0.012036,0.014920,0.017841,0.018321,0.015864,0.017611
find_inconsistent_update_time_sec,-0.000014,0.000000,-0.000027,-0.000030,-0.000027,-0.000038,-0.000045,0.000000,-0.000047,-0.000105,-0.000115,-0.000113,-0.000015,-0.000192,-0.000028,-0.000055,-0.000201,-0.000266,-0.000284,-0.000248,-0.000326,-0.000301,-0.000434,-0.000398
