key/t,False-0,False-1,False-2,False-3,False-4,False-5,False-6,False-7,False-8,False-9,False-10,False-inf,True-0,True-1,True-2,True-3,True-4,True-5,True-6,True-7,True-8,True-9,True-10,True-inf
total_time_sec,3.453417,3.266104,3.178803,3.425099,3.586632,3.279504,2.628955,3.623837,3.076949,3.013145,2.898942,2.589342,3.361039,3.947326,3.981928,3.476911,3.554906,3.603227,3.469956,3.148411,3.036127,3.877888,3.470444,3.462560
load_time_sec,1.446427,1.285732,1.170947,1.684743,1.721742,1.460525,1.287612,2.135787,1.449476,1.216402,1.495306,1.655809,1.409113,1.619214,1.768032,1.523756,1.412783,1.700080,1.447206,1.551753,1.744032,1.299225,1.810175,2.045210
detect_races_time_sec,0.382564,0.270515,0.221129,0.421226,0.273408,0.258436,0.197511,0.235704,0.449315,0.328769,0.244670,0.294140,0.292222,0.253666,0.228129,0.256511,0.341695,0.382252,0.302336,0.250128,0.276467,0.250196,0.366570,0.535931
extract_traces_time_sec,0.025038,0.039960,0.019371,0.025458,0.020159,0.021926,0.019243,0.020551,0.030385,0.019054,0.045581,0.033051,0.042250,0.024240,0.020801,0.021153,0.021517,0.021454,0.020657,0.019998,0.022267,0.020411,0.030646,0.049453
find_reactive_cmds_time_sec,0.000599,0.000885,0.000606,0.000918,0.000686,0.000618,0.000600,0.000665,0.000627,0.000532,0.000705,0.000666,0.000672,0.000671,0.000705,0.000775,0.001555,0.000670,0.000624,0.000504,0.000639,0.000659,0.000701,0.000698
find_proactive_cmds_time_sec,0.131056,0.142449,0.101118,0.113961,0.103234,0.118355,0.101780,0.105443,0.133235,0.096512,0.163559,0.142154,0.127012,0.130275,0.125198,0.137485,0.231719,0.178052,0.142528,0.147688,0.110443,0.113069,0.160052,0.204964
find_covered_races_time,0.135462,0.213012,0.154360,0.134420,0.143418,0.182272,0.106461,0.066529,0.086170,0.152575,0.088914,0.044133,0.153545,0.126939,0.125945,0.152296,0.109603,0.162596,0.129262,0.139368,0.068255,0.182783,0.094270,0.052028
per_packet_inconsistent_time_sec,0.026430,0.036938,0.024232,0.017133,0.020983,0.034562,0.012064,0.012554,0.012829,0.026310,0.013515,0.000655,0.029549,0.031656,0.096920,0.035224,0.053717,0.019719,0.036756,0.013115,0.010579,0.030796,0.008335,0.000763
find_inconsistent_update_time_sec,-0.000698,-0.000912,-0.000617,-0.000478,-0.000519,-0.016515,-0.000331,-0.000092,-0.000045,-0.000683,-0.000040,-0.000015,-0.000097,-0.000093,-0.000097,-0.000089,-0.000252,-0.000073,-0.000052,-0.000049,-0.000044,-0.000093,-0.000038,-0.000018
