key/t,False-0,False-1,False-2,False-3,False-4,False-5,False-6,False-7,False-8,False-9,False-10,False-inf,True-0,True-1,True-2,True-3,True-4,True-5,True-6,True-7,True-8,True-9,True-10,True-inf
total_time_sec,4.863527,4.902760,5.580357,5.168877,5.512783,5.477483,6.089170,5.187718,9.103425,9.431786,11.942680,14.335466,13.277685,9.830388,10.179952,9.166653,5.251109,5.361628,5.298578,5.234958,5.355829,5.293106,6.381349,5.144071
load_time_sec,3.115415,3.143377,3.258652,3.210147,3.364806,3.359233,3.527138,3.056714,5.258173,6.750437,7.059077,8.424480,8.545556,6.557181,6.936761,5.176889,3.109867,3.439285,3.326117,3.238367,3.344029,3.360849,4.363503,3.149739
detect_races_time_sec,1.315647,1.281908,1.626654,1.282686,1.261566,1.299054,1.450452,1.245872,2.240060,1.799720,2.773474,3.841978,3.738823,2.505958,2.343995,2.976199,1.397437,1.360406,1.311122,1.371272,1.361396,1.345605,1.402648,1.270676
extract_traces_time_sec,0.134361,0.039022,0.043076,0.038757,0.036418,0.036317,0.039769,0.033771,0.056767,0.029851,0.080853,0.070580,0.261983,0.083114,0.081471,0.077210,0.041430,0.039777,0.036524,0.036701,0.035436,0.032387,0.033852,0.030363
find_reactive_cmds_time_sec,0.000923,0.000870,0.001565,0.000864,0.000908,0.000953,0.000954,0.000926,0.001530,0.000908,0.002141,0.002325,0.002192,0.001929,0.002015,0.001954,0.000962,0.000968,0.000965,0.000953,0.000986,0.000930,0.001203,0.000914
find_proactive_cmds_time_sec,0.063371,0.128507,0.148534,0.128290,0.143706,0.133039,0.187356,0.064263,0.100014,0.064672,0.133663,0.141854,0.286857,0.240590,0.241399,0.227095,0.170312,0.138671,0.149309,0.067118,0.071768,0.071429,0.072161,0.067592
find_covered_races_time,0.232665,0.296827,0.475939,0.470716,0.651372,0.592238,0.822516,0.722871,1.331571,0.709303,1.704747,1.564954,0.415373,0.415511,0.527825,0.620682,0.443886,0.325702,0.407495,0.451813,0.465967,0.396676,0.422348,0.434211
per_packet_inconsistent_time_sec,0.001096,0.012190,0.025864,0.037336,0.053883,0.056542,0.060848,0.063194,0.115123,0.076773,0.188424,0.288879,0.026808,0.025990,0.046390,0.086442,0.087013,0.056719,0.066941,0.068612,0.076118,0.085092,0.085504,0.190348
find_inconsistent_update_time_sec,-0.000022,-0.000033,-0.000045,-0.000054,-0.000078,-0.000078,-0.000103,-0.000078,-0.000148,-0.000093,-0.000256,-0.000369,-0.000046,-0.000072,-0.000063,-0.000140,-0.000159,-0.000075,-0.000077,-0.000092,-0.000099,-0.000107,-0.000102,-0.000196
