key/t,False-0,False-1,False-2,False-3,False-4,False-5,False-6,False-7,False-8,False-9,False-10,False-inf
total_time_sec,16.061862,15.417014,15.239547,15.371184,15.691836,15.576666,15.616560,15.412585,15.822422,15.431925,15.734844,15.877097
load_time_sec,11.723649,11.253674,11.081376,11.174801,11.467415,11.388822,11.275917,11.176217,11.293541,11.111446,11.389995,11.463610
detect_races_time_sec,3.525110,3.390054,3.343456,3.388885,3.427152,3.355962,3.469745,3.368764,3.635474,3.453093,3.465286,3.566994
extract_traces_time_sec,0.519856,0.469597,0.480857,0.470467,0.456588,0.467833,0.486748,0.473136,0.478304,0.446640,0.460477,0.147083
find_reactive_cmds_time_sec,0.123438,0.121259,0.122892,0.121276,0.120368,0.121674,0.120591,0.121901,0.121868,0.120923,0.118524,0.124017
find_proactive_cmds_time_sec,0.137177,0.132390,0.137584,0.137212,0.133380,0.136856,0.139935,0.132436,0.134438,0.132079,0.130551,0.136578
find_covered_races_time,0.030190,0.038367,0.048231,0.047397,0.048584,0.055883,0.061543,0.066627,0.071325,0.075077,0.074415,0.177973
per_packet_inconsistent_time_sec,0.002335,0.011552,0.024992,0.030983,0.038183,0.049458,0.061890,0.073304,0.087247,0.092445,0.095379,0.260431
find_inconsistent_update_time_sec,0.000090,0.000104,0.000142,0.000147,0.000149,0.000161,0.000175,0.000185,0.000208,0.000206,0.000200,0.000392
