key/t,False-0,False-1,False-2,False-3,False-4,False-5,False-6,False-7,False-8,False-9,False-10,False-inf
total_time_sec,12.177465,12.256671,12.239123,12.138989,12.205271,12.279269,12.255518,12.543979,12.105857,12.471712,12.274140,12.175332
load_time_sec,8.967616,9.005365,9.003814,8.918758,8.967442,9.027726,8.981783,9.291377,8.878426,9.142614,8.978727,8.972493
detect_races_time_sec,2.744509,2.766139,2.735069,2.728020,2.733201,2.735716,2.738870,2.713894,2.681254,2.758060,2.724394,2.693074
extract_traces_time_sec,0.413427,0.417820,0.416718,0.403659,0.406987,0.400763,0.403271,0.398737,0.392870,0.400843,0.399678,0.117651
find_reactive_cmds_time_sec,0.008734,0.008581,0.008781,0.008609,0.008580,0.009076,0.009200,0.008838,0.008549,0.009462,0.008816,0.008638
find_proactive_cmds_time_sec,0.016052,0.015989,0.016209,0.016503,0.016520,0.018659,0.018994,0.015661,0.015482,0.017102,0.015906,0.016644
find_covered_races_time,0.025459,0.033447,0.038225,0.038277,0.041331,0.047779,0.052467,0.055694,0.059116,0.063473,0.064097,0.144533
per_packet_inconsistent_time_sec,0.001574,0.009226,0.020192,0.025045,0.031085,0.039417,0.050789,0.059631,0.070008,0.079979,0.082356,0.222008
find_inconsistent_update_time_sec,0.000080,0.000091,0.000101,0.000104,0.000110,0.000117,0.000130,0.000134,0.000138,0.000161,0.000152,0.000273
