key/t,False-0,False-1,False-2,False-3,False-4,False-5,False-6,False-7,False-8,False-9,False-10,False-inf
total_time_sec,7.241079,7.003099,7.052851,7.042378,7.045418,7.541848,7.125667,7.270259,7.249948,7.181491,7.704382,7.158537
load_time_sec,4.074021,4.075105,4.111017,4.097576,4.103426,4.594593,4.158955,4.087739,4.056386,4.025875,4.485235,4.099524
detect_races_time_sec,2.736780,2.737669,2.740137,2.743608,2.732606,2.728259,2.740313,2.869680,2.710679,2.674074,2.732767,2.670980
extract_traces_time_sec,0.160107,0.156030,0.155034,0.151462,0.152180,0.150994,0.150288,0.199083,0.144693,0.143252,0.143843,0.118540
find_reactive_cmds_time_sec,0.009014,0.008751,0.009202,0.008557,0.008657,0.008746,0.009090,0.011765,0.008794,0.008476,0.008530,0.008543
find_proactive_cmds_time_sec,0.259442,0.016344,0.016801,0.016305,0.016452,0.016786,0.016651,0.021637,0.256122,0.253065,0.253581,0.019291
find_covered_races_time,0.000002,0.000001,0.000001,0.000001,0.000001,0.000001,0.000002,0.000001,0.000001,0.000002,0.000001,0.000001
per_packet_inconsistent_time_sec,0.001620,0.009096,0.020543,0.024751,0.031965,0.042324,0.050221,0.080153,0.073122,0.076575,0.080266,0.241368
find_inconsistent_update_time_sec,0.000079,0.000087,0.000098,0.000102,0.000114,0.000128,0.000130,0.000179,0.000138,0.000153,0.000147,0.000273
