key/t,False-0,False-1,False-2,False-3,False-4,False-5,False-6,False-7,False-8,False-9,False-10,False-inf,True-0,True-1,True-2,True-3,True-4,True-5,True-6,True-7,True-8,True-9,True-10,True-inf
total_time_sec,21.319423,20.906347,20.765360,20.275188,20.384107,19.806131,19.949425,19.982503,20.164838,20.204016,20.568750,20.958993,19.890435,19.740735,20.070667,19.341473,19.673629,20.485188,20.298747,20.148963,20.256723,20.061709,20.037168,20.584871
load_time_sec,17.292098,16.870670,16.790112,16.293716,16.450511,15.907496,15.839253,16.070271,16.141877,16.116835,16.674730,16.461787,15.950333,15.961496,16.145366,15.528202,15.801961,16.386327,16.212978,16.095839,15.964024,15.869595,15.983867,15.821066
detect_races_time_sec,3.545301,3.543917,3.468561,3.448510,3.424383,3.398893,3.548542,3.321520,3.413902,3.479598,3.301276,3.558013,3.477039,3.305775,3.425565,3.311192,3.327020,3.507339,3.424563,3.339591,3.472497,3.406020,3.259186,3.256187
extract_traces_time_sec,0.399435,0.391487,0.391550,0.398201,0.369643,0.343862,0.381793,0.389160,0.399681,0.384582,0.365467,0.358428,0.379096,0.379070,0.381789,0.368181,0.374268,0.372400,0.363465,0.349831,0.399113,0.371494,0.357077,0.344949
find_reactive_cmds_time_sec,0.013272,0.010765,0.010883,0.012497,0.010297,0.010227,0.010563,0.010996,0.010533,0.010418,0.010391,0.012879,0.011298,0.011107,0.010837,0.010550,0.010770,0.010639,0.011688,0.010545,0.012616,0.010672,0.010247,0.010286
find_proactive_cmds_time_sec,0.033867,0.035240,0.031418,0.035093,0.029794,0.029938,0.039290,0.034097,0.030783,0.031545,0.029739,0.033596,0.038180,0.033508,0.031229,0.030616,0.030589,0.030722,0.039010,0.037352,0.041928,0.030927,0.030882,0.030591
find_covered_races_time,0.033173,0.039683,0.045063,0.051036,0.048430,0.058097,0.057650,0.063487,0.067386,0.076780,0.079007,0.214727,0.032170,0.036696,0.046280,0.047631,0.060596,0.086521,0.115093,0.154602,0.179098,0.178193,0.188854,0.532496
per_packet_inconsistent_time_sec,0.002097,0.014398,0.027605,0.035956,0.050892,0.057403,0.072134,0.092773,0.100473,0.103917,0.107957,0.319288,0.002178,0.012941,0.029448,0.043311,0.063540,0.083498,0.120659,0.148161,0.172669,0.178014,0.188147,0.513285
find_inconsistent_update_time_sec,-0.000128,-0.000120,-0.000108,-0.000108,-0.000096,-0.000148,-0.000139,-0.000138,-0.000119,-0.000247,-0.000121,-0.000213,-0.000088,-0.000080,-0.000090,-0.001729,-0.004826,-0.007681,-0.011217,-0.012981,-0.014718,-0.016734,-0.018847,-0.075942
