key/t,False-0,False-1,False-2,False-3,False-4,False-5,False-6,False-7,False-8,False-9,False-10,False-inf
total_time_sec,19.935912,19.926209,20.010566,20.241067,20.456652,20.297741,20.212731,20.749373,20.603570,19.915059,20.064361,20.409515
load_time_sec,15.966204,15.971321,16.006483,16.190523,16.455699,16.189531,16.097503,16.667638,16.412423,15.892242,16.068735,16.120577
detect_races_time_sec,3.458558,3.435320,3.465391,3.521474,3.444310,3.531177,3.516740,3.490822,3.582986,3.415095,3.369482,3.392964
extract_traces_time_sec,0.426857,0.417724,0.408768,0.393079,0.406846,0.417743,0.413079,0.390539,0.390569,0.392599,0.395371,0.357881
find_reactive_cmds_time_sec,0.010324,0.010424,0.010344,0.013158,0.010660,0.010676,0.012743,0.010176,0.011169,0.010418,0.010430,0.010166
find_proactive_cmds_time_sec,0.031498,0.033708,0.038841,0.039759,0.041702,0.031943,0.032924,0.032455,0.034568,0.031387,0.033801,0.036422
find_covered_races_time,0.039645,0.043554,0.053950,0.046298,0.051242,0.059059,0.066527,0.073985,0.072680,0.076076,0.080896,0.171674
per_packet_inconsistent_time_sec,0.002682,0.014036,0.026613,0.036635,0.046046,0.057435,0.073029,0.083570,0.098990,0.097034,0.105425,0.319432
find_inconsistent_update_time_sec,-0.000093,-0.000082,-0.000125,-0.000100,-0.000104,-0.000136,-0.000145,-0.000146,-0.000144,-0.000168,-0.000179,-0.000358
