key/t,False-0,False-1,False-2,False-3,False-4,False-5,False-6,False-7,False-8,False-9,False-10,False-inf,True-0,True-1,True-2,True-3,True-4,True-5,True-6,True-7,True-8,True-9,True-10,True-inf
total_time_sec,19.960350,20.516380,20.435727,20.657554,21.470815,21.979313,21.550468,21.215062,20.795274,20.948357,22.525161,20.382769,20.798439,20.002130,20.084789,19.553089,19.970094,20.662642,20.494161,20.341107,20.329070,20.530028,19.989644,21.966617
load_time_sec,16.114875,16.513916,16.448613,16.665393,17.228965,17.733385,17.303638,17.168470,16.665853,16.862442,17.178269,16.194526,16.872000,16.141443,16.207644,15.786229,15.939188,16.585113,16.394775,16.288203,16.158399,16.351526,15.842494,16.825669
detect_races_time_sec,3.386903,3.492483,3.478991,3.466231,3.684488,3.688157,3.652318,3.435794,3.487065,3.471109,4.594422,3.314720,3.449081,3.379458,3.376916,3.260174,3.487946,3.452918,3.424158,3.290512,3.383670,3.354202,3.307699,3.489691
extract_traces_time_sec,0.380978,0.409197,0.377372,0.389966,0.406495,0.387752,0.397830,0.399311,0.400714,0.382441,0.448031,0.323193,0.396664,0.383936,0.383969,0.380917,0.365513,0.391131,0.382849,0.383349,0.360947,0.374595,0.382786,0.352895
find_reactive_cmds_time_sec,0.010569,0.011054,0.011239,0.011027,0.012433,0.011676,0.011411,0.011108,0.011466,0.011118,0.014878,0.010786,0.010797,0.010181,0.010238,0.010386,0.010613,0.010680,0.011069,0.010568,0.010810,0.014025,0.011507,0.011569
find_proactive_cmds_time_sec,0.031425,0.033126,0.032908,0.031979,0.036047,0.033728,0.041226,0.034300,0.034328,0.032359,0.043432,0.033365,0.039142,0.030399,0.031418,0.031474,0.035219,0.032794,0.034824,0.040558,0.042869,0.035299,0.031327,0.031541
find_covered_races_time,0.033290,0.041765,0.054462,0.054101,0.054160,0.062319,0.068153,0.075211,0.081382,0.083689,0.103646,0.206085,0.028793,0.043007,0.046837,0.045947,0.059306,0.094157,0.119813,0.158160,0.175240,0.183121,0.210769,0.595083
per_packet_inconsistent_time_sec,0.002136,0.014692,0.031990,0.038704,0.048049,0.062124,0.075720,0.090694,0.114277,0.104995,0.142241,0.299833,0.001826,0.013574,0.027620,0.036231,0.067438,0.087904,0.116318,0.152675,0.180271,0.198211,0.184895,0.585068
find_inconsistent_update_time_sec,-0.000122,-0.000095,-0.000099,-0.000101,-0.000121,-0.000117,-0.000119,-0.000123,-0.000132,-0.000137,-0.000178,-0.000209,-0.000077,-0.000083,-0.000089,-0.001652,-0.004810,-0.007877,-0.010294,-0.017029,-0.016796,-0.018987,-0.018115,-0.075042
