key/t,False-0,False-1,False-2,False-3,False-4,False-5,False-6,False-7,False-8,False-9,False-10,False-inf,True-0,True-1,True-2,True-3,True-4,True-5,True-6,True-7,True-8,True-9,True-10,True-inf
total_time_sec,25.679858,25.193618,26.025063,31.222524,26.440240,25.156095,27.594758,26.077795,25.886867,26.657964,25.514818,25.664012,25.993010,25.513700,25.455472,24.984714,25.398654,26.155202,25.772433,27.116662,26.218544,25.582660,26.132801,26.555425
load_time_sec,20.445302,20.249665,20.881835,26.008916,21.219054,19.965325,20.221204,20.462495,20.066035,21.573283,20.178887,20.130466,20.621579,20.035967,20.475454,20.083015,20.443787,20.249065,20.519798,21.551433,20.779475,20.092914,20.324118,19.949353
detect_races_time_sec,4.403998,4.166261,4.248438,4.337054,4.386394,4.329908,6.434320,4.682518,4.578600,4.139791,4.329442,4.205099,4.642393,4.629739,4.211714,4.109549,4.114390,4.813657,4.185795,4.358827,4.181663,4.282635,4.523646,4.339263
extract_traces_time_sec,0.663551,0.585024,0.655800,0.613018,0.581745,0.570685,0.629021,0.593958,0.728687,0.564360,0.581360,0.506322,0.573292,0.655257,0.550240,0.558160,0.547155,0.564877,0.580683,0.596977,0.616378,0.538822,0.557843,0.533855
find_reactive_cmds_time_sec,0.014994,0.014062,0.017691,0.013753,0.014133,0.013863,0.014344,0.013501,0.014691,0.013479,0.016424,0.013824,0.013144,0.013473,0.016604,0.014010,0.013385,0.014416,0.012901,0.016342,0.015805,0.014243,0.013909,0.014395
find_proactive_cmds_time_sec,0.106829,0.110227,0.122792,0.138615,0.110314,0.109876,0.111446,0.107798,0.106215,0.111643,0.123242,0.107210,0.100318,0.108795,0.107394,0.103893,0.105265,0.112052,0.107394,0.114273,0.119696,0.105326,0.108893,0.116575
find_covered_races_time,0.042032,0.049886,0.063127,0.066577,0.068668,0.084060,0.087687,0.099161,0.141284,0.105823,0.133229,0.288272,0.039016,0.051426,0.057713,0.063514,0.085487,0.160711,0.174720,0.236528,0.246926,0.265144,0.294016,0.807922
per_packet_inconsistent_time_sec,0.002946,0.018289,0.035172,0.044374,0.059659,0.082143,0.096507,0.118098,0.250956,0.149275,0.151977,0.412455,0.003082,0.018844,0.036155,0.049812,0.081193,0.218187,0.173292,0.220271,0.234523,0.256069,0.276799,0.697848
find_inconsistent_update_time_sec,-0.000166,-0.000164,-0.000169,-0.000170,-0.000178,-0.000195,-0.000189,-0.000228,-0.000328,-0.000268,-0.000218,-0.000325,-0.000150,-0.000162,-0.000162,-0.002720,-0.007952,-0.022237,-0.017802,-0.021961,-0.024078,-0.027460,-0.033530,-0.096164
