key/t,False-0,False-1,False-2,False-3,False-4,False-5,False-6,False-7,False-8,False-9,False-10,False-inf
total_time_sec,17.726642,18.415171,17.818252,17.796102,17.701185,17.928585,17.934475,18.045963,18.084339,18.154015,18.149568,18.056401
load_time_sec,14.280334,14.905114,14.312520,14.313451,14.249630,14.431046,14.400004,14.453460,14.501255,14.547886,14.554907,14.277441
detect_races_time_sec,3.014268,3.049083,3.026585,2.970498,2.968882,2.978410,2.996535,3.036159,3.031561,3.020918,3.039375,2.931289
extract_traces_time_sec,0.353328,0.368501,0.364256,0.390884,0.344828,0.368771,0.366497,0.365373,0.341008,0.369711,0.335105,0.322310
find_reactive_cmds_time_sec,0.009775,0.009948,0.009739,0.010409,0.009966,0.009776,0.011071,0.009681,0.009980,0.009520,0.009914,0.009468
find_proactive_cmds_time_sec,0.035367,0.028849,0.030222,0.030806,0.031038,0.029741,0.031940,0.035469,0.030253,0.029342,0.029017,0.029062
find_covered_races_time,0.031353,0.040340,0.046490,0.044224,0.051377,0.053614,0.059566,0.064248,0.068346,0.072419,0.076827,0.191368
per_packet_inconsistent_time_sec,0.002096,0.013205,0.028296,0.035676,0.045310,0.057064,0.068693,0.081397,0.101738,0.103978,0.104233,0.295134
find_inconsistent_update_time_sec,-0.000081,-0.000090,-0.000104,-0.000108,-0.000113,-0.000122,-0.000128,-0.000137,-0.000160,-0.000203,-0.000148,-0.000287
