key/t,False-0,False-1,False-2,False-3,False-4,False-5,False-6,False-7,False-8,False-9,False-10,False-inf,True-0,True-1,True-2,True-3,True-4,True-5,True-6,True-7,True-8,True-9,True-10,True-inf
total_time_sec,0.834127,1.103065,1.760268,1.032460,1.000334,1.117961,1.077247,1.262339,1.188531,0.961427,0.998541,1.026109,1.227224,1.532564,1.209040,1.329424,1.112535,1.681671,1.216182,1.070640,1.054405,1.194469,1.065920,1.074518
load_time_sec,0.460964,0.680093,0.769841,0.403962,0.449424,0.507767,0.390184,0.524967,0.459592,0.374567,0.391072,0.420007,0.785270,0.752104,0.420505,0.525457,0.432814,0.805017,0.400924,0.404421,0.397660,0.467315,0.414520,0.404290
detect_races_time_sec,0.121657,0.122352,0.270720,0.126542,0.118798,0.118825,0.138870,0.154740,0.143264,0.111966,0.117479,0.115728,0.168517,0.257368,0.124684,0.204406,0.134229,0.184000,0.134876,0.125822,0.119911,0.140127,0.133736,0.116575
extract_traces_time_sec,0.009501,0.010137,0.014983,0.008233,0.007300,0.007084,0.010184,0.012048,0.009199,0.006883,0.007791,0.007031,0.010420,0.018786,0.013351,0.013665,0.010123,0.009208,0.007933,0.007633,0.006675,0.009148,0.006975,0.006484
find_reactive_cmds_time_sec,0.000649,0.000685,0.001539,0.002489,0.000635,0.000700,0.000897,0.001129,0.000888,0.000633,0.000679,0.000648,0.000665,0.001308,0.003121,0.000881,0.000787,0.001388,0.000758,0.000750,0.000947,0.000783,0.000637,0.000651
find_proactive_cmds_time_sec,0.079256,0.089872,0.154568,0.114654,0.088351,0.089593,0.119512,0.099580,0.098887,0.079800,0.084050,0.082281,0.083842,0.138216,0.129768,0.122227,0.108947,0.119233,0.107247,0.095143,0.087483,0.106841,0.086213,0.098737
find_covered_races_time,0.002602,0.001934,0.005413,0.004503,0.003286,0.004173,0.004275,0.005282,0.005318,0.004567,0.005001,0.006012,0.002844,0.003338,0.007419,0.003358,0.004176,0.006223,0.005034,0.005256,0.006895,0.006703,0.005918,0.006387
per_packet_inconsistent_time_sec,0.000443,0.002279,0.007896,0.004989,0.007123,0.009392,0.009975,0.011557,0.012384,0.010002,0.011502,0.011121,0.000739,0.003507,0.007805,0.005949,0.009648,0.019778,0.009371,0.011899,0.011505,0.013287,0.011464,0.012979
find_inconsistent_update_time_sec,-0.000015,-0.000116,-0.000118,-0.000081,-0.000132,-0.000137,-0.000179,-0.000197,-0.000172,-0.000168,-0.000170,-0.000180,-0.000029,-0.000060,-0.000117,-0.000084,-0.000176,-0.000257,-0.000920,-0.000428,-0.000729,-0.002240,-0.001096,-0.001200
