key/t,False-0,False-1,False-2,False-3,False-4,False-5,False-6,False-7,False-8,False-9,False-10,False-inf,True-0,True-1,True-2,True-3,True-4,True-5,True-6,True-7,True-8,True-9,True-10,True-inf
total_time_sec,1.003779,1.004539,1.135065,0.867371,1.017630,0.966790,1.044443,1.117651,1.074473,1.021318,1.013485,1.083896,0.891664,1.029733,0.888819,0.878933,1.455542,1.889592,1.656462,1.341007,1.270324,1.066727,1.007833,1.042982
load_time_sec,0.638097,0.590571,0.417221,0.375521,0.447463,0.396400,0.409606,0.388762,0.454717,0.407091,0.405066,0.389667,0.429663,0.391517,0.419368,0.381731,0.742256,0.805904,0.614350,0.549808,0.411249,0.373213,0.378775,0.407217
detect_races_time_sec,0.121071,0.114368,0.121837,0.112916,0.132943,0.115673,0.139220,0.139768,0.126764,0.115484,0.117568,0.118762,0.181127,0.154570,0.117946,0.117929,0.245673,0.245817,0.142569,0.128772,0.116996,0.123809,0.116670,0.113235
extract_traces_time_sec,0.009682,0.008916,0.014280,0.007299,0.008298,0.008335,0.013459,0.008926,0.006612,0.006442,0.006601,0.007484,0.011068,0.019148,0.007675,0.007321,0.013447,0.013122,0.007798,0.006273,0.007199,0.006471,0.007721,0.007039
find_reactive_cmds_time_sec,0.000631,0.000715,0.001252,0.000625,0.000742,0.000658,0.002192,0.000575,0.000943,0.000976,0.000655,0.000639,0.000794,0.000772,0.000623,0.000643,0.001227,0.001231,0.000803,0.001421,0.000653,0.000667,0.000717,0.000639
find_proactive_cmds_time_sec,0.081612,0.084356,0.111447,0.078687,0.089020,0.089664,0.089593,0.107515,0.086462,0.082829,0.081334,0.110613,0.104224,0.157322,0.087382,0.078096,0.118703,0.132337,0.102246,0.093764,0.085330,0.086047,0.089590,0.093876
find_covered_races_time,0.001113,0.001886,0.004911,0.003202,0.003820,0.003649,0.004032,0.005455,0.005395,0.004806,0.005232,0.006025,0.001250,0.002586,0.002761,0.003419,0.003238,0.008153,0.005295,0.010071,0.004908,0.005248,0.007516,0.005570
per_packet_inconsistent_time_sec,0.000931,0.001949,0.005269,0.004655,0.006306,0.009634,0.010146,0.013548,0.010907,0.010364,0.010853,0.015543,0.000383,0.004552,0.004015,0.005122,0.006303,0.018837,0.013218,0.021527,0.011021,0.010913,0.011926,0.012415
find_inconsistent_update_time_sec,-0.000015,-0.000039,-0.000064,-0.000076,-0.000130,-0.000139,-0.000167,-0.000204,-0.000172,-0.000168,-0.000169,-0.000208,-0.000016,-0.000031,-0.000063,-0.000083,-0.000131,-0.000256,-0.000730,-0.000444,-0.000773,-0.001122,-0.001296,-0.002047
