key/t,False-0,False-1,False-2,False-3,False-4,False-5,False-6,False-7,False-8,False-9,False-10,False-inf
total_time_sec,27.903301,30.111798,31.366233,32.704663,34.567644,36.065788,34.273790,34.317317,35.706231,38.763756,43.116742,54.320455
load_time_sec,17.003470,17.041670,16.953985,16.930388,16.927378,18.487074,18.111908,17.238760,17.426704,17.763918,17.411670,17.263106
detect_races_time_sec,6.971501,6.674458,6.261894,6.017773,6.068190,6.671142,5.958360,6.074105,5.965108,5.942385,5.843343,4.901056
extract_traces_time_sec,1.895384,1.866087,1.458642,1.448836,1.378415,1.498938,1.409244,1.404164,1.369390,1.350118,1.373728,1.348187
find_reactive_cmds_time_sec,0.015571,0.015919,0.015406,0.015562,0.015590,0.017174,0.016062,0.016314,0.015789,0.015286,0.016160,0.014489
find_proactive_cmds_time_sec,0.065147,0.064939,0.059565,0.059527,0.061315,0.067126,0.066885,0.070975,0.062360,0.059071,0.062632,0.059414
find_covered_races_time,1.949264,4.387864,6.532150,8.094377,9.945664,9.138817,8.539368,9.323515,10.625745,13.351149,18.079431,29.158010
per_packet_inconsistent_time_sec,0.002850,0.059969,0.082394,0.134573,0.163522,0.173951,0.163553,0.178521,0.222672,0.256372,0.292199,1.290619
find_inconsistent_update_time_sec,-0.000073,-0.000852,-0.002156,-0.003586,-0.007512,-0.011492,-0.008371,-0.010900,-0.018405,-0.025417,-0.037536,-0.285514
