key/t,False-0,False-1,False-2,False-3,False-4,False-5,False-6,False-7,False-8,False-9,False-10,False-inf
total_time_sec,18.477449,19.845718,21.393906,21.930159,21.893012,22.073255,22.604881,22.605209,23.943221,26.106257,30.499270,38.693717
load_time_sec,10.025537,9.644829,9.854265,9.591913,9.605370,9.659170,9.885172,9.573320,9.838168,10.087829,9.849798,9.642998
detect_races_time_sec,5.046107,4.762527,4.575952,4.187663,4.086869,4.105764,4.192567,4.055112,4.060133,4.149206,4.017552,3.777851
extract_traces_time_sec,1.804803,1.757106,1.475326,1.401173,1.398683,1.402986,1.394449,1.393129,1.395011,1.398472,1.393800,1.372408
find_reactive_cmds_time_sec,0.014234,0.014364,0.017017,0.014235,0.014603,0.014397,0.014354,0.014351,0.014332,0.014809,0.014299,0.012832
find_proactive_cmds_time_sec,0.045318,0.045297,0.046536,0.044879,0.045981,0.046557,0.047094,0.045048,0.046337,0.045097,0.046541,0.044614
find_covered_races_time,1.537999,3.568992,5.369997,6.601095,6.637477,6.730832,6.956207,7.401737,8.447990,10.243446,14.972218,22.869466
per_packet_inconsistent_time_sec,0.003355,0.052058,0.053423,0.087066,0.100573,0.106422,0.109937,0.116110,0.131759,0.152442,0.180275,0.794463
find_inconsistent_update_time_sec,0.000074,0.000529,0.001369,0.002118,0.003439,0.007112,0.005080,0.006385,0.009469,0.014935,0.024768,0.179064
