key/t,False-0,False-1,False-2,False-3,False-4,False-5,False-6,False-7,False-8,False-9,False-10,False-inf,True-0,True-1,True-2,True-3,True-4,True-5,True-6,True-7,True-8,True-9,True-10,True-inf
total_time_sec,44.847270,44.577318,44.626687,41.327586,40.268805,40.410338,40.144890,40.357736,40.814677,40.641806,257.977222,61.721391,41.500975,41.109841,41.725724,40.371445,53.491564,44.419071,45.246721,44.463282,44.635284,44.427616,45.433675,51.332465
load_time_sec,39.452237,39.304369,39.379472,36.636979,35.622097,35.662316,35.403948,35.496252,35.835083,35.740581,251.692542,40.338725,36.998730,36.897730,37.439105,35.782464,48.029862,39.783222,40.324551,39.406879,39.362974,38.940560,39.161420,39.849180
detect_races_time_sec,4.490651,4.455848,4.403335,3.864987,3.845446,3.886137,3.826334,3.861373,3.871072,3.594008,4.505889,4.163383,4.332164,3.991384,4.033936,4.290191,5.013515,4.258990,4.425569,4.388372,4.391882,4.348224,4.679730,4.278076
extract_traces_time_sec,0.578926,0.164230,0.157698,0.145006,0.126696,0.120897,0.123462,0.105084,0.097748,0.096987,0.108079,0.098546,0.045007,0.034045,0.037568,0.035979,0.042219,0.037127,0.037713,0.038352,0.037891,0.037794,0.037725,0.036581
find_reactive_cmds_time_sec,0.002552,0.002468,0.002514,0.002404,0.002230,0.002208,0.002165,0.002976,0.002160,0.002347,0.002199,0.002610,0.002250,0.002841,0.003051,0.002444,0.003117,0.002550,0.002643,0.002578,0.002640,0.002638,0.002615,0.002267
find_proactive_cmds_time_sec,0.092731,0.088187,0.091868,0.091864,0.087493,0.078726,0.080427,0.087242,0.081141,0.077965,0.089537,0.087982,0.081638,0.083853,0.080753,0.084397,0.128685,0.085684,0.086874,0.087790,0.088872,0.089308,0.091622,0.081516
find_covered_races_time,0.227896,0.524785,0.543930,0.532474,0.509943,0.563796,0.598518,0.647319,0.719641,0.880389,1.229685,14.070794,0.039198,0.072339,0.090417,0.117592,0.189183,0.165046,0.241794,0.357617,0.501391,0.680546,1.009473,4.610944
per_packet_inconsistent_time_sec,0.002134,0.037224,0.047598,0.053594,0.074542,0.095832,0.104817,0.141044,0.173588,0.199169,0.260532,1.909117,0.001866,0.027424,0.040639,0.058002,0.084511,0.085971,0.111370,0.143867,0.181386,0.230118,0.300141,1.704073
find_inconsistent_update_time_sec,-0.000088,-0.000151,-0.000218,-0.000220,-0.000299,-0.000371,-0.005160,-0.016387,-0.034183,-0.050300,-0.088704,-1.050176,-0.000075,-0.000166,-0.000198,-0.000325,-0.000413,-0.000429,-0.016149,-0.037768,-0.068187,-0.098366,-0.150889,-0.769761
