key/t,False-0,False-1,False-2,False-3,False-4,False-5,False-6,False-7,False-8,False-9,False-10,False-inf
total_time_sec,30.392348,32.735993,34.828132,36.536642,36.702052,35.702844,37.012044,37.554756,37.788644,39.504936,46.448460,59.534793
load_time_sec,18.277606,18.650094,18.446153,18.668954,18.807484,18.407085,18.778711,18.783231,18.464348,18.098278,18.433638,18.569150
detect_races_time_sec,7.905452,7.223510,7.095159,6.813652,6.728000,6.474815,6.713097,6.700547,6.391428,6.091980,6.281052,5.378325
extract_traces_time_sec,2.003432,1.921344,1.653519,1.549992,1.476441,1.478907,1.444439,1.482542,1.429127,1.459473,1.438494,1.489367
find_reactive_cmds_time_sec,0.015706,0.018203,0.015757,0.015885,0.016950,0.017074,0.019006,0.018949,0.018708,0.016091,0.016208,0.015146
find_proactive_cmds_time_sec,0.069787,0.062141,0.066092,0.068948,0.065624,0.064726,0.070582,0.068786,0.063257,0.062517,0.064693,0.076335
find_covered_races_time,2.117505,4.795091,7.465185,9.279629,9.426539,9.073692,9.792866,10.296125,11.175883,13.499233,19.863081,32.316242
per_packet_inconsistent_time_sec,0.002749,0.064756,0.083430,0.135968,0.175267,0.176997,0.184919,0.193520,0.230079,0.245287,0.306362,1.398492
find_inconsistent_update_time_sec,-0.000071,-0.000814,-0.002787,-0.003574,-0.005706,-0.009476,-0.008384,-0.011013,-0.015772,-0.032018,-0.044879,-0.291681
