key/t,False-0,False-1,False-2,False-3,False-4,False-5,False-6,False-7,False-8,False-9,False-10,False-inf
total_time_sec,9.952011,9.712866,9.569535,9.222511,9.025263,8.809400,8.738167,8.723885,8.733274,8.860045,8.793289,9.823831
load_time_sec,3.135913,3.127154,3.395480,3.083629,3.117289,3.085530,3.108498,3.102123,3.099162,3.153422,3.114751,3.154366
detect_races_time_sec,4.962520,4.741435,4.542167,4.226618,4.147705,4.118887,4.062062,4.037225,4.036709,4.060935,4.003564,3.797431
extract_traces_time_sec,1.788056,1.730388,1.512360,1.702195,1.531204,1.380740,1.381087,1.388715,1.381068,1.396088,1.382247,1.380271
find_reactive_cmds_time_sec,0.014618,0.014238,0.015371,0.018787,0.018373,0.014338,0.014535,0.014227,0.014449,0.014219,0.014100,0.012807
find_proactive_cmds_time_sec,0.048788,0.047451,0.048812,0.062772,0.063871,0.048211,0.047872,0.046931,0.048231,0.049117,0.048202,0.047389
find_covered_races_time,0.000001,0.000001,0.000001,0.000002,0.000002,0.000001,0.000002,0.000002,0.000001,0.000001,0.000003,0.000001
per_packet_inconsistent_time_sec,0.002018,0.051575,0.053905,0.125425,0.141846,0.149998,0.118057,0.127027,0.142299,0.167988,0.202829,1.207961
find_inconsistent_update_time_sec,0.000086,0.000610,0.001425,0.003067,0.004956,0.011672,0.006041,0.007622,0.011342,0.018261,0.027579,0.223590
