key/t,False-0,False-1,False-2,False-3,False-4,False-5,False-6,False-7,False-8,False-9,False-10,False-inf,True-0,True-1,True-2,True-3,True-4,True-5,True-6,True-7,True-8,True-9,True-10,True-inf
total_time_sec,31.295560,31.627674,36.598631,39.033920,36.700067,35.451048,35.076803,35.851009,43.704015,37.884281,35.916670,45.932507,30.826241,34.539045,32.225567,34.011332,35.904388,36.343234,35.135371,39.092562,40.252569,40.381809,37.538961,42.158419
load_time_sec,11.447085,12.044240,13.660829,13.250909,12.797905,11.514192,11.065588,12.773255,14.344220,10.568191,10.504261,13.637568,11.899737,13.674974,12.836405,12.157845,11.236806,12.222351,12.240108,12.613654,13.666066,12.923483,12.312080,10.813975
detect_races_time_sec,16.021832,14.658781,16.531628,16.027714,15.690164,15.833598,14.182554,14.385412,17.877367,16.367988,13.867373,15.366868,14.300395,14.647739,13.073366,14.411669,16.059350,15.117190,14.872837,16.252700,15.098352,14.556766,14.311781,14.448432
extract_traces_time_sec,0.780008,0.708842,0.693104,0.459800,0.307200,0.411292,0.260957,0.228246,0.330635,0.490825,0.196609,0.101505,0.904862,0.487322,0.398825,0.421778,0.301533,0.214464,0.258704,0.247297,0.218882,0.175327,0.165021,0.083637
find_reactive_cmds_time_sec,0.003804,0.003829,0.003727,0.003920,0.003902,0.003968,0.003121,0.003758,0.003875,0.009449,0.003812,0.003845,0.008152,0.004172,0.003961,0.003839,0.003817,0.003498,0.003769,0.004331,0.003690,0.003654,0.003782,0.003451
find_proactive_cmds_time_sec,0.212067,0.210484,0.367371,0.743548,0.214237,0.255407,0.287757,0.256021,0.459138,0.355801,0.275775,0.239751,0.275129,0.509855,0.451589,0.445893,0.224224,0.468840,0.212573,0.279609,0.232997,0.211778,0.204372,0.206942
find_covered_races_time,0.280158,0.767180,1.124047,1.874512,1.421434,1.770957,2.694160,2.105831,3.091526,3.327004,3.776028,3.680608,0.453649,0.824577,0.969651,1.451148,2.050416,1.881942,1.866333,2.508891,3.544159,2.264826,2.545033,4.654013
per_packet_inconsistent_time_sec,0.003511,0.073513,0.145370,0.435869,0.421088,0.347453,0.546957,0.438123,0.974466,0.571787,0.857392,2.031027,0.003502,0.075261,0.138312,0.243720,0.337816,0.488045,0.391761,0.503526,0.605496,0.612325,0.570476,2.348076
find_inconsistent_update_time_sec,-0.000074,-0.000758,-0.001684,-0.002951,-0.009762,-0.019335,-0.010406,-0.014666,-0.025011,-0.020110,-0.023621,-0.131055,-0.000074,-0.000757,-0.001615,-0.002863,-0.004807,-0.006709,-0.013223,-0.014063,-0.020807,-0.049590,-0.024672,-0.271321
