key/t,False-0,False-1,False-2,False-3,False-4,False-5,False-6,False-7,False-8,False-9,False-10,False-inf,True-0,True-1,True-2,True-3,True-4,True-5,True-6,True-7,True-8,True-9,True-10,True-inf
total_time_sec,13.776077,14.711572,21.201950,19.581167,18.800153,20.454528,15.959324,16.839270,17.206368,19.029061,17.357478,24.566228,16.662537,15.460285,16.055466,17.284418,16.496755,17.347308,22.570096,17.292336,25.108683,19.325042,18.912184,22.545694
load_time_sec,5.471322,5.640881,7.036907,7.136484,8.289765,5.578820,5.463969,5.941463,5.907306,5.456443,5.660157,5.836368,7.751848,5.689666,6.520494,6.029157,5.928085,5.630335,7.926650,6.220916,7.478204,6.465920,5.657212,7.052791
detect_races_time_sec,6.247092,6.429127,9.284440,8.134836,6.427289,7.412114,6.236437,6.371807,6.374778,6.399734,6.215546,6.426028,6.657809,6.540736,6.346376,7.055634,6.702147,6.801353,8.155728,6.574943,9.095356,7.738055,7.069160,6.760603
extract_traces_time_sec,0.549269,0.285073,0.426633,0.373250,0.173569,0.164044,0.167251,0.133985,0.126376,0.110851,0.099075,0.047526,0.619132,0.474188,0.251955,0.237736,0.195639,0.178268,0.358543,0.168598,0.221509,0.113261,0.113273,0.051237
find_reactive_cmds_time_sec,0.001467,0.002142,0.001709,0.001775,0.001836,0.001507,0.002367,0.002256,0.001569,0.001367,0.001432,0.001578,0.001563,0.001509,0.001589,0.002361,0.001869,0.002442,0.002945,0.001979,0.003445,0.002942,0.001583,0.002334
find_proactive_cmds_time_sec,0.163894,0.328412,0.489314,0.514963,0.161767,0.155401,0.167911,0.157018,0.168642,0.164135,0.161438,0.172288,0.171379,0.166151,0.328638,0.359578,0.169880,0.167982,0.264266,0.200517,0.251840,0.175426,0.170666,0.177619
find_covered_races_time,0.124980,0.377232,1.133042,0.988546,0.790218,1.604514,1.002241,1.134872,1.325675,1.287498,1.337523,4.019311,0.143947,0.356855,0.511801,0.920092,0.829757,0.949104,2.158254,1.136722,2.393995,1.417376,1.761330,2.416322
per_packet_inconsistent_time_sec,0.002541,0.053537,0.253150,0.169999,0.197600,0.433994,0.261230,0.296372,0.343346,0.368692,0.426556,2.089464,0.002348,0.047918,0.106214,0.252697,0.204864,0.234443,0.498712,0.306260,0.598025,0.366846,0.713648,1.028918
find_inconsistent_update_time_sec,-0.000065,-0.000399,-0.004031,-0.001535,-0.003558,-0.007313,-0.007418,-0.006406,-0.009215,-0.010998,-0.011693,-0.134741,-0.000061,-0.000394,-0.000960,-0.002972,-0.002856,-0.003677,-0.012899,-0.007376,-0.022117,-0.012398,-0.030130,-0.258059
