key/t,False-0,False-1,False-2,False-3,False-4,False-5,False-6,False-7,False-8,False-9,False-10,False-inf,True-0,True-1,True-2,True-3,True-4,True-5,True-6,True-7,True-8,True-9,True-10,True-inf
total_time_sec,42.158419,40.381809,40.252569,39.092562,35.135371,36.343234,35.904388,34.011332,32.225567,37.538961,34.539045,30.826241,45.932507,37.884281,43.704015,35.851009,35.076803,35.451048,36.700067,39.033920,36.598631,35.916670,31.627674,31.295560
load_time_sec,10.813975,12.923483,13.666066,12.613654,12.240108,12.222351,11.236806,12.157845,12.836405,12.312080,13.674974,11.899737,13.637568,10.568191,14.344220,12.773255,11.065588,11.514192,12.797905,13.250909,13.660829,10.504261,12.044240,11.447085
detect_races_time_sec,14.448432,14.556766,15.098352,16.252700,14.872837,15.117190,16.059350,14.411669,13.073366,14.311781,14.647739,14.300395,15.366868,16.367988,17.877367,14.385412,14.182554,15.833598,15.690164,16.027714,16.531628,13.867373,14.658781,16.021832
extract_traces_time_sec,0.083637,0.175327,0.218882,0.247297,0.258704,0.214464,0.301533,0.421778,0.398825,0.165021,0.487322,0.904862,0.101505,0.490825,0.330635,0.228246,0.260957,0.411292,0.307200,0.459800,0.693104,0.196609,0.708842,0.780008
find_reactive_cmds_time_sec,0.003451,0.003654,0.003690,0.004331,0.003769,0.003498,0.003817,0.003839,0.003961,0.003782,0.004172,0.008152,0.003845,0.009449,0.003875,0.003758,0.003121,0.003968,0.003902,0.003920,0.003727,0.003812,0.003829,0.003804
find_proactive_cmds_time_sec,0.206942,0.211778,0.232997,0.279609,0.212573,0.468840,0.224224,0.445893,0.451589,0.204372,0.509855,0.275129,0.239751,0.355801,0.459138,0.256021,0.287757,0.255407,0.214237,0.743548,0.367371,0.275775,0.210484,0.212067
find_covered_races_time,4.654013,2.264826,3.544159,2.508891,1.866333,1.881942,2.050416,1.451148,0.969651,2.545033,0.824577,0.453649,3.680608,3.327004,3.091526,2.105831,2.694160,1.770957,1.421434,1.874512,1.124047,3.776028,0.767180,0.280158
per_packet_inconsistent_time_sec,2.348076,0.612325,0.605496,0.503526,0.391761,0.488045,0.337816,0.243720,0.138312,0.570476,0.075261,0.003502,2.031027,0.571787,0.974466,0.438123,0.546957,0.347453,0.421088,0.435869,0.145370,0.857392,0.073513,0.003511
find_inconsistent_update_time_sec,-0.271321,-0.049590,-0.020807,-0.014063,-0.013223,-0.006709,-0.004807,-0.002863,-0.001615,-0.024672,-0.000757,-0.000074,-0.131055,-0.020110,-0.025011,-0.014666,-0.010406,-0.019335,-0.009762,-0.002951,-0.001684,-0.023621,-0.000758,-0.000074
