key/t,False-0,False-1,False-2,False-3,False-4,False-5,False-6,False-7,False-8,False-9,False-10,False-inf,True-0,True-1,True-2,True-3,True-4,True-5,True-6,True-7,True-8,True-9,True-10,True-inf
total_time_sec,5.597028,5.700314,5.645422,5.851218,5.821511,6.231298,6.031855,6.178428,6.414627,6.477704,6.396715,7.212414,5.527063,5.656309,5.950480,5.651385,6.533724,6.327029,7.106452,7.051846,8.622883,7.409987,7.447774,7.245855
load_time_sec,3.859763,4.027969,3.968473,3.894512,3.872612,4.139730,3.974491,4.113200,4.221960,4.016960,3.970835,4.016331,3.902349,3.861111,4.028730,3.790291,4.212900,3.810685,3.908878,3.992029,5.222409,3.844438,3.840036,4.047249
detect_races_time_sec,0.955203,0.802771,0.793806,0.959400,0.795024,0.834466,0.777055,0.782189,0.777420,0.827688,0.807909,0.761427,0.807103,0.879228,0.873148,0.787012,0.813190,0.781662,0.787900,0.789894,0.782538,0.773783,0.795287,0.766760
extract_traces_time_sec,0.295718,0.273199,0.268264,0.296879,0.269039,0.335007,0.264462,0.125488,0.121858,0.142623,0.123347,0.075985,0.315607,0.301213,0.293041,0.261006,0.306927,0.272101,0.254332,0.124910,0.124550,0.119894,0.114391,0.078438
find_reactive_cmds_time_sec,0.000924,0.000917,0.000906,0.001000,0.000937,0.001170,0.000878,0.000828,0.000930,0.000926,0.000810,0.000512,0.001475,0.000970,0.001290,0.000883,0.000930,0.000925,0.000894,0.000876,0.000943,0.000853,0.001098,0.000636
find_proactive_cmds_time_sec,0.084159,0.080364,0.076894,0.087337,0.083561,0.107910,0.107035,0.193087,0.208141,0.227405,0.206068,0.083074,0.086873,0.084758,0.090918,0.078480,0.084788,0.080320,0.080790,0.198151,0.215085,0.195491,0.204437,0.085676
find_covered_races_time,0.398550,0.491114,0.502677,0.563002,0.721657,0.722219,0.794080,0.799254,0.911554,1.035865,1.046247,1.673187,0.410716,0.505306,0.624727,0.679764,1.036597,1.283460,1.898332,1.789640,2.090890,2.252347,2.247523,1.645055
per_packet_inconsistent_time_sec,0.002667,0.023924,0.034343,0.049016,0.078591,0.090714,0.113758,0.164277,0.172651,0.226064,0.241306,0.601633,0.002888,0.023656,0.038553,0.053765,0.078154,0.097626,0.174887,0.156072,0.186183,0.222859,0.244692,0.621579
find_inconsistent_update_time_sec,-0.000012,-0.000019,-0.000024,-0.000031,-0.000049,-0.000048,-0.000058,-0.000066,-0.000075,-0.000128,-0.000143,-0.000218,-0.000016,-0.000024,-0.000032,-0.000146,-0.000202,-0.000212,-0.000383,-0.000237,-0.000248,-0.000284,-0.000274,-0.000425
