key/t,False-0,False-1,False-2,False-3,False-4,False-5,False-6,False-7,False-8,False-9,False-10,False-inf,True-0,True-1,True-2,True-3,True-4,True-5,True-6,True-7,True-8,True-9,True-10,True-inf
total_time_sec,8.398127,8.337598,7.774159,7.758951,8.530150,9.326164,11.191713,14.175507,11.113080,11.301738,12.809022,20.193331,8.176649,8.018303,7.406382,8.646107,9.276465,8.888148,9.706316,10.806610,10.608856,13.471983,11.446324,12.121130
load_time_sec,4.648506,5.019082,4.406152,4.226504,4.404189,4.417757,5.507254,4.368554,4.645697,4.214897,4.811386,4.540147,4.598678,4.942685,4.124556,4.770787,5.155693,4.136286,4.524974,5.213046,4.265499,5.053625,4.606470,4.666240
detect_races_time_sec,1.094773,0.877465,0.899734,0.843959,0.833673,0.852963,0.836731,0.861281,0.916811,0.836501,0.823042,0.818419,0.872056,0.835603,0.819716,0.939527,0.844677,0.894737,1.011528,0.841126,0.866073,1.854598,0.855743,0.832318
extract_traces_time_sec,0.445501,0.304450,0.285929,0.283273,0.301236,0.295034,0.295259,0.144231,0.137580,0.145593,0.148266,0.082394,0.320856,0.304003,0.300287,0.331790,0.298499,0.300349,0.322011,0.169823,0.142288,0.262227,0.125655,0.083459
find_reactive_cmds_time_sec,0.001330,0.000975,0.001292,0.000949,0.000997,0.000979,0.000912,0.001938,0.000845,0.000852,0.000832,0.000657,0.000964,0.000978,0.000949,0.000927,0.000916,0.000925,0.000999,0.001495,0.000935,0.001902,0.000836,0.000685
find_proactive_cmds_time_sec,0.124788,0.089399,0.090485,0.089071,0.099124,0.104489,0.095968,0.232531,0.227733,0.286548,0.235720,0.094328,0.088160,0.089729,0.100224,0.099908,0.100004,0.090431,0.104447,0.271483,0.239451,0.378218,0.238289,0.093077
find_covered_races_time,0.648808,0.531764,0.558337,0.706111,0.673889,0.751942,1.038411,1.317441,0.942783,1.008826,1.145979,1.515208,0.421102,0.511396,0.570857,0.799448,1.099332,1.372454,1.720801,2.011095,2.719277,3.270021,3.033259,1.846029
per_packet_inconsistent_time_sec,0.002998,0.025657,0.033715,0.049168,0.081420,0.097701,0.145898,0.323526,0.189315,0.202680,0.257726,0.651471,0.002655,0.024179,0.036456,0.054610,0.085548,0.102565,0.130746,0.160545,0.189008,0.251904,0.248030,0.652549
find_inconsistent_update_time_sec,-0.000013,-0.000020,-0.000025,-0.000031,-0.000043,-0.000048,-0.000082,-0.000143,-0.000078,-0.000094,-0.000098,-0.000267,-0.000013,-0.000023,-0.000028,-0.000148,-0.000197,-0.000217,-0.000216,-0.000228,-0.000236,-0.000252,-0.000252,-0.000384
