key/t,False-0,False-1,False-2,False-3,False-4,False-5,False-6,False-7,False-8,False-9,False-10,False-inf,True-0,True-1,True-2,True-3,True-4,True-5,True-6,True-7,True-8,True-9,True-10,True-inf
total_time_sec,10.480217,9.892754,9.281730,9.593472,8.835983,8.087050,7.966097,7.258988,6.863597,9.719447,6.783863,6.775600,9.984857,8.220365,8.134459,8.239822,7.764589,7.568888,7.270744,7.208713,7.546483,8.331520,7.019362,6.622508
load_time_sec,4.082257,4.046096,3.988227,4.597783,4.214592,3.879886,4.060586,3.936602,3.823614,3.926996,3.876091,4.014205,3.924777,3.952105,3.992680,4.125687,3.977439,3.969273,3.959302,4.014733,4.368229,3.898841,4.034506,3.885100
detect_races_time_sec,0.873115,0.805790,0.791521,0.814188,0.801696,0.820407,0.807136,0.839916,0.802806,0.797575,0.802267,0.805886,0.757563,0.808988,0.777547,0.808080,0.831194,0.814610,0.796095,0.782803,0.803312,0.832983,0.806167,0.809871
extract_traces_time_sec,0.082859,0.122627,0.125792,0.142018,0.272386,0.265409,0.299008,0.276742,0.288846,0.113172,0.276728,0.306850,0.079095,0.136666,0.128037,0.134100,0.281229,0.272980,0.271290,0.280436,0.293331,0.120334,0.305034,0.317956
find_reactive_cmds_time_sec,0.000643,0.000859,0.000836,0.000857,0.000911,0.000903,0.001233,0.001494,0.000960,0.000792,0.000949,0.001234,0.000657,0.001172,0.000883,0.000965,0.000880,0.000916,0.000895,0.000924,0.000976,0.000819,0.000995,0.000943
find_proactive_cmds_time_sec,0.085613,0.216324,0.207665,0.209105,0.084974,0.082723,0.089667,0.084012,0.087044,0.203257,0.082363,0.084997,0.085070,0.205755,0.219465,0.219176,0.085501,0.089020,0.084862,0.080197,0.091691,0.212731,0.083992,0.084127
find_covered_races_time,1.612984,2.338316,2.088234,1.834360,1.591514,1.307993,1.102394,0.672868,0.524713,2.253104,0.492973,0.435366,1.335504,0.962012,0.961257,0.861456,0.773483,0.698898,0.621792,0.578269,0.587209,0.998686,0.484312,0.401698
per_packet_inconsistent_time_sec,0.601592,0.205208,0.177471,0.157862,0.122922,0.092882,0.074110,0.054215,0.034504,0.240566,0.023252,0.003390,0.660574,0.206261,0.187417,0.145739,0.120705,0.106231,0.070190,0.050030,0.033050,0.237178,0.022670,0.002619
find_inconsistent_update_time_sec,-0.000382,-0.000244,-0.000233,-0.000227,-0.000219,-0.000207,-0.000197,-0.000236,-0.000032,-0.000257,-0.000025,-0.000013,-0.001285,-0.000085,-0.000083,-0.000065,-0.000060,-0.000048,-0.000039,-0.000032,-0.000025,-0.000112,-0.000020,-0.000012
