key/t,False-0,False-1,False-2,False-3,False-4,False-5,False-6,False-7,False-8,False-9,False-10,False-inf,True-0,True-1,True-2,True-3,True-4,True-5,True-6,True-7,True-8,True-9,True-10,True-inf
total_time_sec,8.404721,6.327846,5.684828,7.727079,7.584341,8.493129,6.741475,6.129770,8.666886,6.710207,6.872371,14.276666,6.585224,7.886492,8.211564,10.121741,7.560611,6.975361,7.033310,7.201311,7.440520,8.180013,8.021596,9.098131
load_time_sec,6.345948,3.913519,3.919498,5.856150,4.564776,6.296216,3.895532,3.998399,6.381973,4.279528,4.140186,8.305953,4.777658,4.844009,4.873481,7.899679,4.639022,4.143310,4.150330,3.992227,3.878845,4.363599,4.071527,5.168674
detect_races_time_sec,1.208511,0.832846,0.798830,0.811521,1.446772,0.826676,0.808422,0.797361,0.812553,0.803536,0.877947,1.786956,0.961645,1.681480,1.843637,0.872898,0.837511,0.982671,0.780091,0.800539,0.817703,0.812083,0.801342,1.167650
extract_traces_time_sec,0.336308,0.339195,0.289552,0.304576,0.427447,0.272431,0.277811,0.127964,0.131763,0.130626,0.141155,0.172462,0.332755,0.502115,0.525820,0.327953,0.295003,0.282792,0.276937,0.133345,0.152253,0.140371,0.132649,0.099019
find_reactive_cmds_time_sec,0.001008,0.002253,0.001230,0.000944,0.001927,0.000901,0.001168,0.000887,0.000881,0.001563,0.000995,0.001606,0.001034,0.001783,0.001714,0.001280,0.001630,0.000916,0.000895,0.000883,0.000977,0.000861,0.000654,0.001135
find_proactive_cmds_time_sec,0.096287,0.145860,0.087078,0.090659,0.131761,0.084811,0.086411,0.208343,0.226405,0.228549,0.276980,0.148955,0.088710,0.143971,0.151625,0.121673,0.116006,0.087903,0.084175,0.211281,0.255695,0.227042,0.235971,0.107152
find_covered_races_time,0.413972,1.054475,0.553236,0.613012,0.939799,0.891624,1.419882,0.849568,0.928471,1.021376,1.190561,2.856377,0.420604,0.676403,0.779492,0.842044,1.487397,1.369615,1.605269,1.865506,2.147429,2.408469,2.528061,1.865070
per_packet_inconsistent_time_sec,0.002634,0.039634,0.035343,0.050146,0.071782,0.120362,0.252055,0.147084,0.184726,0.244800,0.244437,1.003981,0.002769,0.036624,0.035728,0.056027,0.183552,0.107855,0.135338,0.196992,0.187313,0.227274,0.251160,0.688943
find_inconsistent_update_time_sec,-0.000012,-0.000024,-0.000025,-0.000033,-0.000041,-0.000066,-0.000139,-0.000074,-0.000078,-0.000186,-0.000072,-0.000338,-0.000013,-0.000042,-0.000030,-0.000150,-0.000430,-0.000259,-0.000237,-0.000497,-0.000254,-0.000278,-0.000194,-0.000452
