key/t,False-0,False-1,False-2,False-3,False-4,False-5,False-6,False-7,False-8,False-9,False-10,False-inf,True-0,True-1,True-2,True-3,True-4,True-5,True-6,True-7,True-8,True-9,True-10,True-inf
total_time_sec,7.486234,7.541025,7.636079,7.053167,7.580482,7.857899,7.784650,8.108596,8.272633,8.994270,9.972445,10.513814,7.141612,7.497277,7.266816,7.742633,7.751008,8.174955,10.401186,18.496009,10.173241,9.755174,9.688135,10.464771
load_time_sec,4.363957,4.382995,4.199127,3.888330,4.061595,4.017394,4.029166,4.029669,4.010049,4.050921,4.890066,3.893256,4.299225,4.205380,4.057361,4.208006,3.924675,3.861425,5.604172,8.251645,3.995293,3.958025,3.878167,3.975344
detect_races_time_sec,0.889267,0.845039,0.833561,0.785224,0.869942,0.854985,0.800447,0.797100,0.832094,0.793685,0.846374,0.789030,0.843198,0.919780,0.830869,0.829356,0.801936,0.766868,0.801689,1.783021,0.808964,0.802649,0.782518,0.773333
extract_traces_time_sec,0.314836,0.293230,0.285425,0.276184,0.294103,0.284555,0.276262,0.147465,0.139646,0.132160,0.132022,0.082424,0.311891,0.288266,0.281271,0.283608,0.270505,0.284891,0.258275,0.266981,0.129404,0.125241,0.114481,0.077209
find_reactive_cmds_time_sec,0.000973,0.000977,0.000925,0.000874,0.000905,0.000778,0.000861,0.000865,0.001042,0.001076,0.000827,0.000671,0.000946,0.000986,0.001453,0.001010,0.000900,0.000895,0.000872,0.001711,0.001169,0.001100,0.000774,0.000640
find_proactive_cmds_time_sec,0.093536,0.091019,0.085316,0.081253,0.088892,0.086387,0.080672,0.205127,0.233431,0.233878,0.265246,0.086194,0.086899,0.086926,0.087830,0.093679,0.086907,0.091944,0.087916,0.337193,0.212231,0.204476,0.188103,0.092816
find_covered_races_time,0.608022,0.508522,0.648191,0.572578,0.635142,0.715760,0.765747,0.856823,0.921276,1.015328,1.095871,1.338447,0.490533,0.509921,0.525555,0.690662,1.024878,1.310506,1.657232,4.008952,2.087854,2.240058,2.256538,1.743057
per_packet_inconsistent_time_sec,0.004805,0.025184,0.064360,0.049021,0.073149,0.092960,0.119442,0.148850,0.173126,0.238913,0.248068,0.683421,0.003128,0.022914,0.034637,0.055487,0.073274,0.095972,0.130040,0.305036,0.188218,0.206707,0.255973,0.604127
find_inconsistent_update_time_sec,-0.000020,0.000000,-0.000045,-0.000030,-0.000039,0.000000,0.000000,-0.000074,-0.000076,-0.000093,-0.000111,-0.000250,-0.000013,-0.000025,0.000000,0.000000,-0.000197,-0.000204,-0.000237,-0.000477,-0.000234,-0.000256,-0.000254,-0.000386
