key/t,False-0,False-1,False-2,False-3,False-4,False-5,False-6,False-7,False-8,False-9,False-10,False-inf
total_time_sec,4.084732,4.054346,4.150947,4.211360,4.262994,4.416847,4.382102,4.407313,4.448535,4.438949,4.458001,4.447029
load_time_sec,2.655720,2.622357,2.632648,2.630131,2.624529,2.707818,2.623879,2.624482,2.637242,2.621683,2.647111,2.634689
detect_races_time_sec,1.140727,1.125366,1.109102,1.101523,1.105002,1.109930,1.104290,1.098811,1.116938,1.092839,1.107782,1.023910
extract_traces_time_sec,0.065002,0.034384,0.032569,0.031618,0.031161,0.030922,0.029726,0.029282,0.027361,0.023967,0.024691,0.091604
find_reactive_cmds_time_sec,0.000642,0.000618,0.000628,0.000633,0.000619,0.000637,0.000629,0.000725,0.000619,0.000620,0.000614,0.000630
find_proactive_cmds_time_sec,0.015154,0.014681,0.015167,0.015571,0.014854,0.015918,0.015920,0.016416,0.016076,0.016192,0.017074,0.016711
find_covered_races_time,0.206219,0.242924,0.331089,0.388616,0.432866,0.487419,0.534265,0.555213,0.563048,0.589219,0.560188,0.520364
per_packet_inconsistent_time_sec,0.001208,0.013937,0.029642,0.043149,0.053830,0.064058,0.073229,0.082209,0.087071,0.094237,0.100337,0.158833
find_inconsistent_update_time_sec,-0.000021,-0.000041,-0.000065,-0.000084,-0.000098,-0.000109,-0.000128,-0.000140,-0.000143,-0.000157,-0.000167,-0.000252
