key/t,False-0,False-1,False-2,False-3,False-4,False-5,False-6,False-7,False-8,False-9,False-10,False-inf,True-0,True-1,True-2,True-3,True-4,True-5,True-6,True-7,True-8,True-9,True-10,True-inf
total_time_sec,4.724239,4.704632,4.799785,4.896299,4.924501,4.941647,5.275998,5.462390,5.227216,5.114497,5.233861,5.388812,7.558560,7.389259,7.127323,7.936191,5.835593,5.688110,5.171089,5.228174,4.811383,4.826815,4.909134,8.771407
load_time_sec,3.028634,2.997415,2.994170,3.002547,2.986129,2.951721,3.188775,3.144379,2.989251,3.026587,3.014775,3.256462,4.743811,4.560303,4.827053,5.798400,3.547257,3.578978,3.306141,3.338822,3.040963,3.094054,3.012114,5.824689
detect_races_time_sec,1.269720,1.234591,1.220376,1.228440,1.217001,1.220396,1.270042,1.286492,1.223464,1.242258,1.301127,1.280264,2.291891,2.298259,1.688614,1.630131,1.721868,1.483744,1.289751,1.322317,1.189805,1.207588,1.292797,2.195997
extract_traces_time_sec,0.133556,0.039105,0.037866,0.036371,0.035081,0.034812,0.034041,0.036761,0.032298,0.029686,0.031829,0.033934,0.057328,0.073911,0.041094,0.041385,0.049540,0.046718,0.037453,0.033460,0.033131,0.029247,0.032239,0.035592
find_reactive_cmds_time_sec,0.000852,0.000918,0.000948,0.000872,0.000869,0.000852,0.000906,0.000931,0.000918,0.000878,0.000960,0.000969,0.001932,0.001705,0.001005,0.001009,0.000991,0.001074,0.000965,0.000900,0.000888,0.000863,0.000985,0.000975
find_proactive_cmds_time_sec,0.060277,0.128474,0.127759,0.127411,0.127852,0.127841,0.129060,0.063865,0.064363,0.063238,0.069147,0.068355,0.208305,0.211440,0.161599,0.142270,0.144912,0.151833,0.138420,0.064332,0.065092,0.063273,0.066725,0.076481
find_covered_races_time,0.230101,0.292256,0.393660,0.464106,0.515387,0.554612,0.596145,0.862160,0.848079,0.675885,0.729307,0.628255,0.254046,0.226939,0.378634,0.280866,0.322383,0.358701,0.340347,0.404127,0.412567,0.353263,0.416346,0.502703
per_packet_inconsistent_time_sec,0.001052,0.011812,0.024933,0.036473,0.042088,0.051304,0.056916,0.067690,0.068738,0.075824,0.086581,0.120396,0.001191,0.016637,0.029240,0.042033,0.048535,0.066951,0.057912,0.064114,0.068830,0.078405,0.087805,0.134780
find_inconsistent_update_time_sec,-0.000021,-0.000034,-0.000045,-0.000052,-0.000067,-0.000079,-0.000083,-0.000085,-0.000078,-0.000110,-0.000107,-0.000148,-0.000026,-0.000039,-0.000058,-0.000067,-0.000080,-0.000081,-0.000073,-0.000075,-0.000080,-0.000095,-0.000096,-0.000160
