key/t,False-0,False-1,False-2,False-3,False-4,False-5,False-6,False-7,False-8,False-9,False-10,False-inf,True-0,True-1,True-2,True-3,True-4,True-5,True-6,True-7,True-8,True-9,True-10,True-inf
total_time_sec,4.299097,4.310363,4.502744,4.481187,4.541264,4.594383,4.616781,4.686890,4.672024,4.675192,4.674572,4.736899,4.128451,4.194643,4.265284,4.322189,4.325883,4.321850,4.423555,4.440918,4.445909,4.415489,4.640837,4.537199
load_time_sec,2.804254,2.792333,2.861374,2.818747,2.818474,2.818410,2.794246,2.821610,2.788932,2.789229,2.778103,2.842792,2.790019,2.808465,2.852335,2.819663,2.809049,2.789934,2.843929,2.826185,2.860152,2.794381,2.939095,2.790782
detect_races_time_sec,1.146641,1.131110,1.149471,1.118351,1.114134,1.121218,1.102509,1.115470,1.103420,1.116783,1.113564,1.123313,1.114676,1.120981,1.093252,1.131419,1.119309,1.106781,1.120304,1.124325,1.095457,1.103562,1.141167,1.103510
extract_traces_time_sec,0.128512,0.102366,0.096410,0.089561,0.088435,0.088912,0.091627,0.088974,0.084833,0.080890,0.082082,0.081903,0.095428,0.094002,0.093798,0.093146,0.091697,0.091771,0.088000,0.092269,0.085487,0.083476,0.085329,0.083046
find_reactive_cmds_time_sec,0.000753,0.000663,0.000684,0.000677,0.000710,0.000687,0.000752,0.000737,0.000644,0.000681,0.000675,0.000677,0.000657,0.000834,0.000680,0.000674,0.000669,0.000671,0.000680,0.000655,0.000694,0.000683,0.000707,0.000660
find_proactive_cmds_time_sec,0.017187,0.018803,0.016280,0.015999,0.016828,0.016604,0.017995,0.016217,0.018160,0.016573,0.016216,0.015795,0.017505,0.017176,0.016169,0.017081,0.016266,0.017130,0.017115,0.017707,0.017691,0.017063,0.016145,0.016330
find_covered_races_time,0.200567,0.252582,0.351138,0.398600,0.454774,0.491533,0.543228,0.573390,0.601440,0.585503,0.592987,0.533078,0.109163,0.140562,0.181921,0.219498,0.239833,0.257010,0.288183,0.307223,0.310021,0.325179,0.365546,0.389196
per_packet_inconsistent_time_sec,0.001096,0.012414,0.027267,0.039132,0.047768,0.056889,0.066267,0.070344,0.074441,0.085364,0.090773,0.139123,0.000906,0.012532,0.027019,0.040592,0.048921,0.058395,0.065200,0.072386,0.076255,0.090973,0.092682,0.153447
find_inconsistent_update_time_sec,-0.000022,-0.000030,-0.000054,-0.000055,-0.000075,-0.000069,-0.000087,-0.000083,-0.000089,-0.000108,-0.000107,-0.000160,-0.000034,-0.000030,-0.000044,-0.000055,-0.000072,-0.000097,-0.000081,-0.000110,-0.000087,-0.000108,-0.000102,-0.000165
