key/t,False-0,False-1,False-2,False-3,False-4,False-5,False-6,False-7,False-8,False-9,False-10,False-inf
total_time_sec,4.600280,4.709488,4.749572,4.757669,4.893891,5.017546,5.100942,5.082090,5.083275,5.115003,5.167694,5.075427
load_time_sec,2.887885,2.977550,2.912748,2.833476,2.860018,2.884476,2.879375,2.873831,2.834883,2.882319,2.870480,2.853553
detect_races_time_sec,1.359552,1.340633,1.328700,1.329354,1.360711,1.351888,1.350347,1.334786,1.334808,1.358285,1.347472,1.301520
extract_traces_time_sec,0.074092,0.034426,0.032772,0.035079,0.032103,0.031840,0.036857,0.029234,0.029307,0.026458,0.026945,0.026146
find_reactive_cmds_time_sec,0.000632,0.000660,0.000659,0.000673,0.000660,0.000698,0.000742,0.000657,0.000733,0.000639,0.000810,0.000764
find_proactive_cmds_time_sec,0.018419,0.017966,0.018092,0.019081,0.019187,0.020795,0.021342,0.018278,0.020360,0.018745,0.019333,0.017918
find_covered_races_time,0.258536,0.321391,0.425352,0.495673,0.565203,0.662445,0.734159,0.729388,0.771612,0.728249,0.787052,0.709880
per_packet_inconsistent_time_sec,0.001106,0.016777,0.031137,0.044201,0.055862,0.065239,0.077921,0.095723,0.091372,0.100089,0.115343,0.165296
find_inconsistent_update_time_sec,-0.000018,-0.000048,-0.000073,-0.000094,-0.000108,-0.000127,-0.000159,-0.000154,-0.000162,-0.000181,-0.000220,-0.000309
