key/t,False-0,False-1,False-2,False-3,False-4,False-5,False-6,False-7,False-8,False-9,False-10,False-inf,True-0,True-1,True-2,True-3,True-4,True-5,True-6,True-7,True-8,True-9,True-10,True-inf
total_time_sec,0.873302,1.170951,1.931077,1.551266,1.191488,1.600222,2.526582,1.315481,1.255187,1.300424,1.242209,1.243141,0.852999,0.931241,1.080448,1.116475,1.442658,1.382931,2.231591,1.523619,1.381875,1.369987,2.104146,1.742846
load_time_sec,0.436430,0.603322,0.672132,0.378821,0.367020,0.664611,0.717917,0.382162,0.372143,0.423195,0.379618,0.369030,0.391861,0.374423,0.412528,0.376097,0.576196,0.377464,0.716655,0.432507,0.363162,0.371297,0.657682,0.374701
detect_races_time_sec,0.114473,0.114432,0.212287,0.108831,0.104916,0.121038,0.215337,0.105557,0.096221,0.109117,0.094762,0.093150,0.123234,0.111314,0.112838,0.102166,0.104914,0.105095,0.201634,0.096738,0.092047,0.090158,0.179022,0.096282
extract_traces_time_sec,0.076293,0.052823,0.075207,0.039805,0.035650,0.035383,0.051196,0.026343,0.019918,0.021405,0.018271,0.019353,0.085334,0.051763,0.041660,0.038905,0.034450,0.033651,0.052375,0.025470,0.018548,0.019624,0.034438,0.020054
find_reactive_cmds_time_sec,0.000500,0.000433,0.000731,0.000437,0.000402,0.000421,0.000702,0.000366,0.000326,0.000356,0.000340,0.000824,0.000511,0.000446,0.000682,0.000414,0.000397,0.000386,0.000645,0.000328,0.000324,0.000314,0.000594,0.000313
find_proactive_cmds_time_sec,0.110535,0.105185,0.128731,0.077706,0.082497,0.096348,0.125701,0.081138,0.079502,0.079561,0.080744,0.080124,0.112000,0.106966,0.080504,0.077431,0.078053,0.092504,0.133927,0.082201,0.077235,0.083823,0.144960,0.106632
find_covered_races_time,0.134339,0.285911,0.812340,0.900274,0.573356,0.650501,1.322556,0.670711,0.633593,0.610764,0.610133,0.618828,0.139305,0.277641,0.417399,0.499308,0.621665,0.739438,1.080949,0.837492,0.767965,0.748075,1.030151,1.082682
per_packet_inconsistent_time_sec,0.000682,0.008789,0.029527,0.045262,0.027558,0.031827,0.092980,0.049204,0.053310,0.055823,0.058228,0.061704,0.000707,0.008628,0.014766,0.022046,0.026843,0.034239,0.045250,0.048720,0.062213,0.056518,0.057122,0.061996
find_inconsistent_update_time_sec,-0.000010,-0.000021,-0.000065,-0.000077,-0.000052,-0.000053,-0.000164,0.000000,-0.000091,-0.000171,-0.000075,-0.000091,-0.000010,-0.000025,-0.000034,-0.000073,-0.000102,-0.000119,-0.000119,-0.000126,-0.000327,-0.000142,-0.000139,-0.000148
