key/t,False-0,False-1,False-2,False-3,False-4,False-5,False-6,False-7,False-8,False-9,False-10,False-inf,True-0,True-1,True-2,True-3,True-4,True-5,True-6,True-7,True-8,True-9,True-10,True-inf
total_time_sec,1.495215,1.502543,1.652898,1.835121,2.284530,2.247474,2.509930,2.560736,2.518322,2.779875,3.275541,2.468642,1.278203,1.700713,1.529865,1.793228,1.994135,2.155289,2.276730,2.406154,2.332436,2.550050,2.424157,2.509402
load_time_sec,0.393266,0.431402,0.387103,0.436229,0.408600,0.383511,0.460745,0.463747,0.432189,0.390061,0.373678,0.391307,0.440155,0.404553,0.374795,0.431540,0.389257,0.437527,0.401907,0.439622,0.382405,0.489010,0.452686,0.502435
detect_races_time_sec,0.122062,0.112602,0.111985,0.111910,0.116796,0.105687,0.113306,0.107941,0.111504,0.103831,0.093501,0.096739,0.121874,0.115733,0.103590,0.103061,0.105604,0.105237,0.108463,0.098700,0.094155,0.170106,0.105732,0.138425
extract_traces_time_sec,0.173002,0.057231,0.043404,0.039500,0.037718,0.032496,0.026397,0.025097,0.025514,0.020456,0.018163,0.019696,0.077326,0.048977,0.039729,0.038182,0.036432,0.032504,0.031562,0.023494,0.021190,0.024255,0.022863,0.022151
find_reactive_cmds_time_sec,0.000660,0.000357,0.000436,0.000393,0.000383,0.000358,0.000351,0.000323,0.000388,0.000822,0.000345,0.000349,0.000765,0.000421,0.000368,0.000886,0.000399,0.000371,0.000350,0.000307,0.000318,0.000598,0.000384,0.000350
find_proactive_cmds_time_sec,0.135008,0.117219,0.080903,0.090665,0.095694,0.078545,0.082547,0.082782,0.101517,0.087181,0.083908,0.083196,0.093955,0.100444,0.079575,0.077253,0.086559,0.086819,0.095122,0.084536,0.086476,0.089149,0.088905,0.086233
find_covered_races_time,0.266370,0.298941,0.442777,0.527650,0.660702,0.671147,0.739500,0.729613,0.647476,0.653897,0.694107,0.640065,0.184993,0.286874,0.413005,0.528499,0.647905,0.730508,0.807902,0.830363,0.782526,0.763280,0.770694,0.680950
per_packet_inconsistent_time_sec,0.001615,0.007877,0.011942,0.019926,0.022674,0.028782,0.036722,0.042421,0.046530,0.047263,0.101799,0.053753,0.001006,0.007392,0.013800,0.018698,0.024592,0.028983,0.036530,0.042727,0.042962,0.048216,0.051776,0.049663
find_inconsistent_update_time_sec,0.000000,-0.000022,0.000000,-0.000037,-0.000048,-0.000053,-0.000067,-0.000120,-0.000083,-0.000194,-0.000189,-0.000088,-0.000011,-0.000024,-0.000034,-0.000069,-0.000092,-0.000101,-0.000110,-0.000117,-0.000125,-0.000132,-0.000131,-0.000245
