key/t,False-0,False-1,False-2,False-3,False-4,False-5,False-6,False-7,False-8,False-9,False-10,False-inf,True-0,True-1,True-2,True-3,True-4,True-5,True-6,True-7,True-8,True-9,True-10,True-inf
total_time_sec,1.118533,1.422718,1.564356,1.760746,2.227099,2.074486,2.062965,2.135698,2.108295,2.289903,2.313157,2.134995,1.068999,1.562186,1.653737,1.752708,1.932034,2.051139,2.185012,2.237956,2.228591,2.346261,2.277779,2.133731
load_time_sec,0.372428,0.368050,0.371885,0.388705,0.381083,0.431617,0.440395,0.374381,0.365670,0.403843,0.424182,0.377631,0.365053,0.369711,0.394718,0.401491,0.424807,0.374604,0.373605,0.363228,0.363757,0.361095,0.390450,0.373550
detect_races_time_sec,0.123838,0.118502,0.120275,0.105322,0.103902,0.106811,0.099675,0.093667,0.092687,0.112769,0.123269,0.095484,0.115825,0.109500,0.113941,0.116597,0.107328,0.103447,0.098333,0.096327,0.091616,0.098414,0.100458,0.090500
extract_traces_time_sec,0.076165,0.048880,0.050421,0.044266,0.035649,0.036252,0.024550,0.033818,0.017877,0.020227,0.024977,0.019279,0.070194,0.049824,0.043815,0.040001,0.036242,0.030111,0.026256,0.022163,0.018786,0.042697,0.020556,0.017679
find_reactive_cmds_time_sec,0.000447,0.000408,0.002059,0.000700,0.000247,0.000412,0.000298,0.000505,0.000300,0.000349,0.000370,0.000316,0.000405,0.000421,0.000420,0.000000,0.000376,0.000324,0.000328,0.000307,0.000328,0.000317,0.000309,0.000286
find_proactive_cmds_time_sec,0.111900,0.104955,0.083812,0.092802,0.084883,0.097535,0.086079,0.094251,0.078077,0.081353,0.092431,0.084286,0.093412,0.102470,0.082646,0.081024,0.081836,0.079245,0.079221,0.078301,0.078591,0.172146,0.086576,0.081534
find_covered_races_time,0.139951,0.293530,0.430192,0.516595,0.584157,0.644429,0.628397,0.663059,0.603744,0.720445,0.643057,0.611684,0.138642,0.323447,0.450175,0.501187,0.631205,0.743811,0.779508,0.807326,0.756153,0.756821,0.735806,0.653949
per_packet_inconsistent_time_sec,0.000673,0.007604,0.013244,0.020459,0.022095,0.029796,0.035833,0.041445,0.045178,0.055146,0.046946,0.045698,0.000692,0.015536,0.020362,0.018088,0.023791,0.028468,0.035410,0.042538,0.046207,0.051286,0.046746,0.048089
find_inconsistent_update_time_sec,-0.000010,-0.000021,0.000000,0.000000,-0.000046,0.000000,-0.000067,-0.000073,-0.000088,-0.000099,-0.000088,-0.000087,-0.000011,0.000000,-0.000035,-0.000066,-0.000088,-0.000098,-0.000112,-0.000119,-0.000132,-0.000132,-0.000132,-0.000136
