key/t,False-0,False-1,False-2,False-3,False-4,False-5,False-6,False-7,False-8,False-9,False-10,False-inf,True-0,True-1,True-2,True-3,True-4,True-5,True-6,True-7,True-8,True-9,True-10,True-inf
total_time_sec,0.886329,1.061701,1.048276,1.677256,1.450012,1.286085,1.481202,1.368811,1.409491,1.284416,1.233841,1.304870,0.816155,0.895836,1.027423,1.303087,1.377662,1.341465,1.394251,1.526360,1.517263,1.413077,1.676884,1.518846
load_time_sec,0.429385,0.384414,0.376648,0.388972,0.381081,0.406424,0.498220,0.388332,0.582044,0.371873,0.366309,0.376084,0.357301,0.357982,0.361060,0.419328,0.360010,0.370959,0.398888,0.468555,0.444047,0.394613,0.435691,0.397925
detect_races_time_sec,0.135074,0.113043,0.106155,0.107996,0.166260,0.100048,0.115804,0.111648,0.093226,0.091343,0.093327,0.090730,0.114322,0.107359,0.105599,0.103385,0.101110,0.101317,0.098351,0.109283,0.117660,0.099308,0.107054,0.089244
extract_traces_time_sec,0.077318,0.063833,0.041603,0.038161,0.072537,0.032034,0.031430,0.026070,0.018100,0.020381,0.018526,0.017699,0.112567,0.046723,0.040235,0.035973,0.033949,0.031196,0.025831,0.028913,0.021960,0.019853,0.020921,0.018597
find_reactive_cmds_time_sec,0.000494,0.000498,0.000444,0.000407,0.000709,0.000379,0.000618,0.000303,0.000275,0.000331,0.000354,0.000316,0.000713,0.000415,0.000411,0.000387,0.000328,0.000540,0.000326,0.000614,0.000349,0.000338,0.000390,0.000329
find_proactive_cmds_time_sec,0.109888,0.123595,0.077565,0.077187,0.135278,0.082297,0.095068,0.077197,0.076363,0.079873,0.078683,0.105081,0.099261,0.096352,0.076970,0.096370,0.075564,0.098394,0.079208,0.083243,0.089431,0.081299,0.086302,0.076292
find_covered_races_time,0.133433,0.364464,0.429806,1.043109,0.661418,0.626410,0.697754,0.709732,0.587920,0.664293,0.621856,0.653219,0.131235,0.277084,0.426752,0.620872,0.734895,0.705626,0.746441,0.787264,0.786929,0.757051,0.879427,0.831090
per_packet_inconsistent_time_sec,0.000691,0.011793,0.015992,0.021348,0.032634,0.038385,0.042200,0.055397,0.051448,0.056182,0.054661,0.061618,0.000708,0.009629,0.016327,0.026654,0.071532,0.033299,0.045056,0.048319,0.056667,0.060416,0.146738,0.105180
find_inconsistent_update_time_sec,-0.000010,-0.000023,-0.000030,-0.000041,-0.000056,-0.000065,-0.000070,-0.000091,-0.000080,-0.000130,-0.000086,-0.000088,-0.000011,-0.000250,-0.000034,-0.000079,-0.000220,-0.000099,-0.000114,-0.000130,-0.000184,-0.000137,-0.000305,-0.000138
