key/t,False-0,False-1,False-2,False-3,False-4,False-5,False-6,False-7,False-8,False-9,False-10,False-inf,True-0,True-1,True-2,True-3,True-4,True-5,True-6,True-7,True-8,True-9,True-10,True-inf
total_time_sec,1.087427,1.386080,1.606158,1.698385,1.842600,1.857420,2.037030,2.055563,2.176764,2.149206,2.116930,2.715921,1.113356,1.352209,1.542179,1.688416,1.863092,2.037122,2.196461,2.236704,2.280678,2.306422,2.277044,2.278702
load_time_sec,0.374295,0.380803,0.405936,0.385816,0.364743,0.361793,0.362593,0.370732,0.385134,0.367583,0.383697,0.585493,0.372309,0.363238,0.380382,0.380973,0.382218,0.371661,0.381163,0.385153,0.375063,0.379342,0.365377,0.491493
detect_races_time_sec,0.118333,0.118124,0.112279,0.103996,0.106351,0.102495,0.097294,0.095984,0.120976,0.093601,0.089654,0.152248,0.116040,0.109499,0.105958,0.104180,0.103284,0.100582,0.098788,0.096334,0.091282,0.091828,0.093114,0.111014
extract_traces_time_sec,0.072225,0.049676,0.044562,0.037800,0.035147,0.030775,0.026455,0.025069,0.023416,0.017624,0.018599,0.032409,0.076521,0.047951,0.039946,0.036181,0.032668,0.032254,0.027115,0.023491,0.022456,0.019158,0.019017,0.023502
find_reactive_cmds_time_sec,0.000027,0.000464,0.000734,0.000363,0.000359,0.000352,0.000339,0.000341,0.005012,0.000297,0.001047,0.000654,0.000444,0.000417,0.000394,0.000374,0.000351,0.000352,0.000323,0.000298,0.000335,0.000315,0.000316,0.000373
find_proactive_cmds_time_sec,0.102275,0.101054,0.084002,0.083468,0.083347,0.075455,0.075567,0.087611,0.090317,0.080004,0.080632,0.111845,0.111040,0.097814,0.076386,0.081843,0.076765,0.084033,0.084118,0.082870,0.084735,0.078463,0.079496,0.090608
find_covered_races_time,0.134219,0.285679,0.440543,0.507003,0.554990,0.594526,0.667193,0.651115,0.612330,0.599603,0.612453,0.850098,0.143950,0.283802,0.428611,0.500458,0.613827,0.717100,0.745365,0.798225,0.737274,0.741347,0.718702,0.640142
per_packet_inconsistent_time_sec,0.001169,0.007331,0.013004,0.017022,0.022027,0.026139,0.033143,0.037996,0.045783,0.045569,0.047710,0.048929,0.000807,0.007534,0.013747,0.017347,0.023999,0.028216,0.034546,0.042730,0.043301,0.046831,0.049939,0.054220
find_inconsistent_update_time_sec,0.000000,-0.000026,-0.000045,-0.000040,-0.000047,-0.000053,-0.000067,-0.000073,0.000000,-0.000096,-0.000085,-0.000089,0.000000,-0.000025,-0.000038,-0.000065,-0.000048,-0.000109,-0.000110,-0.000117,-0.000128,-0.000131,-0.000132,-0.000659
