key/t,False-0,False-1,False-2,False-3,False-4,False-5,False-6,False-7,False-8,False-9,False-10,False-inf,True-0,True-1,True-2,True-3,True-4,True-5,True-6,True-7,True-8,True-9,True-10,True-inf
total_time_sec,4.537400,5.223295,4.915961,4.987601,4.861950,5.327440,5.036837,5.198496,4.897938,5.196815,6.448903,5.312990,4.510715,4.982484,4.992832,4.916919,5.082145,5.170130,5.412904,6.636429,7.316354,5.265321,7.084277,4.979484
load_time_sec,3.468527,3.740447,3.429789,3.560151,3.418490,3.755942,3.523056,3.708135,3.371857,3.627639,4.636695,3.618926,3.480715,3.607443,3.514477,3.455252,3.537776,3.595474,3.658878,5.053554,4.777358,3.673360,5.130277,3.401948
detect_races_time_sec,0.568593,0.626151,0.537630,0.540612,0.539356,0.570043,0.550621,0.546666,0.547482,0.535867,0.778760,0.546438,0.539859,0.565432,0.547220,0.564557,0.584543,0.605610,0.745225,0.548365,1.237244,0.559599,0.796915,0.542703
extract_traces_time_sec,0.021501,0.028666,0.015274,0.014678,0.015410,0.016547,0.017143,0.014898,0.016429,0.013834,0.016600,0.014551,0.019755,0.016682,0.019025,0.015093,0.016528,0.014412,0.017145,0.014410,0.030352,0.017239,0.021270,0.014427
find_reactive_cmds_time_sec,0.002230,0.002012,0.000565,0.000553,0.000616,0.000571,0.000570,0.000543,0.001202,0.000610,0.000691,0.000577,0.000549,0.000617,0.000908,0.000370,0.001628,0.000904,0.000636,0.000606,0.001105,0.000585,0.000738,0.000560
find_proactive_cmds_time_sec,0.147242,0.196090,0.155975,0.146306,0.155329,0.167492,0.155265,0.144736,0.150870,0.149819,0.163667,0.140429,0.136893,0.154594,0.188259,0.145791,0.165519,0.145310,0.164745,0.153195,0.234009,0.148296,0.181860,0.145477
find_covered_races_time,0.002906,0.010036,0.011520,0.011363,0.013177,0.015164,0.015314,0.015956,0.016301,0.018493,0.020056,0.019310,0.002977,0.009824,0.013972,0.015554,0.019495,0.020606,0.023133,0.025966,0.049053,0.025009,0.025158,0.022688
per_packet_inconsistent_time_sec,0.000737,0.017674,0.020529,0.022658,0.025716,0.034559,0.030395,0.034367,0.033693,0.035589,0.044763,0.037322,0.000731,0.016340,0.021552,0.023685,0.027975,0.030243,0.033066,0.034210,0.068530,0.037265,0.045116,0.040901
find_inconsistent_update_time_sec,-0.000020,0.000000,-0.000044,-0.000046,-0.000052,-0.000053,-0.000080,-0.000057,-0.000060,-0.000063,-0.000145,-0.000063,-0.000020,-0.000042,-0.000046,-0.000348,-0.000600,-0.002124,-0.002214,-0.002368,-0.003121,-0.003203,-0.002596,-0.003108
