key/t,False-0,False-1,False-2,False-3,False-4,False-5,False-6,False-7,False-8,False-9,False-10,False-inf,True-0,True-1,True-2,True-3,True-4,True-5,True-6,True-7,True-8,True-9,True-10,True-inf
total_time_sec,6.973618,5.234805,5.351274,5.265933,5.403147,9.245186,9.186194,5.334933,6.924567,6.692049,7.074896,7.409381,4.645748,8.030982,5.351803,5.522094,5.146150,5.185135,5.242949,6.968258,5.219701,6.997018,7.158451,8.863532
load_time_sec,4.753923,3.813230,3.817524,3.693753,3.726857,7.550470,5.898514,3.634001,4.557247,4.529867,5.028942,4.329477,3.535802,6.509172,3.939831,3.624251,3.546973,3.643835,3.609039,4.942970,3.599692,5.253892,5.418143,5.466088
detect_races_time_sec,1.255229,0.564639,0.562760,0.603681,0.568808,0.603319,1.261004,0.567568,1.166803,0.819834,0.751005,1.139211,0.598090,0.736590,0.568489,0.910978,0.584071,0.561996,0.603543,0.951762,0.564596,0.597009,0.612556,1.347864
extract_traces_time_sec,0.041503,0.016032,0.016312,0.015227,0.016300,0.015545,0.037675,0.017083,0.015500,0.023193,0.020789,0.029577,0.019244,0.014943,0.016493,0.017962,0.015702,0.015236,0.027237,0.018435,0.016788,0.017409,0.017030,0.033600
find_reactive_cmds_time_sec,0.001072,0.000654,0.000557,0.000952,0.001207,0.000599,0.001314,0.000551,0.000601,0.000664,0.001000,0.001575,0.000581,0.000574,0.000828,0.000769,0.000579,0.001227,0.000683,0.002737,0.000549,0.000613,0.001095,0.001179
find_proactive_cmds_time_sec,0.255072,0.187809,0.163187,0.165122,0.160552,0.169167,0.262237,0.162623,0.165759,0.236350,0.195851,0.229886,0.155639,0.151585,0.155020,0.170470,0.156408,0.149872,0.181801,0.199688,0.157416,0.165107,0.165905,0.258753
find_covered_races_time,0.007777,0.010872,0.011768,0.012099,0.013643,0.014513,0.034542,0.017568,0.018628,0.025657,0.026797,0.037670,0.003801,0.010138,0.011437,0.015666,0.019736,0.022365,0.022871,0.024716,0.025639,0.025769,0.026581,0.053389
per_packet_inconsistent_time_sec,0.001371,0.017725,0.030026,0.023975,0.026204,0.028819,0.070182,0.035637,0.032074,0.055193,0.048843,0.074684,0.000762,0.018020,0.021641,0.026158,0.028283,0.030541,0.031159,0.034525,0.036005,0.038152,0.039115,0.105009
find_inconsistent_update_time_sec,-0.000039,-0.000043,-0.000050,-0.000045,-0.000053,-0.000774,-0.000111,-0.000064,-0.000059,-0.000066,-0.000069,-0.000129,-0.000021,-0.000040,0.000000,-0.000150,-0.000603,-0.002801,-0.002432,-0.002273,-0.002821,-0.002729,-0.002647,-0.005732
