key/t,False-0,False-1,False-2,False-3,False-4,False-5,False-6,False-7,False-8,False-9,False-10,False-inf
total_time_sec,35.915819,33.506169,34.126350,36.497018,35.845704,38.027624,39.750862,40.460845,47.414711,45.320198,44.697752,40.811579
load_time_sec,18.145002,17.015978,16.688887,17.041475,17.066647,16.706360,17.239889,16.913099,19.403680,18.618670,18.210133,16.640450
detect_races_time_sec,10.316346,9.129832,9.039050,9.758186,9.060614,8.928198,9.262922,9.059816,10.882631,10.274278,9.999194,8.888533
extract_traces_time_sec,4.351376,4.333082,4.316932,4.430812,4.269493,4.291881,4.326274,4.346822,4.728292,4.481725,4.574498,4.186436
find_reactive_cmds_time_sec,0.021545,0.012746,0.012497,0.012599,0.015926,0.012716,0.013711,0.012608,0.015733,0.013137,0.014911,0.012895
find_proactive_cmds_time_sec,0.103414,0.078978,0.075187,0.075334,0.079696,0.073415,0.080993,0.075832,0.100986,0.081982,0.090735,0.082610
find_covered_races_time,2.968153,2.791277,3.912650,5.090867,5.263896,7.932887,8.751013,9.962614,12.188391,11.751364,11.714833,10.876889
per_packet_inconsistent_time_sec,0.009820,0.144146,0.080975,0.087602,0.089281,0.082008,0.075924,0.089875,0.094817,0.098877,0.093126,0.123146
find_inconsistent_update_time_sec,-0.000123,-0.000090,-0.000123,-0.000101,-0.000107,-0.000116,-0.000095,-0.000138,-0.000135,-0.000125,-0.000248,-0.000580
