key/t,False-0,False-1,False-2,False-3,False-4,False-5,False-6,False-7,False-8,False-9,False-10,False-inf,True-0,True-1,True-2,True-3,True-4,True-5,True-6,True-7,True-8,True-9,True-10,True-inf
total_time_sec,20.662470,20.942140,21.576199,21.341629,21.947297,21.144071,21.499919,22.227434,21.378284,21.142373,21.211396,24.026619,17.741359,17.893357,17.921231,17.928614,18.078889,17.939642,18.149345,18.937639,18.473093,18.272307,18.031204,18.390235
load_time_sec,16.067410,16.315034,16.642379,16.459543,17.063045,16.252710,16.452673,16.928214,16.370332,16.113934,16.063770,16.836561,15.898766,16.024188,16.045348,16.025241,16.169865,16.049760,16.172024,16.940896,16.443379,16.326579,16.115109,16.005410
detect_races_time_sec,2.732871,2.739479,2.987401,2.809885,2.729133,2.735125,2.782176,2.927661,2.685072,2.692324,2.708542,2.469338,1.640183,1.663441,1.661867,1.680185,1.680407,1.663505,1.733454,1.760021,1.770100,1.698055,1.668138,1.624878
extract_traces_time_sec,1.415146,1.405474,1.428342,1.426077,1.395511,1.401698,1.443645,1.427508,1.364892,1.356973,1.411214,1.195344,0.069864,0.069876,0.068140,0.066869,0.068468,0.065631,0.068548,0.068561,0.070129,0.065439,0.068499,0.052587
find_reactive_cmds_time_sec,0.012542,0.012343,0.013572,0.012761,0.013070,0.013766,0.013388,0.013767,0.013392,0.012790,0.013130,0.012672,0.012515,0.012504,0.012793,0.013864,0.012940,0.013170,0.013733,0.013154,0.013173,0.012968,0.012563,0.012729
find_proactive_cmds_time_sec,0.089443,0.092133,0.095367,0.091622,0.092666,0.090105,0.094112,0.101836,0.091638,0.093643,0.093964,0.094014,0.093194,0.090559,0.095332,0.096638,0.096817,0.093755,0.101121,0.093891,0.101900,0.097238,0.094148,0.097743
find_covered_races_time,0.341554,0.356610,0.384314,0.503533,0.604191,0.619009,0.679646,0.788150,0.811131,0.820351,0.871641,3.074182,0.024902,0.026427,0.027545,0.030210,0.031685,0.033061,0.034870,0.034891,0.043781,0.039809,0.039270,0.146663
per_packet_inconsistent_time_sec,0.003345,0.020902,0.024659,0.038045,0.049488,0.031491,0.034112,0.040133,0.041656,0.052190,0.048960,0.313092,0.001749,0.006153,0.009996,0.015419,0.018496,0.020556,0.025375,0.026011,0.030407,0.031998,0.033276,0.197738
find_inconsistent_update_time_sec,-0.000094,-0.000100,-0.000099,-0.000099,-0.000130,-0.000103,-0.000103,-0.000112,-0.000108,-0.000109,-0.000112,-0.031350,-0.000096,-0.000156,-0.000148,-0.000128,-0.000156,-0.000140,-0.000164,-0.000159,-0.000163,-0.000155,-0.000146,-0.252420
