key/t,False-0,False-1,False-2,False-3,False-4,False-5,False-6,False-7,False-8,False-9,False-10,False-inf
total_time_sec,22.437814,23.234992,24.555277,24.722994,25.032422,27.902970,28.166316,28.504165,29.269713,29.332591,29.557046,29.621954
load_time_sec,9.533745,9.530880,9.773791,9.512625,9.470670,9.786619,9.691459,9.520783,9.510753,9.506531,9.653215,9.538843
detect_races_time_sec,7.408090,7.501120,7.559258,7.520381,7.368199,7.427893,7.399189,7.292055,7.349133,7.332945,7.313102,7.334590
extract_traces_time_sec,3.737972,3.779861,3.818990,3.767303,3.728125,3.956186,3.928233,3.715233,3.719344,3.668314,3.705411,3.667376
find_reactive_cmds_time_sec,0.011439,0.011513,0.011403,0.011429,0.011292,0.012426,0.012099,0.011476,0.011801,0.011476,0.011471,0.011385
find_proactive_cmds_time_sec,0.081302,0.079178,0.080134,0.077956,0.076373,0.077737,0.077714,0.079812,0.080721,0.080951,0.078391,0.080044
find_covered_races_time,1.657073,2.214563,3.245619,3.768517,4.314755,6.589852,7.002918,7.823625,8.535146,8.668837,8.732049,8.902821
per_packet_inconsistent_time_sec,0.008094,0.117772,0.065974,0.064680,0.062906,0.052140,0.054582,0.061054,0.062687,0.063406,0.063261,0.086420
find_inconsistent_update_time_sec,0.000085,0.000091,0.000084,0.000089,0.000088,0.000093,0.000099,0.000111,0.000114,0.000115,0.000128,0.000459
