key/t,False-0,False-1,False-2,False-3,False-4,False-5,False-6,False-7,False-8,False-9,False-10,False-inf
total_time_sec,19.408618,19.113829,19.180301,19.438205,19.582277,19.488949,19.455544,19.523049,19.959698,19.602501,19.642112,21.481969
load_time_sec,15.122069,14.874016,14.903311,14.992057,15.054487,15.003952,14.927616,14.972987,15.181335,14.947337,14.897345,14.995058
detect_races_time_sec,2.538546,2.481756,2.493678,2.499729,2.500102,2.480731,2.461707,2.479015,2.506416,2.455352,2.463153,2.209374
extract_traces_time_sec,1.291496,1.275105,1.301083,1.341311,1.329091,1.270392,1.286541,1.243219,1.323475,1.256332,1.304230,1.076477
find_reactive_cmds_time_sec,0.012237,0.011784,0.012024,0.011691,0.013349,0.012556,0.011824,0.012348,0.012192,0.012402,0.011623,0.011954
find_proactive_cmds_time_sec,0.087963,0.084801,0.084886,0.084463,0.083347,0.083354,0.085001,0.087863,0.088146,0.084752,0.086335,0.085125
find_covered_races_time,0.352774,0.365085,0.361527,0.473291,0.554381,0.605594,0.650220,0.691140,0.807763,0.797340,0.831207,2.777412
per_packet_inconsistent_time_sec,0.003392,0.021134,0.023655,0.035520,0.047374,0.032218,0.032487,0.036323,0.040218,0.048829,0.048063,0.297921
find_inconsistent_update_time_sec,-0.000100,-0.000099,-0.000096,-0.000102,-0.000105,-0.000103,-0.000107,-0.000108,-0.000111,-0.000117,-0.000114,-0.028605
