key/t,False-0,False-1,False-2,False-3,False-4,False-5,False-6,False-7,False-8,False-9,False-10,False-inf
total_time_sec,28.068499,28.815717,30.093892,30.865588,31.273288,34.280729,34.117799,35.180419,36.482875,35.657703,35.934959,37.557456
load_time_sec,11.678193,11.455024,11.569787,11.493061,11.667481,11.224529,11.139863,11.552453,11.551751,11.375319,11.329747,11.674085
detect_races_time_sec,9.312240,9.428179,9.319631,9.249539,9.056418,9.174392,8.720381,8.906038,9.153951,8.845116,8.868993,9.219678
extract_traces_time_sec,4.502548,4.553030,4.638517,4.585914,4.503997,4.431266,4.391606,4.353167,4.257292,4.254123,4.241831,4.332730
find_reactive_cmds_time_sec,0.020464,0.020534,0.020557,0.020611,0.019930,0.019864,0.019716,0.019554,0.019734,0.019955,0.020059,0.020594
find_proactive_cmds_time_sec,0.318697,0.318771,0.321146,0.318480,0.310196,0.312225,0.306927,0.306748,0.311548,0.313774,0.317146,0.321783
find_covered_races_time,2.226333,2.879095,4.148538,5.116333,5.637597,9.057199,9.474327,9.971382,11.118563,10.777964,11.085129,11.888359
per_packet_inconsistent_time_sec,0.009905,0.160869,0.075580,0.081500,0.077517,0.061088,0.064806,0.070897,0.069858,0.071269,0.071871,0.099699
find_inconsistent_update_time_sec,0.000102,0.000195,0.000120,0.000131,0.000125,0.000140,0.000146,0.000150,0.000150,0.000153,0.000154,0.000496
