key/t,False-0,False-1,False-2,False-3,False-4,False-5,False-6,False-7,False-8,False-9,False-10,False-inf,True-0,True-1,True-2,True-3,True-4,True-5,True-6,True-7,True-8,True-9,True-10,True-inf
total_time_sec,30.912070,27.097339,28.363224,27.261249,27.644912,30.378423,28.418987,27.905537,27.807955,28.107780,28.564284,31.486394,27.439204,23.660362,23.639458,24.658133,23.846460,23.638428,27.190872,22.947892,23.212121,23.892436,23.551991,23.870564
load_time_sec,23.182329,20.447362,21.485381,20.612638,20.608494,23.355988,21.279153,20.993901,20.632784,20.923060,20.932214,20.811473,24.955314,21.025866,21.014677,22.032186,21.196631,20.826411,24.637627,20.376146,20.612658,21.002640,20.901672,20.798296
detect_races_time_sec,4.212584,3.658995,3.794381,3.595459,3.782309,3.713312,3.766153,3.668281,3.607171,3.635996,3.724524,3.475317,2.078176,2.201383,2.179144,2.171919,2.212810,2.372643,2.092441,2.092510,2.106192,2.393625,2.138317,2.072138
extract_traces_time_sec,2.773948,2.199143,2.229154,2.066784,2.123068,2.129593,2.074613,1.979353,2.112006,2.052000,2.134218,2.012222,0.088246,0.092239,0.089287,0.092854,0.085605,0.082538,0.087514,0.085990,0.082148,0.085437,0.092737,0.071540
find_reactive_cmds_time_sec,0.021627,0.018696,0.016651,0.016348,0.016987,0.018797,0.017570,0.016001,0.017080,0.015998,0.019138,0.019147,0.015944,0.019365,0.018346,0.018175,0.016847,0.015795,0.016700,0.016750,0.016859,0.018815,0.020530,0.016922
find_proactive_cmds_time_sec,0.281524,0.274914,0.292090,0.269810,0.277341,0.281668,0.321119,0.268000,0.282916,0.272783,0.272301,0.321732,0.266851,0.277231,0.285052,0.280894,0.266794,0.269700,0.275209,0.292275,0.279505,0.289338,0.287213,0.275038
find_covered_races_time,0.433798,0.464278,0.507786,0.649619,0.767893,0.827302,0.888838,0.928398,1.099999,1.135708,1.407032,4.376855,0.031360,0.036195,0.038831,0.040861,0.041645,0.042528,0.048742,0.048803,0.070489,0.058414,0.059893,0.234731
per_packet_inconsistent_time_sec,0.006037,0.033721,0.037550,0.050359,0.068559,0.051528,0.071197,0.051603,0.055999,0.071994,0.074573,0.413283,0.003108,0.007846,0.013868,0.020986,0.025846,0.028813,0.032358,0.035109,0.043806,0.043996,0.051629,0.289770
find_inconsistent_update_time_sec,-0.000186,-0.000191,-0.000193,-0.000192,-0.000220,-0.000194,-0.000291,0.000000,0.000000,-0.000201,-0.000284,-0.056313,-0.000167,-0.000201,-0.000216,-0.000218,-0.000243,0.000000,-0.000242,-0.000268,0.000000,-0.000128,0.000000,-0.112079
