key/t,False-0,False-1,False-2,False-3,False-4,False-5,False-6,False-7,False-8,False-9,False-10,False-inf,True-0,True-1,True-2,True-3,True-4,True-5,True-6,True-7,True-8,True-9,True-10,True-inf
total_time_sec,20.873003,20.665972,20.952987,21.477328,23.552903,27.833186,23.728991,24.944362,24.087232,24.516784,25.794901,23.068646,18.679231,18.939113,18.561513,18.023796,18.054490,18.198058,18.038473,17.828381,17.893870,18.142882,17.960786,19.286479
load_time_sec,16.190745,16.080337,16.167738,16.536393,17.383010,22.026000,18.209180,18.553245,18.488581,18.253182,19.895353,16.078067,16.726630,17.018630,16.682588,16.132814,16.157447,16.285417,16.114931,15.953382,15.970206,16.188716,16.050398,16.736965
detect_races_time_sec,2.770751,2.722905,2.794219,2.807682,3.350655,3.297233,3.045904,3.590254,3.002274,3.310927,3.147148,2.444763,1.743128,1.706974,1.658331,1.664154,1.672078,1.684472,1.691753,1.641139,1.682045,1.706202,1.658763,1.775947
extract_traces_time_sec,1.458843,1.387353,1.437140,1.426451,1.803005,1.586700,1.529775,1.673385,1.469289,1.642302,1.513955,1.186864,0.069723,0.071320,0.071437,0.068734,0.068656,0.064858,0.065078,0.063621,0.067875,0.065357,0.064298,0.055234
find_reactive_cmds_time_sec,0.012548,0.012368,0.012878,0.013651,0.018135,0.014701,0.014748,0.016466,0.013842,0.015688,0.016191,0.012528,0.012376,0.012615,0.013618,0.012666,0.012480,0.012503,0.012487,0.012343,0.012462,0.013051,0.013501,0.013377
find_proactive_cmds_time_sec,0.095696,0.086736,0.099776,0.101990,0.124094,0.111481,0.105269,0.122317,0.100676,0.109269,0.105673,0.093176,0.099101,0.097772,0.098261,0.099873,0.095129,0.093780,0.098469,0.097400,0.095082,0.094102,0.095995,0.096728
find_covered_races_time,0.340873,0.352270,0.412629,0.548661,0.808290,0.759250,0.786738,0.939911,0.961453,1.116810,1.055548,2.914137,0.025722,0.026420,0.027470,0.030298,0.031285,0.036695,0.032538,0.036759,0.035787,0.043317,0.039658,0.153100
per_packet_inconsistent_time_sec,0.003354,0.023832,0.028455,0.042337,0.065509,0.037647,0.037204,0.048588,0.050948,0.068397,0.060854,0.306825,0.002348,0.005206,0.009606,0.015075,0.017228,0.020149,0.022891,0.023547,0.030222,0.031947,0.037967,0.210057
find_inconsistent_update_time_sec,-0.000131,-0.000100,-0.000100,-0.000109,-0.000143,-0.000118,-0.000117,-0.000135,-0.000114,-0.000149,-0.000123,-0.032224,-0.000137,-0.000118,-0.000135,-0.000122,-0.000129,-0.000125,-0.000237,-0.000131,-0.000131,-0.000141,-0.000153,-0.245003
