key/t,False-0,False-1,False-2,False-3,False-4,False-5,False-6,False-7,False-8,False-9,False-10,False-inf
total_time_sec,34.578071,35.893377,35.479861,37.069955,38.793681,41.657087,42.899343,43.648986,46.026604,45.397713,46.000167,43.363319
load_time_sec,17.893869,17.790027,17.388510,17.459730,17.881438,17.993244,18.177565,17.899493,18.442897,18.221825,18.617947,17.830174
detect_races_time_sec,9.760048,10.361594,9.501300,9.837629,10.149981,9.999725,10.225444,10.010253,11.048023,10.386823,10.326992,9.773866
extract_traces_time_sec,4.543431,4.494263,4.352643,4.389688,4.591624,4.504503,4.525467,4.553953,4.339212,4.549445,4.530035,4.350522
find_reactive_cmds_time_sec,0.016434,0.013325,0.014198,0.013252,0.012726,0.014454,0.013616,0.015827,0.014587,0.017923,0.014852,0.015925
find_proactive_cmds_time_sec,0.076177,0.082221,0.079080,0.102045,0.082972,0.083910,0.077841,0.092351,0.082156,0.090750,0.085350,0.084810
find_covered_races_time,2.279059,2.987318,4.063547,5.183501,5.992149,8.988989,9.802279,10.979522,12.009493,12.040488,12.332055,11.193822
per_packet_inconsistent_time_sec,0.008922,0.164488,0.080424,0.083968,0.082645,0.072110,0.076964,0.097399,0.090056,0.090213,0.092627,0.113499
find_inconsistent_update_time_sec,-0.000091,-0.000102,-0.000114,-0.000101,-0.000105,-0.000111,-0.000124,-0.000142,-0.000137,-0.000195,-0.000255,-0.000658
