key/t,False-0,False-1,False-2,False-3,False-4,False-5,False-6,False-7,False-8,False-9,False-10,False-inf,True-0,True-1,True-2,True-3,True-4,True-5,True-6,True-7,True-8,True-9,True-10,True-inf
total_time_sec,21.886438,22.696882,22.930456,22.386939,22.328643,22.232768,22.213226,22.062157,22.503846,22.092218,22.490323,22.512954,28.839720,24.215034,21.920353,21.839029,22.093837,22.176453,21.930744,22.090942,21.768385,21.780063,21.681047,21.142927
load_time_sec,19.097487,19.729146,20.099477,19.581153,19.509700,19.392494,19.396928,19.231570,19.597801,19.224337,19.583913,19.209729,25.537734,21.454474,19.452731,19.266033,19.501443,19.613022,19.342975,19.484862,19.205257,19.153003,19.079694,18.107938
detect_races_time_sec,2.382822,2.535243,2.400371,2.352521,2.353565,2.355874,2.298138,2.310399,2.366809,2.318290,2.344840,2.323893,3.135482,2.586667,2.300066,2.391926,2.398560,2.364182,2.374635,2.379613,2.341766,2.391753,2.365988,2.468223
extract_traces_time_sec,0.179142,0.163384,0.140007,0.131632,0.126204,0.123962,0.116933,0.111873,0.110980,0.104128,0.106746,0.091869,0.047040,0.035797,0.029055,0.028600,0.028749,0.029096,0.029409,0.028726,0.029261,0.028426,0.028392,0.028475
find_reactive_cmds_time_sec,0.003109,0.002723,0.003056,0.003174,0.002565,0.002532,0.003286,0.002527,0.002620,0.002540,0.002594,0.002550,0.003063,0.002729,0.002506,0.002530,0.003198,0.002592,0.002553,0.002740,0.002700,0.002647,0.002558,0.002606
find_proactive_cmds_time_sec,0.081661,0.080743,0.079238,0.086319,0.081014,0.083553,0.081205,0.080109,0.079978,0.081080,0.081620,0.084869,0.094230,0.085597,0.078440,0.079452,0.083409,0.080810,0.081019,0.086652,0.077684,0.082629,0.078295,0.085998
find_covered_races_time,0.140125,0.169988,0.186216,0.203053,0.221110,0.235536,0.274425,0.275354,0.292390,0.304232,0.306645,0.604086,0.020132,0.030028,0.033023,0.038523,0.041382,0.045373,0.053603,0.055327,0.056707,0.061109,0.060747,0.190703
per_packet_inconsistent_time_sec,0.001959,0.015466,0.021942,0.028926,0.034318,0.038656,0.042144,0.050129,0.053096,0.057430,0.063775,0.152790,0.001893,0.019527,0.024337,0.031750,0.036880,0.041162,0.046333,0.052792,0.054782,0.060130,0.065140,0.193711
find_inconsistent_update_time_sec,-0.000079,-0.000117,-0.000094,-0.000105,-0.000110,-0.000105,-0.000110,-0.000138,-0.000118,-0.000122,-0.000132,-0.043108,-0.000088,-0.000157,-0.000142,-0.000159,-0.000160,-0.000161,-0.000162,-0.000173,-0.000173,-0.000309,-0.000177,-0.065215
