key/t,False-0,False-1,False-2,False-3,False-4,False-5,False-6,False-7,False-8,False-9,False-10,False-inf
total_time_sec,69.113547,81.294760,100.610348,108.140661,124.748790,139.051034,134.644112,140.768487,145.207789,145.597263,149.735339,241.628096
load_time_sec,31.235666,28.778152,34.544930,29.469879,32.190692,31.289228,29.574505,30.333460,29.854250,30.347984,30.829898,29.632065
detect_races_time_sec,25.969432,24.503376,26.108301,24.296566,24.329568,25.610214,24.860442,22.746266,23.044418,24.433656,23.039371,21.608936
extract_traces_time_sec,6.175615,5.714089,5.949000,5.688191,5.585967,5.575433,4.669447,4.762791,4.696610,4.726560,4.649510,4.259205
find_reactive_cmds_time_sec,0.017963,0.018879,0.021425,0.018274,0.018013,0.017950,0.019980,0.018375,0.018947,0.020691,0.017942,0.021706
find_proactive_cmds_time_sec,0.107934,0.114757,0.125628,0.119921,0.114286,0.117546,0.112973,0.110835,0.109618,0.119991,0.112017,0.110325
find_covered_races_time,5.596680,22.042453,33.662550,48.188385,61.987524,75.761739,74.556866,81.912871,86.472585,84.922949,89.994801,182.957984
per_packet_inconsistent_time_sec,0.010054,0.122572,0.198235,0.359050,0.522170,0.678334,0.849412,0.883416,1.010837,1.024835,1.091254,3.035902
find_inconsistent_update_time_sec,-0.000160,-0.000414,-0.000237,-0.000354,-0.000530,-0.000545,-0.000446,-0.000435,-0.000486,-0.000556,-0.000506,-0.001916
