key/t,False-0,False-1,False-2,False-3,False-4,False-5,False-6,False-7,False-8,False-9,False-10,False-inf
total_time_sec,31.851982,31.604891,32.143540,31.087717,31.503020,32.332830,30.940730,30.534674,31.142413,30.584398,30.051100,32.516776
load_time_sec,6.696844,6.727379,6.797862,6.617455,6.699863,6.645668,6.921938,6.836939,7.281406,6.816979,6.605280,6.884682
detect_races_time_sec,18.472948,18.386862,18.573859,18.059315,18.230275,18.817264,17.688121,17.593360,17.575157,17.363696,17.080745,16.424850
extract_traces_time_sec,5.476396,5.148521,5.361580,4.957200,5.006670,5.179840,4.514492,4.190409,4.280570,4.144490,4.058779,3.858585
find_reactive_cmds_time_sec,0.016527,0.016438,0.016023,0.015865,0.015849,0.016082,0.016117,0.016583,0.016262,0.016600,0.015919,0.016562
find_proactive_cmds_time_sec,1.180620,1.253196,1.228348,1.175667,1.197011,1.164923,1.170775,1.204790,1.204629,1.221510,1.207194,1.174255
find_covered_races_time,0.000002,0.000002,0.000006,0.000003,0.000002,0.000004,0.000006,0.000002,0.000006,0.000003,0.000002,0.000001
per_packet_inconsistent_time_sec,0.008483,0.072293,0.165632,0.261966,0.353041,0.508727,0.628920,0.692229,0.783981,1.020723,1.082762,4.156942
find_inconsistent_update_time_sec,0.000146,0.000184,0.000203,0.000231,0.000292,0.000298,0.000333,0.000346,0.000374,0.000381,0.000398,0.000884
