key/t,False-0,False-1,False-2,False-3,False-4,False-5,False-6,False-7,False-8,False-9,False-10,False-inf
total_time_sec,46.749785,57.210590,69.137559,77.266753,88.375666,97.333535,98.115242,103.700366,105.831969,106.705534,109.840748,187.095439
load_time_sec,16.835553,16.687954,16.629348,16.285533,16.254980,16.272941,16.192223,16.261363,16.554178,16.263810,16.830456,16.614265
detect_races_time_sec,18.437271,18.359382,18.942239,18.211078,17.943604,17.947003,17.174526,17.299568,17.754334,17.224753,17.308287,16.014358
extract_traces_time_sec,5.673252,5.373858,5.159719,5.020527,4.972373,4.957466,4.142473,4.159022,4.216231,4.109922,4.245399,3.868890
find_reactive_cmds_time_sec,0.016120,0.018234,0.017523,0.016004,0.016040,0.015945,0.015940,0.015943,0.016058,0.015984,0.016471,0.016086
find_proactive_cmds_time_sec,1.227329,1.163348,1.199243,1.249504,1.175009,1.183739,1.270265,1.227992,1.143396,1.200497,1.141450,1.259166
find_covered_races_time,4.548780,15.546015,27.059378,36.276055,47.733278,56.567208,58.858686,64.208897,65.560991,66.960549,69.646597,147.608043
per_packet_inconsistent_time_sec,0.011330,0.061616,0.129902,0.207802,0.280104,0.388917,0.460797,0.527215,0.586410,0.929618,0.651694,1.713677
find_inconsistent_update_time_sec,0.000119,0.000154,0.000178,0.000221,0.000250,0.000287,0.000303,0.000335,0.000347,0.000377,0.000366,0.000923
