key/t,False-0,False-1,False-2,False-3,False-4,False-5,False-6,False-7,False-8,False-9,False-10,False-inf
total_time_sec,45.821611,47.679000,45.394170,45.877817,46.540623,47.284377,52.005037,54.371483,52.474068,54.681643,54.924716,55.066540
load_time_sec,29.866060,30.359388,27.649745,27.277332,26.952676,26.866304,28.728001,30.180465,28.519597,29.444386,30.413144,33.250247
detect_races_time_sec,11.482143,11.501921,10.461363,10.492304,10.011767,10.010272,10.890461,10.992496,11.110942,10.534814,11.121897,9.482466
extract_traces_time_sec,2.201631,1.889436,1.894011,1.825288,1.816226,1.778392,1.811036,1.829988,1.764816,1.719682,1.699336,1.086009
find_reactive_cmds_time_sec,0.021469,0.019613,0.019686,0.019532,0.019382,0.019302,0.020631,0.020370,0.019855,0.020411,0.020066,0.019178
find_proactive_cmds_time_sec,0.537082,0.456353,0.456255,0.431459,0.449047,0.443140,0.495305,0.492936,0.476534,0.458110,0.496143,0.445409
find_covered_races_time,1.707317,3.405133,4.836982,5.729015,7.153310,7.976962,9.761584,10.514380,10.221155,12.142133,10.771055,9.870497
per_packet_inconsistent_time_sec,0.005710,0.046963,0.075903,0.102655,0.137910,0.189726,0.297627,0.340439,0.360665,0.361708,0.402628,0.912044
find_inconsistent_update_time_sec,-0.000160,-0.000158,-0.000191,-0.000199,-0.000267,-0.000245,-0.000353,-0.000372,-0.000455,-0.000363,-0.000408,-0.000653
