key/t,False-0,False-1,False-2,False-3,False-4,False-5,False-6,False-7,False-8,False-9,False-10,False-inf,True-0,True-1,True-2,True-3,True-4,True-5,True-6,True-7,True-8,True-9,True-10,True-inf
total_time_sec,18.889598,19.398021,19.822992,31.907526,36.894655,34.479268,34.881933,44.033131,38.856116,39.009780,41.530366,82.842558,18.426960,18.489876,18.557108,21.996078,24.437520,30.040264,31.975375,34.892053,37.340044,43.715927,44.569517,37.135127
load_time_sec,6.968564,6.945458,6.487427,9.755694,7.588561,7.090615,8.565020,6.926701,8.075550,6.994560,7.706151,6.900335,7.628153,6.786241,6.871253,7.088728,6.951969,7.037294,7.237176,6.848374,7.158107,6.693847,7.554011,6.891953
detect_races_time_sec,1.354449,1.232850,1.183023,2.493314,1.269633,1.131627,1.171294,1.204940,1.116980,1.213454,1.166200,1.068215,1.229173,1.312911,1.232945,1.352919,1.185433,1.147142,1.209638,1.183047,1.122657,1.101762,1.173361,1.282364
extract_traces_time_sec,1.314350,0.783948,0.716558,1.102827,0.646102,0.587157,0.490486,0.204063,0.176431,0.167587,0.176581,0.162719,0.746617,0.817514,0.753304,0.652435,0.547599,0.492574,0.218921,0.195688,0.174586,0.168150,0.165985,0.170050
find_reactive_cmds_time_sec,0.000000,0.000050,0.000048,0.000000,0.000046,0.000000,0.000043,0.000045,0.000044,0.000043,0.000066,0.000052,0.000044,0.000046,0.000044,0.000044,0.000057,0.000044,0.000043,0.000045,0.000051,0.000053,0.000043,0.000044
find_proactive_cmds_time_sec,0.093326,0.422665,0.096964,0.168011,0.101327,0.098942,0.112393,0.391899,0.387318,0.113329,0.140879,0.105714,0.095381,0.098254,0.112698,0.108268,0.100263,0.107865,0.442712,0.404937,0.404410,0.113860,0.100051,0.103682
find_covered_races_time,6.752719,7.693221,8.290326,9.416117,8.856470,10.396031,9.234609,9.041839,10.118931,10.118490,10.856734,16.856313,6.316006,6.747764,7.122743,10.032049,12.658133,18.074973,18.392877,22.521205,24.593636,31.102252,30.878329,19.484393
per_packet_inconsistent_time_sec,0.004542,0.012075,0.018351,0.066355,0.127112,0.179227,0.251906,0.335661,0.473279,0.542281,0.786302,2.366047,0.009486,0.019167,0.024679,0.076558,0.128636,0.192987,0.289283,0.386713,0.468319,0.591493,0.653466,2.419885
find_inconsistent_update_time_sec,-0.000011,-0.000017,-0.000014,-0.000028,-0.000043,-0.000055,-0.000072,-0.000089,-0.000127,-0.000154,-0.000166,-0.000521,-0.000035,-0.000082,-0.000084,-0.000106,-0.000111,-0.000227,-0.000132,-0.000185,-0.000161,-0.000340,-0.000220,-0.000556
