key/t,False-0,False-1,False-2,False-3,False-4,False-5,False-6,False-7,False-8,False-9,False-10,False-inf,True-0,True-1,True-2,True-3,True-4,True-5,True-6,True-7,True-8,True-9,True-10,True-inf
total_time_sec,34.340420,38.270904,33.950544,31.964198,28.437314,26.166214,23.452117,19.559452,17.676188,49.969335,17.729887,16.648048,40.373858,22.616660,22.114188,20.420758,20.924309,19.916162,19.495479,19.001531,19.389962,23.573649,18.286081,18.159953
load_time_sec,6.650943,6.643303,6.422085,6.366243,6.427708,6.359802,6.385323,6.544923,6.401219,6.611641,6.654174,6.656558,7.903992,6.895271,6.649077,6.380452,6.562349,6.519187,6.409291,6.480465,6.474602,7.207149,6.417877,6.715369
detect_races_time_sec,1.056772,1.058642,1.040910,1.054542,1.084435,1.099975,1.168033,1.160146,1.152741,1.159255,1.269100,1.224481,1.552000,1.120667,1.152929,1.063905,1.127361,1.120753,1.169791,1.265218,1.188050,1.124731,1.219481,1.241043
extract_traces_time_sec,0.173402,0.165238,0.169880,0.168158,0.188161,0.454957,0.573256,0.542828,0.621487,0.291101,0.647207,0.695570,0.161066,0.167161,0.188979,0.182472,0.457743,0.484835,0.549211,0.628781,0.645721,0.167099,0.727484,1.159703
find_reactive_cmds_time_sec,0.000076,0.000047,0.000045,0.000048,0.000052,0.000042,0.000052,0.000000,0.000045,0.000070,0.000070,0.000042,0.000042,0.000042,0.000045,0.000000,0.000046,0.000044,0.000046,0.000045,0.000042,0.000043,0.000051,0.000048
find_proactive_cmds_time_sec,0.106302,0.091813,0.334312,0.352893,0.343122,0.097089,0.103729,0.101705,0.101351,0.157047,0.099324,0.095372,0.102901,0.105514,0.355115,0.349784,0.096280,0.100403,0.090617,0.099178,0.152797,0.109095,0.360802,0.102977
find_covered_races_time,17.749499,26.260876,22.317699,20.530411,17.191790,14.949519,12.064029,8.594292,6.969005,37.363119,6.600494,5.709001,21.687903,9.977769,9.315452,8.987311,9.185210,8.633870,8.405148,7.814584,8.188390,10.029793,7.126293,6.607346
per_packet_inconsistent_time_sec,2.280063,0.581803,0.461026,0.347841,0.263722,0.194904,0.134994,0.075994,0.036400,0.636765,0.019492,0.006926,2.548410,0.550878,0.466601,0.392813,0.304694,0.204193,0.124832,0.075460,0.020774,0.644423,0.010714,0.007124
find_inconsistent_update_time_sec,-0.000546,-0.000227,-0.000190,-0.000160,-0.000129,-0.000151,0.000000,-0.000137,-0.000094,-0.000221,0.000000,0.000000,-0.000525,-0.000432,-0.000118,-0.000090,-0.000082,-0.000086,-0.000043,-0.000041,-0.000025,-0.000163,-0.000017,-0.000011
