key/t,False-0,False-1,False-2,False-3,False-4,False-5,False-6,False-7,False-8,False-9,False-10,False-inf,True-0,True-1,True-2,True-3,True-4,True-5,True-6,True-7,True-8,True-9,True-10,True-inf
total_time_sec,18.121684,22.841647,17.471294,18.482647,17.622749,21.233167,19.982471,20.935769,20.669917,22.926131,22.616233,29.556331,16.983051,16.563328,18.074309,20.318537,23.377083,25.317410,31.754759,33.232056,38.868202,43.340892,43.612284,34.532928
load_time_sec,7.681186,9.935888,6.425662,6.528600,6.772774,6.797692,8.176361,7.996582,7.421569,8.046803,9.453436,7.544385,7.257260,7.385315,8.121986,7.399279,6.779073,6.861299,8.507785,6.319057,6.753128,7.357194,8.481291,9.125410
detect_races_time_sec,1.397475,2.217884,1.153500,1.156824,1.170758,1.176822,1.091965,1.075148,1.080054,1.273395,1.116294,1.045503,1.978828,1.213869,1.139898,1.262467,1.163869,1.136407,1.146193,1.215912,1.504626,1.217976,1.193016,1.057546
extract_traces_time_sec,1.328117,1.184758,0.659960,0.671376,0.604224,0.726639,0.465650,0.187751,0.167671,0.171796,0.178175,0.177982,1.115547,0.683524,0.571283,0.793246,0.748513,0.470606,0.191475,0.308361,0.298554,0.187581,0.157466,0.256146
find_reactive_cmds_time_sec,0.000046,0.000064,0.000046,0.000048,0.000046,0.000071,0.000009,0.000045,0.000050,0.000048,0.000045,0.000046,0.000093,0.000045,0.000043,0.000063,0.000047,0.000044,0.000050,0.000062,0.000063,0.000045,0.000048,0.000052
find_proactive_cmds_time_sec,0.096075,0.545594,0.097491,0.100734,0.107475,0.186734,0.102334,0.376418,0.366977,0.162089,0.115905,0.114170,0.154523,0.114365,0.120791,0.143812,0.101398,0.097934,0.489798,0.530584,0.513405,0.151320,0.107713,0.115288
find_covered_races_time,7.613972,8.946198,9.096437,9.959006,8.846738,12.170064,9.872393,10.662636,10.915410,12.708756,11.097628,18.369510,6.471867,7.148289,8.095513,10.649130,14.457926,16.565783,21.125592,24.516832,29.332679,33.861040,33.068221,21.226523
per_packet_inconsistent_time_sec,0.004767,0.011213,0.038123,0.065996,0.120657,0.175041,0.273648,0.636946,0.718011,0.563064,0.654544,2.304178,0.004884,0.017791,0.024682,0.070402,0.126097,0.185156,0.293664,0.341050,0.465525,0.565472,0.604182,2.750867
find_inconsistent_update_time_sec,-0.000010,-0.000012,-0.000026,-0.000027,-0.000042,-0.000067,-0.000074,-0.000187,-0.000136,-0.000138,-0.000165,-0.000519,-0.000012,-0.000077,-0.000081,-0.000100,-0.000125,-0.000132,-0.000160,-0.000157,-0.000184,-0.000228,-0.000307,-0.001041
