key/t,False-0,False-1,False-2,False-3,False-4,False-5,False-6,False-7,False-8,False-9,False-10,False-inf,True-0,True-1,True-2,True-3,True-4,True-5,True-6,True-7,True-8,True-9,True-10,True-inf
total_time_sec,18.159953,18.286081,19.389962,19.001531,19.495479,19.916162,20.924309,20.420758,22.114188,22.616660,23.573649,40.373858,16.648048,17.729887,17.676188,19.559452,23.452117,26.166214,28.437314,31.964198,33.950544,38.270904,49.969335,34.340420
load_time_sec,6.715369,6.417877,6.474602,6.480465,6.409291,6.519187,6.562349,6.380452,6.649077,6.895271,7.207149,7.903992,6.656558,6.654174,6.401219,6.544923,6.385323,6.359802,6.427708,6.366243,6.422085,6.643303,6.611641,6.650943
detect_races_time_sec,1.241043,1.219481,1.188050,1.265218,1.169791,1.120753,1.127361,1.063905,1.152929,1.120667,1.124731,1.552000,1.224481,1.269100,1.152741,1.160146,1.168033,1.099975,1.084435,1.054542,1.040910,1.058642,1.159255,1.056772
extract_traces_time_sec,1.159703,0.727484,0.645721,0.628781,0.549211,0.484835,0.457743,0.182472,0.188979,0.167161,0.167099,0.161066,0.695570,0.647207,0.621487,0.542828,0.573256,0.454957,0.188161,0.168158,0.169880,0.165238,0.291101,0.173402
find_reactive_cmds_time_sec,0.000048,0.000051,0.000042,0.000045,0.000046,0.000044,0.000046,0.000000,0.000045,0.000042,0.000043,0.000042,0.000042,0.000070,0.000045,0.000000,0.000052,0.000042,0.000052,0.000048,0.000045,0.000047,0.000070,0.000076
find_proactive_cmds_time_sec,0.102977,0.360802,0.152797,0.099178,0.090617,0.100403,0.096280,0.349784,0.355115,0.105514,0.109095,0.102901,0.095372,0.099324,0.101351,0.101705,0.103729,0.097089,0.343122,0.352893,0.334312,0.091813,0.157047,0.106302
find_covered_races_time,6.607346,7.126293,8.188390,7.814584,8.405148,8.633870,9.185210,8.987311,9.315452,9.977769,10.029793,21.687903,5.709001,6.600494,6.969005,8.594292,12.064029,14.949519,17.191790,20.530411,22.317699,26.260876,37.363119,17.749499
per_packet_inconsistent_time_sec,0.007124,0.010714,0.020774,0.075460,0.124832,0.204193,0.304694,0.392813,0.466601,0.550878,0.644423,2.548410,0.006926,0.019492,0.036400,0.075994,0.134994,0.194904,0.263722,0.347841,0.461026,0.581803,0.636765,2.280063
find_inconsistent_update_time_sec,-0.000011,-0.000017,-0.000025,-0.000041,-0.000043,-0.000086,-0.000082,-0.000090,-0.000118,-0.000432,-0.000163,-0.000525,0.000000,0.000000,-0.000094,-0.000137,0.000000,-0.000151,-0.000129,-0.000160,-0.000190,-0.000227,-0.000221,-0.000546
