key/t,False-0,False-1,False-2,False-3,False-4,False-5,False-6,False-7,False-8,False-9,False-10,False-inf,True-0,True-1,True-2,True-3,True-4,True-5,True-6,True-7,True-8,True-9,True-10,True-inf
total_time_sec,21.134319,22.569578,20.072986,34.332716,28.267162,21.091435,21.826254,21.136707,23.216443,27.112637,26.424797,50.641830,29.757450,17.908802,17.856399,20.209723,23.600091,25.928471,28.452620,31.571286,35.726439,41.488852,45.163214,36.007506
load_time_sec,8.870287,7.855084,6.766044,10.312722,7.153457,7.463766,6.797691,6.810536,7.279590,8.060913,9.842200,8.942299,6.995455,6.695498,6.657073,6.627998,6.425190,6.417184,6.436424,6.382366,6.319146,6.896938,6.630414,6.636549
detect_races_time_sec,1.487909,1.836615,1.229889,2.479481,1.180551,1.135275,1.238043,1.157626,1.149712,1.470412,1.323325,1.283786,1.285581,1.198379,1.138794,1.168021,1.136376,1.138149,1.303498,1.121591,1.078627,1.150558,1.096530,1.021330
extract_traces_time_sec,1.228797,0.938580,0.773640,1.115896,0.629132,0.519765,0.474455,0.185675,0.173529,0.163885,0.198511,0.192869,1.195418,0.671522,0.595792,0.608644,0.498523,0.460255,0.186487,0.184484,0.166208,0.165691,0.171711,0.212573
find_reactive_cmds_time_sec,0.000044,0.000053,0.000047,0.000000,0.000063,0.000042,0.000044,0.000070,0.000046,0.000047,0.000098,0.000056,0.000100,0.000043,0.000043,0.000062,0.000000,0.000043,0.000030,0.000044,0.000046,0.000051,0.000096,0.000044
find_proactive_cmds_time_sec,0.094032,0.558259,0.122055,0.165402,0.104223,0.099335,0.106398,0.417903,0.401591,0.105966,0.141064,0.137386,0.174127,0.101320,0.094463,0.115277,0.092001,0.099152,0.347969,0.380542,0.360328,0.097856,0.104607,0.111562
find_covered_races_time,7.052320,8.931109,8.220626,15.886363,15.796625,8.781954,9.281302,8.858320,10.042066,10.949622,10.540610,22.686475,16.431954,6.555700,6.812108,9.069611,12.361671,14.949504,17.068110,20.053432,24.153758,29.326397,32.638149,19.773675
per_packet_inconsistent_time_sec,0.004055,0.014372,0.020511,0.144621,0.237892,0.186981,0.272333,0.343746,0.484724,0.609639,0.696350,4.079119,0.011988,0.022409,0.028283,0.078390,0.134329,0.184253,0.266352,0.339997,0.448580,0.558772,0.619466,2.438799
find_inconsistent_update_time_sec,-0.000011,-0.000017,-0.000015,-0.000054,-0.000052,-0.000059,-0.000072,-0.000090,-0.000136,-0.000229,-0.000181,-0.001151,-0.000042,0.000000,-0.000094,0.000000,0.000000,-0.000119,-0.000125,0.000000,-0.000166,-0.000188,-0.001319,-0.000560
