key/t,False-0,False-1,False-2,False-3,False-4,False-5,False-6,False-7,False-8,False-9,False-10,False-inf,True-0,True-1,True-2,True-3,True-4,True-5,True-6,True-7,True-8,True-9,True-10,True-inf
total_time_sec,0.723965,0.775977,0.782710,0.744615,0.769423,0.794537,0.770233,0.784462,0.803504,0.723818,0.776736,0.764964,0.540033,0.577201,0.556743,0.634104,0.569992,0.572422,0.591653,0.585906,0.586127,0.567011,0.762543,0.598720
load_time_sec,0.543216,0.583556,0.582735,0.552845,0.568201,0.587542,0.561517,0.572095,0.581174,0.503470,0.560944,0.544024,0.420827,0.450089,0.426666,0.503110,0.439194,0.437597,0.454288,0.438233,0.443996,0.427823,0.579986,0.433147
detect_races_time_sec,0.093889,0.091227,0.098036,0.092956,0.092269,0.091228,0.090662,0.094596,0.089611,0.094248,0.091316,0.087612,0.069594,0.071364,0.072316,0.076082,0.073693,0.071727,0.072764,0.084891,0.074660,0.072484,0.099226,0.071983
extract_traces_time_sec,0.018893,0.016311,0.015786,0.014545,0.016838,0.014690,0.014264,0.012385,0.011415,0.015332,0.014074,0.014282,0.014234,0.013896,0.009381,0.010391,0.009143,0.011844,0.009787,0.010487,0.009638,0.010362,0.012647,0.009178
find_reactive_cmds_time_sec,0.000162,0.000166,0.000311,0.000209,0.000305,0.000166,0.000418,0.000262,0.000417,0.000311,0.000160,0.000158,0.000151,0.000154,0.000153,0.000167,0.000155,0.000164,0.000153,0.000161,0.000166,0.000159,0.000168,0.000142
find_proactive_cmds_time_sec,0.015664,0.017822,0.016293,0.017474,0.016708,0.017052,0.018381,0.018491,0.019600,0.017793,0.020238,0.016876,0.014588,0.014536,0.014812,0.014466,0.014479,0.014948,0.016719,0.015486,0.014426,0.015198,0.017407,0.014794
find_covered_races_time,0.051794,0.065176,0.067527,0.064055,0.071951,0.080048,0.079848,0.082523,0.095250,0.086227,0.083924,0.091270,0.020323,0.025394,0.031527,0.027373,0.030223,0.032201,0.033348,0.032479,0.037807,0.035545,0.046259,0.058766
per_packet_inconsistent_time_sec,0.000282,0.001653,0.001939,0.002442,0.003060,0.003720,0.005054,0.004017,0.005907,0.006363,0.005978,0.010587,0.000256,0.001699,0.001800,0.002440,0.003012,0.003860,0.004472,0.004072,0.005348,0.005349,0.006761,0.010492
find_inconsistent_update_time_sec,-0.000008,-0.000012,-0.000013,-0.000015,-0.000018,-0.000020,-0.000021,-0.000021,-0.000049,-0.000025,-0.000025,-0.000081,-0.000008,-0.000018,-0.000019,-0.000022,-0.000023,-0.000027,-0.000035,-0.000028,-0.000030,-0.000031,-0.000033,-0.000151
