key/t,False-0,False-1,False-2,False-3,False-4,False-5,False-6,False-7,False-8,False-9,False-10,False-inf
total_time_sec,0.289087,0.278011,0.279711,0.285613,0.283454,0.280441,0.296301,0.279140,0.279671,0.299666,0.279616,0.289879
load_time_sec,0.192773,0.181379,0.186749,0.184835,0.190897,0.188501,0.202487,0.184027,0.186142,0.198805,0.181801,0.194594
detect_races_time_sec,0.047388,0.046009,0.044309,0.047341,0.042467,0.042265,0.040965,0.040596,0.040263,0.040780,0.043711,0.040240
extract_traces_time_sec,0.013557,0.012117,0.011737,0.014574,0.011126,0.010756,0.010821,0.010434,0.010630,0.013572,0.011618,0.010576
find_reactive_cmds_time_sec,0.000621,0.000533,0.000550,0.000805,0.000528,0.000530,0.000557,0.000580,0.000589,0.000753,0.000570,0.000597
find_proactive_cmds_time_sec,0.013592,0.012895,0.013712,0.014048,0.013146,0.012555,0.013660,0.014619,0.013322,0.013054,0.013048,0.013130
find_covered_races_time,0.020899,0.024701,0.022117,0.023317,0.024432,0.024716,0.026624,0.027646,0.027486,0.031345,0.027436,0.028287
per_packet_inconsistent_time_sec,0.000210,0.000333,0.000491,0.000647,0.000811,0.001055,0.001114,0.001180,0.001185,0.001296,0.001354,0.002374
find_inconsistent_update_time_sec,-0.000010,-0.000012,-0.000012,-0.000014,-0.000015,-0.000030,-0.000018,-0.000020,-0.000021,-0.000023,-0.000032,-0.000048
