key/t,False-0,False-1,False-2,False-3,False-4,False-5,False-6,False-7,False-8,False-9,False-10,False-inf
total_time_sec,0.650290,0.641856,0.654941,0.658942,0.662040,0.664415,0.664257,0.689550,0.669936,0.647341,0.639230,0.682075
load_time_sec,0.435555,0.425628,0.428706,0.431480,0.442440,0.438626,0.436278,0.464331,0.441545,0.423211,0.414058,0.446107
detect_races_time_sec,0.081234,0.075571,0.074686,0.078230,0.070570,0.074113,0.069989,0.068498,0.064670,0.067235,0.065013,0.063759
extract_traces_time_sec,0.039428,0.039781,0.039728,0.036452,0.034615,0.032734,0.032934,0.033705,0.034544,0.014256,0.019551,0.014494
find_reactive_cmds_time_sec,0.000625,0.000598,0.000604,0.000562,0.000571,0.000513,0.000560,0.000527,0.000529,0.000495,0.000659,0.000516
find_proactive_cmds_time_sec,0.013465,0.012708,0.013378,0.012943,0.012635,0.012166,0.012990,0.012410,0.012797,0.027957,0.027280,0.028400
find_covered_races_time,0.079622,0.086499,0.096382,0.097478,0.099064,0.103833,0.109016,0.107346,0.111840,0.110976,0.109485,0.125210
per_packet_inconsistent_time_sec,0.000295,0.000993,0.001382,0.001700,0.002067,0.002349,0.002413,0.002654,0.003904,0.003130,0.003105,0.003521
find_inconsistent_update_time_sec,-0.000007,-0.000009,-0.000008,-0.000010,-0.000012,-0.000011,-0.000010,-0.000011,-0.000013,-0.000012,-0.000012,-0.000012
