key/t,False-0,False-1,False-2,False-3,False-4,False-5,False-6,False-7,False-8,False-9,False-10,False-inf
total_time_sec,0.281537,0.305399,0.297264,0.282070,0.298725,0.288697,0.285328,0.281252,0.289360,0.286032,0.301202,0.312606
load_time_sec,0.185548,0.207323,0.200539,0.186193,0.205211,0.194895,0.191642,0.188593,0.191404,0.188812,0.202557,0.207446
detect_races_time_sec,0.049357,0.050142,0.048800,0.045318,0.043860,0.043845,0.040884,0.040689,0.042529,0.042354,0.041370,0.046678
extract_traces_time_sec,0.012508,0.014063,0.011087,0.011321,0.010959,0.010881,0.012020,0.010220,0.012156,0.010236,0.011587,0.014739
find_reactive_cmds_time_sec,0.000536,0.000571,0.000532,0.000645,0.000570,0.000628,0.000555,0.000595,0.000667,0.000540,0.000632,0.000639
find_proactive_cmds_time_sec,0.012224,0.012292,0.012786,0.012920,0.012373,0.012392,0.012335,0.012981,0.013912,0.014804,0.012907,0.012599
find_covered_races_time,0.021116,0.020679,0.022885,0.024913,0.024865,0.024978,0.026745,0.026914,0.027255,0.027851,0.030603,0.028090
per_packet_inconsistent_time_sec,0.000195,0.000286,0.000586,0.000687,0.000834,0.001014,0.001092,0.001201,0.001358,0.001369,0.001445,0.002344
find_inconsistent_update_time_sec,-0.000010,-0.000011,-0.000013,-0.000014,-0.000016,-0.000029,-0.000019,-0.000021,-0.000023,-0.000024,-0.000034,-0.000031
