key/t,False-0,False-1,False-2,False-3,False-4,False-5,False-6,False-7,False-8,False-9,False-10,False-inf
total_time_sec,0.158387,0.155737,0.152483,0.152136,0.151220,0.150372,0.148875,0.122509,0.146530,0.148766,0.148384,0.149407
load_time_sec,0.087072,0.086624,0.085659,0.085723,0.086824,0.086441,0.086702,0.076077,0.085146,0.086955,0.086427,0.086602
detect_races_time_sec,0.052097,0.050721,0.048824,0.048614,0.046753,0.046241,0.044844,0.033399,0.044270,0.044472,0.044607,0.044092
extract_traces_time_sec,0.013568,0.012777,0.012250,0.011943,0.011463,0.011366,0.010761,0.008038,0.010566,0.010680,0.010708,0.010613
find_reactive_cmds_time_sec,0.000644,0.000624,0.000610,0.000615,0.000613,0.000617,0.000622,0.000456,0.000606,0.000615,0.000620,0.000611
find_proactive_cmds_time_sec,0.004780,0.004664,0.004628,0.004669,0.004711,0.004725,0.004698,0.003602,0.004629,0.004705,0.004667,0.004717
find_covered_races_time,0.000001,0.000001,0.000001,0.000001,0.000002,0.000001,0.000001,0.000001,0.000001,0.000001,0.000001,0.000001
per_packet_inconsistent_time_sec,0.000203,0.000303,0.000485,0.000546,0.000822,0.000949,0.001215,0.000912,0.001279,0.001304,0.001321,0.002727
find_inconsistent_update_time_sec,0.000012,0.000013,0.000016,0.000016,0.000020,0.000021,0.000022,0.000017,0.000023,0.000024,0.000024,0.000035
