key/t,False-0,False-1,False-2,False-3,False-4,False-5,False-6,False-7,False-8,False-9,False-10,False-inf,True-0,True-1,True-2,True-3,True-4,True-5,True-6,True-7,True-8,True-9,True-10,True-inf
total_time_sec,0.653864,0.654756,0.649389,0.649817,0.673347,0.672165,0.668923,0.672798,0.685807,0.708671,0.690242,0.669135,0.561176,0.577407,0.583864,0.565486,0.564424,0.573321,0.571457,0.608494,0.602449,0.597286,0.585169,0.603006
load_time_sec,0.430357,0.434185,0.428098,0.431249,0.441694,0.450463,0.441111,0.442639,0.439333,0.454080,0.453534,0.434877,0.412988,0.424846,0.421410,0.411902,0.409875,0.419553,0.412993,0.435457,0.430596,0.436289,0.431687,0.415994
detect_races_time_sec,0.091447,0.080367,0.075998,0.072247,0.076962,0.071756,0.069757,0.071803,0.066163,0.067884,0.066750,0.063216,0.068243,0.067562,0.074983,0.064548,0.063909,0.063779,0.063359,0.065758,0.066518,0.067948,0.065399,0.061415
extract_traces_time_sec,0.039728,0.037603,0.037158,0.035353,0.034835,0.032176,0.032362,0.030226,0.032550,0.016366,0.013761,0.013303,0.031808,0.035813,0.029584,0.029844,0.013099,0.011263,0.010894,0.010833,0.010416,0.010608,0.009984,0.009626
find_reactive_cmds_time_sec,0.000623,0.000599,0.000546,0.000617,0.000546,0.000513,0.000543,0.000515,0.000555,0.000583,0.000688,0.000533,0.000577,0.000653,0.000545,0.000519,0.000505,0.000524,0.000544,0.000567,0.000637,0.000601,0.000551,0.000629
find_proactive_cmds_time_sec,0.012155,0.011852,0.011661,0.012667,0.012939,0.012086,0.012479,0.013355,0.013359,0.028868,0.027922,0.027498,0.012630,0.012405,0.012377,0.012428,0.027761,0.028078,0.026229,0.029045,0.029215,0.013445,0.014277,0.014027
find_covered_races_time,0.079155,0.089059,0.093965,0.095340,0.103360,0.101742,0.108692,0.109701,0.128313,0.134416,0.122191,0.120066,0.034559,0.035122,0.042722,0.043585,0.046084,0.046192,0.051708,0.058619,0.059309,0.062023,0.056955,0.091605
per_packet_inconsistent_time_sec,0.000337,0.001036,0.001903,0.002282,0.002938,0.003368,0.003898,0.004486,0.005444,0.006397,0.005328,0.009490,0.000307,0.000941,0.002163,0.002584,0.003111,0.003861,0.005639,0.008107,0.005686,0.006295,0.006238,0.009510
find_inconsistent_update_time_sec,-0.000008,-0.000008,-0.000011,-0.000012,-0.000015,-0.000015,-0.000028,-0.000019,-0.000023,-0.000024,-0.000021,-0.000041,-0.000007,-0.000014,-0.000018,-0.000019,-0.000020,-0.000023,-0.000030,-0.000036,-0.000026,-0.000028,-0.000029,-0.000148
