key/t,False-0,False-1,False-2,False-3,False-4,False-5,False-6,False-7,False-8,False-9,False-10,False-inf
total_time_sec,0.584239,0.589370,0.613753,0.608750,0.595431,0.606161,0.603637,0.599497,0.609927,0.606339,0.617196,0.617834
load_time_sec,0.385134,0.387898,0.400709,0.399886,0.391498,0.392949,0.392314,0.385091,0.391579,0.388363,0.397454,0.384310
detect_races_time_sec,0.071068,0.069547,0.077329,0.066216,0.065793,0.065942,0.061954,0.059975,0.060328,0.062157,0.062381,0.058535
extract_traces_time_sec,0.037010,0.036151,0.036509,0.032773,0.032181,0.032240,0.030570,0.030524,0.033389,0.012134,0.012569,0.012256
find_reactive_cmds_time_sec,0.000589,0.000501,0.000554,0.000517,0.000511,0.000466,0.000470,0.000467,0.000479,0.000481,0.000466,0.000464
find_proactive_cmds_time_sec,0.011618,0.011752,0.012855,0.012551,0.011933,0.011942,0.011435,0.011765,0.011653,0.026627,0.026535,0.028062
find_covered_races_time,0.078471,0.082502,0.083660,0.094308,0.090758,0.098679,0.102581,0.107211,0.107423,0.111350,0.111956,0.124440
per_packet_inconsistent_time_sec,0.000305,0.000976,0.002088,0.002447,0.002705,0.003883,0.004250,0.004401,0.005007,0.005160,0.005767,0.009673
find_inconsistent_update_time_sec,-0.000008,-0.000011,-0.000016,-0.000018,-0.000020,-0.000026,-0.000029,-0.000030,-0.000037,-0.000034,-0.000035,-0.000058
