key/t,False-0,False-1,False-2,False-3,False-4,False-5,False-6,False-7,False-8,False-9,False-10,False-inf
total_time_sec,0.244680,0.247320,0.244179,0.218579,0.243828,0.218963,0.243981,0.242301,0.240466,0.242636,0.241818,0.243946
load_time_sec,0.151276,0.154371,0.150759,0.135132,0.151079,0.135997,0.150792,0.149923,0.148409,0.149654,0.149248,0.149253
detect_races_time_sec,0.052611,0.051576,0.050080,0.044321,0.047688,0.042012,0.045752,0.045445,0.044857,0.044933,0.045105,0.044444
extract_traces_time_sec,0.013091,0.012770,0.012527,0.010953,0.011668,0.010321,0.010779,0.010740,0.010601,0.010691,0.010620,0.010663
find_reactive_cmds_time_sec,0.000582,0.000576,0.000662,0.000559,0.000608,0.000554,0.000599,0.000576,0.000571,0.000579,0.000586,0.000594
find_proactive_cmds_time_sec,0.005132,0.005100,0.005471,0.004970,0.005299,0.004830,0.005380,0.005129,0.005118,0.005250,0.005256,0.005275
find_covered_races_time,0.021706,0.022512,0.024037,0.021986,0.026420,0.024201,0.029434,0.029187,0.029575,0.030209,0.029656,0.031119
per_packet_inconsistent_time_sec,0.000254,0.000386,0.000610,0.000628,0.001030,0.001013,0.001206,0.001260,0.001294,0.001278,0.001305,0.002545
find_inconsistent_update_time_sec,0.000013,0.000014,0.000017,0.000015,0.000020,0.000021,0.000024,0.000025,0.000025,0.000027,0.000026,0.000038
