key/t,False-0,False-1,False-2,False-3,False-4,False-5,False-6,False-7,False-8,False-9,False-10,False-inf,True-0,True-1,True-2,True-3,True-4,True-5,True-6,True-7,True-8,True-9,True-10,True-inf
total_time_sec,0.663068,0.661401,0.678142,0.685614,0.625865,0.635197,0.691271,0.676943,0.655775,0.674557,0.685618,0.696643,0.599714,0.637259,0.655085,0.602225,0.616337,0.632557,0.630080,0.650223,0.662919,0.701652,0.693262,0.693997
load_time_sec,0.443479,0.448384,0.450239,0.470045,0.420645,0.423718,0.464650,0.450811,0.442808,0.449133,0.427681,0.439671,0.432986,0.454622,0.474725,0.434211,0.440040,0.462987,0.446518,0.464368,0.446031,0.459282,0.441895,0.423447
detect_races_time_sec,0.095828,0.094113,0.102841,0.088204,0.086086,0.088057,0.089568,0.091702,0.083799,0.079691,0.087870,0.073941,0.092676,0.094042,0.091477,0.084252,0.087609,0.081357,0.081769,0.084348,0.083203,0.088717,0.083090,0.075085
extract_traces_time_sec,0.040337,0.038343,0.041745,0.036419,0.031723,0.031471,0.034075,0.031943,0.029607,0.013373,0.013454,0.011543,0.030098,0.037642,0.035381,0.029613,0.029577,0.014904,0.013032,0.012542,0.011313,0.011652,0.011166,0.009494
find_reactive_cmds_time_sec,0.000773,0.000782,0.000757,0.000696,0.000656,0.000689,0.000821,0.000591,0.000600,0.000645,0.001031,0.000626,0.000693,0.000786,0.000957,0.000638,0.000678,0.000715,0.000653,0.000841,0.000660,0.000847,0.000699,0.000614
find_proactive_cmds_time_sec,0.012896,0.012311,0.012992,0.013122,0.012061,0.012600,0.015343,0.012928,0.011728,0.026242,0.031158,0.036980,0.011941,0.012948,0.012913,0.011892,0.012181,0.027646,0.031426,0.028326,0.028178,0.031192,0.014443,0.013158
find_covered_races_time,0.069413,0.066471,0.068189,0.075092,0.072291,0.076323,0.083157,0.085560,0.083204,0.099164,0.117473,0.120454,0.030991,0.036263,0.038238,0.039657,0.043818,0.042363,0.053531,0.055585,0.085559,0.103849,0.132580,0.154920
per_packet_inconsistent_time_sec,0.000276,0.000945,0.001298,0.001950,0.002300,0.002237,0.003547,0.003295,0.003908,0.006168,0.006813,0.013256,0.000275,0.000884,0.001314,0.001871,0.002337,0.002487,0.003042,0.004102,0.007730,0.005911,0.009067,0.016898
find_inconsistent_update_time_sec,-0.000007,-0.000007,-0.000026,-0.000028,-0.000045,-0.000044,-0.000054,-0.000055,-0.000062,-0.000086,-0.000082,-0.000115,-0.000007,-0.000014,-0.000033,-0.000032,-0.000049,-0.000050,-0.000051,-0.000063,-0.000187,-0.000143,-0.000274,-0.000333
