key/t,False-0,False-1,False-2,False-3,False-4,False-5,False-6,False-7,False-8,False-9,False-10,False-inf
total_time_sec,0.569228,0.576154,0.578074,0.585730,0.576427,0.579928,0.580625,0.589472,0.592442,0.591095,0.611525,0.620350
load_time_sec,0.375575,0.379305,0.382218,0.389302,0.380973,0.384611,0.379671,0.387061,0.379180,0.379979,0.388313,0.383489
detect_races_time_sec,0.082893,0.083323,0.082791,0.080740,0.079463,0.078574,0.077487,0.076329,0.079941,0.073725,0.071921,0.066602
extract_traces_time_sec,0.034892,0.033378,0.036771,0.032935,0.031469,0.033244,0.035734,0.030176,0.032260,0.027962,0.012393,0.010372
find_reactive_cmds_time_sec,0.000671,0.000590,0.000577,0.000601,0.000592,0.000609,0.000557,0.000675,0.000555,0.000578,0.000564,0.000516
find_proactive_cmds_time_sec,0.011600,0.011329,0.012114,0.011893,0.011387,0.011789,0.011410,0.012013,0.011250,0.011485,0.029204,0.028788
find_covered_races_time,0.063226,0.067142,0.062219,0.068134,0.070025,0.068470,0.072807,0.079335,0.084838,0.091842,0.102224,0.114454
per_packet_inconsistent_time_sec,0.000330,0.001044,0.001321,0.002055,0.002429,0.002539,0.002870,0.003773,0.004298,0.005328,0.006763,0.015918
find_inconsistent_update_time_sec,-0.000008,-0.000010,-0.000032,-0.000037,-0.000057,-0.000059,-0.000057,-0.000077,-0.000087,-0.000133,-0.000110,-0.000178
