key/t,False-0,False-1,False-2,False-3,False-4,False-5,False-6,False-7,False-8,False-9,False-10,False-inf,True-0,True-1,True-2,True-3,True-4,True-5,True-6,True-7,True-8,True-9,True-10,True-inf
total_time_sec,0.624588,0.640539,0.632162,0.635610,0.647773,0.637560,0.653821,0.645987,0.659520,0.674616,0.646209,0.683707,0.570195,0.576090,0.570014,0.579448,0.567673,0.566657,0.572697,0.624409,0.629364,0.648207,0.686454,0.669231
load_time_sec,0.416819,0.432208,0.422968,0.425119,0.437187,0.429716,0.432189,0.423906,0.430219,0.437045,0.411506,0.422359,0.409822,0.414376,0.406730,0.413336,0.404724,0.403016,0.407887,0.434416,0.426324,0.428782,0.434897,0.409236
detect_races_time_sec,0.092195,0.090452,0.088369,0.086932,0.085784,0.085641,0.092126,0.086658,0.084862,0.088949,0.075983,0.075279,0.085221,0.085333,0.084409,0.085162,0.080621,0.082037,0.080329,0.090373,0.081963,0.079795,0.083367,0.074124
extract_traces_time_sec,0.038070,0.036774,0.038440,0.033780,0.034235,0.032734,0.032976,0.031985,0.033391,0.013900,0.011615,0.020919,0.031405,0.030066,0.030385,0.029545,0.029705,0.013522,0.013210,0.013676,0.011342,0.010249,0.011253,0.009940
find_reactive_cmds_time_sec,0.001162,0.000773,0.000799,0.000645,0.000655,0.000755,0.000662,0.000634,0.000634,0.000665,0.000714,0.001155,0.000701,0.000622,0.000614,0.000614,0.000613,0.000690,0.000659,0.000622,0.000687,0.000696,0.000650,0.000608
find_proactive_cmds_time_sec,0.012490,0.012342,0.013048,0.012157,0.011689,0.013393,0.011859,0.012572,0.011785,0.028021,0.029444,0.029058,0.012340,0.011833,0.012370,0.012186,0.011705,0.026475,0.026619,0.029783,0.028289,0.026989,0.014696,0.014237
find_covered_races_time,0.063500,0.066845,0.066978,0.074890,0.075904,0.072850,0.080667,0.086187,0.094744,0.100572,0.110704,0.120484,0.030359,0.032954,0.034142,0.036704,0.038003,0.038493,0.040732,0.051479,0.075596,0.095578,0.133489,0.143338
per_packet_inconsistent_time_sec,0.000296,0.001080,0.001477,0.002007,0.002214,0.002353,0.003234,0.003917,0.003763,0.005328,0.006086,0.014256,0.000278,0.000836,0.001271,0.001805,0.002191,0.002290,0.003143,0.003939,0.004947,0.005897,0.007775,0.017300
find_inconsistent_update_time_sec,-0.000008,-0.000008,-0.000033,-0.000034,-0.000052,-0.000053,-0.000057,-0.000071,-0.000076,-0.000084,-0.000095,-0.000145,-0.000007,-0.000014,-0.000033,-0.000035,-0.000054,-0.000074,-0.000058,-0.000072,-0.000169,-0.000171,-0.000274,-0.000383
