key/t,False-0,False-1,False-2,False-3,False-4,False-5,False-6,False-7,False-8,False-9,False-10,False-inf
total_time_sec,0.240153,0.241383,0.243778,0.244848,0.246940,0.248689,0.246404,0.248967,0.252112,0.255623,0.255729,0.261062
load_time_sec,0.157199,0.155586,0.155320,0.154558,0.155296,0.156001,0.155224,0.155290,0.152610,0.152785,0.152945,0.154622
detect_races_time_sec,0.049583,0.049679,0.048873,0.047773,0.047271,0.046724,0.044925,0.044258,0.043151,0.042541,0.041955,0.039938
extract_traces_time_sec,0.010629,0.010791,0.010424,0.010064,0.009905,0.009811,0.008878,0.008899,0.008793,0.008347,0.008055,0.008206
find_reactive_cmds_time_sec,0.000692,0.000658,0.000665,0.000661,0.000670,0.000709,0.000661,0.000661,0.000719,0.000718,0.000645,0.000647
find_proactive_cmds_time_sec,0.004753,0.004629,0.004680,0.004637,0.004647,0.004740,0.004603,0.004585,0.004606,0.004627,0.004510,0.004609
find_covered_races_time,0.017086,0.019327,0.022884,0.026053,0.027915,0.029405,0.030654,0.033639,0.040372,0.044810,0.045655,0.049224
per_packet_inconsistent_time_sec,0.000189,0.000687,0.000875,0.001044,0.001174,0.001213,0.001370,0.001546,0.001747,0.001681,0.001827,0.003645
find_inconsistent_update_time_sec,0.000012,0.000016,0.000047,0.000048,0.000052,0.000076,0.000077,0.000079,0.000103,0.000104,0.000127,0.000161
