key/t,False-0,False-1,False-2,False-3,False-4,False-5,False-6,False-7,False-8,False-9,False-10,False-inf
total_time_sec,0.153558,0.158461,0.153142,0.152567,0.114004,0.150388,0.148028,0.149367,0.146061,0.145586,0.147047,0.149897
load_time_sec,0.088130,0.091643,0.088049,0.088319,0.066412,0.088110,0.087754,0.089148,0.087165,0.087589,0.088759,0.090686
detect_races_time_sec,0.049334,0.049676,0.048485,0.047638,0.035227,0.045865,0.044483,0.044225,0.043117,0.042417,0.042279,0.040075
extract_traces_time_sec,0.010653,0.010902,0.010413,0.010084,0.007353,0.009733,0.008964,0.008877,0.008518,0.008218,0.008286,0.008330
find_reactive_cmds_time_sec,0.000654,0.000699,0.000654,0.000671,0.000486,0.000655,0.000647,0.000656,0.000649,0.000665,0.000675,0.000675
find_proactive_cmds_time_sec,0.004567,0.004792,0.004535,0.004647,0.003511,0.004573,0.004523,0.004607,0.004515,0.004553,0.004632,0.004682
find_covered_races_time,0.000001,0.000001,0.000001,0.000001,0.000001,0.000001,0.000001,0.000002,0.000001,0.000001,0.000001,0.000001
per_packet_inconsistent_time_sec,0.000192,0.000722,0.000950,0.001149,0.000968,0.001366,0.001568,0.001761,0.001983,0.002027,0.002275,0.005270
find_inconsistent_update_time_sec,0.000012,0.000017,0.000046,0.000049,0.000038,0.000074,0.000078,0.000081,0.000103,0.000106,0.000130,0.000160
