key/t,False-0,False-1,False-2,False-3,False-4,False-5,False-6,False-7,False-8,False-9,False-10,False-inf,True-0,True-1,True-2,True-3,True-4,True-5,True-6,True-7,True-8,True-9,True-10,True-inf
total_time_sec,0.542686,0.529896,0.524853,0.533770,0.522810,0.541976,0.548753,0.555101,0.619090,0.652547,0.625075,0.579458,0.519751,0.495327,0.489003,0.496597,0.495677,0.501535,0.511864,0.496039,0.509419,0.536066,0.534450,0.576417
load_time_sec,0.380680,0.382387,0.376198,0.382434,0.373274,0.382941,0.386569,0.387398,0.448121,0.413363,0.440029,0.380323,0.404994,0.380315,0.373672,0.378346,0.372554,0.378137,0.387894,0.371555,0.377447,0.388077,0.374707,0.380767
detect_races_time_sec,0.070422,0.070719,0.067448,0.067096,0.066688,0.068473,0.070381,0.070234,0.070518,0.070533,0.068535,0.071348,0.072823,0.070783,0.069856,0.070535,0.071880,0.070183,0.069543,0.068783,0.070795,0.070122,0.068443,0.067290
extract_traces_time_sec,0.016286,0.011301,0.010250,0.010175,0.009897,0.010066,0.009292,0.009597,0.009011,0.009696,0.009666,0.008452,0.010738,0.008728,0.007100,0.007645,0.007641,0.007039,0.007576,0.006971,0.007494,0.008031,0.007396,0.007048
find_reactive_cmds_time_sec,0.000156,0.000140,0.000125,0.000145,0.000136,0.000140,0.000131,0.000178,0.000138,0.000145,0.000148,0.000134,0.000132,0.000130,0.000127,0.000146,0.000138,0.000136,0.000128,0.000123,0.000135,0.000138,0.000127,0.000140
find_proactive_cmds_time_sec,0.026834,0.011979,0.012420,0.013388,0.011374,0.013182,0.012088,0.012906,0.012418,0.012288,0.012342,0.012125,0.011098,0.012343,0.012006,0.012732,0.012289,0.012668,0.012732,0.011834,0.011623,0.013170,0.013065,0.012812
find_covered_races_time,0.047986,0.052344,0.056684,0.058603,0.058894,0.064335,0.066951,0.071472,0.074725,0.138233,0.084863,0.095543,0.019662,0.021953,0.024378,0.024720,0.027559,0.029912,0.030189,0.032573,0.037117,0.050881,0.063793,0.092533
per_packet_inconsistent_time_sec,0.000258,0.000951,0.001647,0.001824,0.002450,0.002741,0.003236,0.003205,0.004031,0.008169,0.009331,0.011268,0.000251,0.001003,0.001772,0.002379,0.003515,0.003350,0.003680,0.004059,0.004635,0.005407,0.006686,0.015158
find_inconsistent_update_time_sec,-0.000007,-0.000028,-0.000031,-0.000032,-0.000050,-0.000049,-0.000055,-0.000066,-0.000077,-0.000073,-0.000101,-0.000207,-0.000007,-0.000014,-0.000032,-0.000035,-0.000054,-0.000053,-0.000061,-0.000083,-0.000113,-0.000181,-0.000187,-0.000610
