key/t,False-0,False-1,False-2,False-3,False-4,False-5,False-6,False-7,False-8,False-9,False-10,False-inf
total_time_sec,0.292463,0.276738,0.297278,0.286520,0.286336,0.281645,0.282636,0.293116,0.283944,0.293372,0.303765,0.305287
load_time_sec,0.201103,0.185594,0.200305,0.188265,0.193309,0.189185,0.190290,0.199704,0.184080,0.190462,0.195963,0.194764
detect_races_time_sec,0.050632,0.044848,0.044638,0.043755,0.043641,0.042000,0.041006,0.040523,0.039368,0.040016,0.042116,0.036455
extract_traces_time_sec,0.010535,0.010526,0.009779,0.009618,0.009346,0.009592,0.008657,0.008438,0.008168,0.007868,0.008284,0.008021
find_reactive_cmds_time_sec,0.000580,0.000586,0.000623,0.000609,0.000642,0.000577,0.000568,0.000576,0.000571,0.000617,0.000581,0.000583
find_proactive_cmds_time_sec,0.013548,0.013155,0.014934,0.014890,0.012990,0.012888,0.012843,0.012206,0.013044,0.012987,0.012850,0.013160
find_covered_races_time,0.015841,0.021282,0.025969,0.028331,0.025168,0.026102,0.027738,0.030082,0.036724,0.039521,0.041776,0.048119
per_packet_inconsistent_time_sec,0.000180,0.000701,0.000955,0.000977,0.001163,0.001200,0.001386,0.001483,0.001859,0.001750,0.002035,0.003976
find_inconsistent_update_time_sec,-0.000010,-0.000012,-0.000042,-0.000043,-0.000045,-0.000069,-0.000105,-0.000072,-0.000099,-0.000119,-0.000128,-0.000172
