key/t,False-0,False-1,False-2,False-3,False-4,False-5,False-6,False-7,False-8,False-9,False-10,False-inf
total_time_sec,0.301485,0.309226,0.315631,0.300022,0.302420,0.329369,0.324311,0.327784,0.321128,0.323440,0.330361,0.339409
load_time_sec,0.209301,0.209548,0.213937,0.196058,0.198421,0.225162,0.211903,0.225166,0.206504,0.200135,0.209052,0.228842
detect_races_time_sec,0.049756,0.051971,0.052077,0.050746,0.050345,0.047303,0.052656,0.042639,0.050411,0.049265,0.043901,0.041840
extract_traces_time_sec,0.011537,0.012066,0.010387,0.015100,0.011706,0.010064,0.011283,0.008793,0.011419,0.008090,0.009162,0.008319
find_reactive_cmds_time_sec,0.000964,0.000661,0.000906,0.000759,0.000871,0.000573,0.000651,0.000570,0.000796,0.000565,0.000588,0.000596
find_proactive_cmds_time_sec,0.014363,0.012553,0.014184,0.012225,0.013780,0.013060,0.016412,0.012482,0.012458,0.013771,0.012967,0.012688
find_covered_races_time,0.015350,0.021417,0.023150,0.023998,0.025899,0.031188,0.029631,0.036169,0.037633,0.049227,0.051845,0.043118
per_packet_inconsistent_time_sec,0.000169,0.000945,0.000908,0.001056,0.001305,0.001861,0.001574,0.001843,0.001767,0.002209,0.002628,0.003816
find_inconsistent_update_time_sec,-0.000009,-0.000017,-0.000045,-0.000044,-0.000051,-0.000108,-0.000131,-0.000081,-0.000102,-0.000133,-0.000172,-0.000155
