key/t,False-0,False-1,False-2,False-3,False-4,False-5,False-6,False-7,False-8,False-9,False-10,False-inf,True-0,True-1,True-2,True-3,True-4,True-5,True-6,True-7,True-8,True-9,True-10,True-inf
total_time_sec,1.768673,1.729174,1.792433,1.781232,1.772995,1.764874,1.783448,1.806160,1.751423,1.751483,1.754636,1.835110,1.734038,1.761027,1.750277,1.785724,1.876830,1.785526,1.812967,1.845075,1.841833,1.803838,1.935999,1.897485
load_time_sec,1.448102,1.400428,1.458287,1.450089,1.436472,1.426403,1.444132,1.443097,1.420994,1.420741,1.414026,1.474078,1.419128,1.426319,1.425729,1.440185,1.518320,1.416296,1.443979,1.478614,1.479562,1.445905,1.571121,1.472959
detect_races_time_sec,0.261214,0.262611,0.267134,0.260850,0.266006,0.259318,0.264626,0.265801,0.250230,0.251332,0.252365,0.255522,0.257080,0.263897,0.258924,0.270301,0.264274,0.272208,0.265879,0.251776,0.252359,0.251526,0.254153,0.244427
extract_traces_time_sec,0.031670,0.031543,0.028800,0.027235,0.027629,0.027083,0.027802,0.033577,0.027556,0.026694,0.024176,0.024631,0.031122,0.030639,0.027507,0.031774,0.028935,0.027785,0.026047,0.026039,0.024165,0.023448,0.022812,0.022955
find_reactive_cmds_time_sec,0.001591,0.001892,0.001848,0.001535,0.001902,0.001584,0.001499,0.001677,0.001607,0.001611,0.001507,0.001691,0.001583,0.001839,0.001941,0.001682,0.001855,0.001590,0.001458,0.001421,0.001494,0.001486,0.001812,0.002148
find_proactive_cmds_time_sec,0.013294,0.014388,0.014653,0.014817,0.013796,0.016606,0.013110,0.017077,0.014671,0.013589,0.014849,0.014860,0.013661,0.016759,0.014541,0.015445,0.017694,0.014232,0.015836,0.014790,0.014648,0.013339,0.014739,0.036782
find_covered_races_time,0.012135,0.016143,0.017569,0.021412,0.020225,0.023787,0.022388,0.030706,0.025356,0.026087,0.032241,0.041605,0.010939,0.019082,0.017485,0.020226,0.035337,0.041630,0.047676,0.058168,0.055837,0.050785,0.055816,0.088552
per_packet_inconsistent_time_sec,0.000592,0.002106,0.004068,0.005229,0.006888,0.010012,0.009803,0.014148,0.010931,0.011353,0.015392,0.022617,0.000465,0.002427,0.004081,0.005928,0.010082,0.011419,0.011635,0.013823,0.013327,0.016864,0.014906,0.028275
find_inconsistent_update_time_sec,-0.000018,-0.000015,-0.000017,-0.000019,-0.000022,-0.000029,-0.000033,-0.000029,-0.000029,-0.000028,-0.000032,-0.000047,-0.000014,-0.000018,-0.000018,-0.000131,-0.000284,-0.000320,-0.000398,-0.000396,-0.000383,-0.000439,-0.000582,-0.001314
