key/t,False-0,False-1,False-2,False-3,False-4,False-5,False-6,False-7,False-8,False-9,False-10,False-inf,True-0,True-1,True-2,True-3,True-4,True-5,True-6,True-7,True-8,True-9,True-10,True-inf
total_time_sec,5.111087,6.517180,6.301582,6.430085,6.292904,6.598025,7.002767,5.760511,5.709880,5.492221,5.807786,5.690662,5.107736,5.265302,5.238175,5.533117,5.235765,5.224900,5.330447,5.599757,5.447249,5.343122,5.667464,5.590574
load_time_sec,3.736957,5.114658,4.394873,4.466788,4.511576,4.846589,4.780852,3.877375,4.037280,3.824916,4.106084,3.796342,3.734750,3.825325,3.766009,3.848582,3.587317,3.608621,3.664384,3.538924,3.541346,3.440453,3.506925,3.462727
detect_races_time_sec,0.845049,0.829382,0.958222,1.263728,0.883162,1.003940,1.251488,1.128952,0.830758,0.836513,0.823847,0.782505,0.836754,0.853054,0.855057,0.896537,0.786641,0.760905,0.746246,0.881315,0.734705,0.703001,0.723098,0.698347
extract_traces_time_sec,0.116345,0.112368,0.154814,0.138816,0.129171,0.094395,0.123068,0.100764,0.092067,0.087072,0.087745,0.069153,0.121263,0.109638,0.106363,0.127674,0.090844,0.099195,0.088730,0.133841,0.085868,0.078930,0.084283,0.069657
find_reactive_cmds_time_sec,0.003222,0.003270,0.003077,0.003154,0.003204,0.003187,0.003185,0.003151,0.003130,0.003029,0.003222,0.003063,0.003358,0.003405,0.003323,0.003276,0.003078,0.002877,0.002913,0.015031,0.002939,0.002904,0.002880,0.002928
find_proactive_cmds_time_sec,0.118165,0.117579,0.240689,0.132941,0.148799,0.158601,0.116599,0.114394,0.119206,0.121305,0.119879,0.112815,0.116304,0.115361,0.122530,0.141432,0.105761,0.113881,0.106328,0.111397,0.111167,0.105724,0.113905,0.139050
find_covered_races_time,0.289354,0.325050,0.528314,0.393823,0.561559,0.428806,0.673622,0.471486,0.541343,0.533816,0.573603,0.758499,0.293241,0.343107,0.362739,0.480537,0.610109,0.588721,0.664127,0.847316,0.892126,0.926576,1.138819,1.040134
per_packet_inconsistent_time_sec,0.001929,0.014788,0.021500,0.030738,0.055313,0.062382,0.053816,0.064239,0.085914,0.085399,0.093218,0.167996,0.001997,0.015328,0.022062,0.034585,0.051304,0.049931,0.056868,0.071050,0.078197,0.084572,0.096553,0.176550
find_inconsistent_update_time_sec,-0.000023,-0.000038,-0.000046,-0.000056,-0.000073,-0.000080,-0.000091,-0.000105,-0.000138,-0.000124,-0.000139,-0.000245,-0.000022,-0.000039,-0.000044,-0.000447,-0.000667,-0.000725,-0.000808,-0.000840,-0.000857,-0.000917,-0.000957,-0.001141
