key/t,False-0,False-1,False-2,False-3,False-4,False-5,False-6,False-7,False-8,False-9,False-10,False-inf,True-0,True-1,True-2,True-3,True-4,True-5,True-6,True-7,True-8,True-9,True-10,True-inf
total_time_sec,4.610946,4.506158,5.452339,3.792060,4.001981,4.328161,4.687005,5.037321,3.531112,3.603937,3.836131,4.432506,3.524709,4.127637,3.240709,4.121483,3.736157,3.541628,4.554949,4.131087,4.066305,4.350608,4.287468,4.299948
load_time_sec,3.404450,3.123366,4.226324,2.853734,2.688972,2.866141,3.800470,3.467578,2.218148,2.667294,2.689455,3.094679,2.418888,3.367095,2.483539,3.177242,2.503570,2.477153,3.238980,2.974092,2.723286,2.712357,2.772534,2.660822
detect_races_time_sec,0.685812,0.845980,0.661650,0.464108,0.823225,0.833874,0.448710,0.801296,0.443028,0.437513,0.556786,0.532401,0.565326,0.426931,0.425011,0.476990,0.468986,0.520935,0.628835,0.457010,0.448280,0.428567,0.479886,0.774616
extract_traces_time_sec,0.124904,0.120934,0.074622,0.061379,0.083517,0.080496,0.057257,0.090998,0.064764,0.052973,0.064772,0.070574,0.132655,0.075903,0.063869,0.058973,0.103948,0.065253,0.082793,0.058150,0.061774,0.082051,0.050283,0.039459
find_reactive_cmds_time_sec,0.002957,0.002999,0.001771,0.001555,0.001892,0.001869,0.001778,0.003384,0.002485,0.001497,0.002028,0.002487,0.003011,0.003731,0.003261,0.001780,0.003132,0.001720,0.002388,0.001490,0.001666,0.002862,0.001586,0.002709
find_proactive_cmds_time_sec,0.133921,0.136625,0.152081,0.117154,0.132809,0.105799,0.092099,0.139866,0.162007,0.089606,0.103770,0.129382,0.156759,0.085104,0.089766,0.103351,0.140254,0.096311,0.123701,0.094114,0.092328,0.098713,0.087768,0.093126
find_covered_races_time,0.255788,0.266152,0.323827,0.252416,0.242798,0.397585,0.252826,0.449831,0.538805,0.296880,0.350403,0.456370,0.246012,0.159644,0.163908,0.280956,0.454414,0.348570,0.439063,0.491600,0.674150,0.923522,0.798267,0.587466
per_packet_inconsistent_time_sec,0.003037,0.010033,0.012001,0.041596,0.028653,0.042311,0.033759,0.084201,0.101389,0.058063,0.068039,0.146414,0.001981,0.009169,0.011291,0.021894,0.061337,0.031253,0.038701,0.053744,0.064202,0.101960,0.096483,0.141064
find_inconsistent_update_time_sec,-0.000027,-0.000030,-0.000027,-0.000067,-0.000076,-0.000047,-0.000069,-0.000111,-0.000428,-0.000074,-0.000839,-0.000157,-0.000028,-0.000024,-0.000029,-0.000257,-0.000475,-0.000395,-0.000435,-0.000833,-0.000578,-0.000539,-0.000617,-0.000647
