key/t,False-0,False-1,False-2,False-3,False-4,False-5,False-6,False-7,False-8,False-9,False-10,False-inf,True-0,True-1,True-2,True-3,True-4,True-5,True-6,True-7,True-8,True-9,True-10,True-inf
total_time_sec,2.784809,2.826811,3.835929,3.374742,2.898217,2.872486,3.356162,2.844388,2.947282,3.040815,3.401436,3.234714,2.944627,2.773943,2.774424,2.786283,2.881211,2.899068,3.005223,3.094232,3.459607,3.278104,3.301261,3.592103
load_time_sec,2.097506,2.116533,2.403772,2.628677,2.122652,2.040837,2.567429,2.036544,2.103417,2.073470,2.460909,2.162748,2.168270,2.069605,2.053979,2.025815,2.035468,2.028852,2.042631,2.086154,2.345924,2.108987,2.074242,2.084174
detect_races_time_sec,0.407387,0.406844,0.837794,0.408680,0.411526,0.413045,0.409166,0.403297,0.399599,0.447151,0.434540,0.392861,0.394644,0.399649,0.410705,0.403065,0.397000,0.396845,0.396558,0.386479,0.411664,0.402593,0.391515,0.387464
extract_traces_time_sec,0.068016,0.062787,0.108796,0.054079,0.056398,0.056393,0.053419,0.050473,0.051760,0.073834,0.051912,0.040376,0.063257,0.058640,0.057051,0.053869,0.053930,0.053136,0.054865,0.050644,0.052521,0.051356,0.048106,0.041046
find_reactive_cmds_time_sec,0.003219,0.001905,0.002877,0.002027,0.001540,0.001580,0.001556,0.001450,0.002109,0.001607,0.001159,0.001427,0.001555,0.001448,0.001585,0.002192,0.001967,0.001501,0.001503,0.001497,0.001620,0.002523,0.001511,0.001375
find_proactive_cmds_time_sec,0.087052,0.080289,0.130794,0.086653,0.083458,0.086374,0.079665,0.081298,0.082192,0.111883,0.082269,0.085964,0.108086,0.086119,0.082221,0.079855,0.083696,0.080310,0.088663,0.079502,0.088819,0.096558,0.088961,0.087486
find_covered_races_time,0.120516,0.150490,0.325779,0.177001,0.197075,0.242969,0.213558,0.233456,0.258260,0.278622,0.304336,0.430475,0.207100,0.150809,0.157780,0.202375,0.281252,0.305288,0.381038,0.443536,0.505975,0.554139,0.628962,0.862093
per_packet_inconsistent_time_sec,0.001095,0.007904,0.026015,0.017558,0.025490,0.031207,0.031325,0.037780,0.049845,0.054156,0.065900,0.120690,0.001638,0.007612,0.011042,0.018850,0.027505,0.032705,0.039483,0.045938,0.052545,0.061393,0.067395,0.128001
find_inconsistent_update_time_sec,0.000000,-0.000023,-0.000052,-0.000032,-0.000044,-0.000046,-0.000008,-0.000055,-0.000062,0.000000,-0.000079,-0.000134,-0.000027,-0.000024,-0.000028,-0.000225,-0.000349,-0.000394,-0.000445,-0.000446,-0.000496,-0.000515,-0.000530,-0.000428
