key/t,False-0,False-1,False-2,False-3,False-4,False-5,False-6,False-7,False-8,False-9,False-10,False-inf,True-0,True-1,True-2,True-3,True-4,True-5,True-6,True-7,True-8,True-9,True-10,True-inf
total_time_sec,3.557599,3.772323,4.183248,5.178864,5.988011,4.107388,4.599372,4.496639,4.559853,4.774811,5.553189,6.497854,4.526878,6.990808,5.197200,5.343936,4.982937,4.267298,4.088164,4.368268,5.013019,5.160855,4.952865,5.535109
load_time_sec,2.185707,2.313075,2.608794,3.682886,2.702323,2.259704,2.461758,2.206888,2.109976,2.172204,2.494328,2.472755,3.281223,4.199460,2.240276,2.203396,3.342309,2.264433,2.186708,2.271143,2.430405,2.174199,2.143560,2.515773
detect_races_time_sec,0.434298,0.403308,0.403935,0.388025,0.837855,0.412900,0.405572,0.444825,0.393682,0.399837,0.422490,0.382990,0.402424,0.868938,0.709647,0.922586,0.392115,0.410820,0.398999,0.404131,0.561654,0.396801,0.401967,0.396072
extract_traces_time_sec,0.066527,0.049318,0.039272,0.036995,0.089231,0.036658,0.044260,0.037710,0.034226,0.035557,0.037209,0.034318,0.062207,0.069168,0.077288,0.072451,0.035870,0.039050,0.035617,0.039788,0.041846,0.036107,0.033595,0.050332
find_reactive_cmds_time_sec,0.000387,0.000401,0.000386,0.000354,0.000987,0.000353,0.000365,0.000388,0.000374,0.000378,0.000407,0.000357,0.000688,0.000560,0.000797,0.000690,0.000355,0.000367,0.000344,0.000444,0.000545,0.000371,0.000371,0.000585
find_proactive_cmds_time_sec,0.098090,0.101497,0.088407,0.086146,0.166930,0.131845,0.094580,0.096236,0.087271,0.091994,0.104077,0.095631,0.088727,0.144589,0.162734,0.149516,0.089056,0.100847,0.092363,0.111650,0.130154,0.090429,0.087569,0.145970
find_covered_races_time,0.136714,0.174566,0.185168,0.195388,0.431563,0.244154,0.287111,0.342148,0.348326,0.369585,0.392167,0.582564,0.129051,0.331320,0.387458,0.414397,0.249514,0.322566,0.369416,0.429341,0.592700,0.552593,0.585731,0.785399
per_packet_inconsistent_time_sec,0.001079,0.011413,0.014998,0.019834,0.061162,0.032602,0.041815,0.049901,0.057787,0.069053,0.075028,0.148497,0.001050,0.026945,0.041279,0.044132,0.026500,0.031961,0.039886,0.054624,0.073044,0.071764,0.079053,0.170630
find_inconsistent_update_time_sec,-0.000016,-0.000025,-0.000029,-0.000034,-0.000088,-0.000045,-0.000054,-0.000067,-0.000074,-0.000074,-0.000079,-0.000157,-0.000016,0.000000,-0.000070,-0.000310,-0.000343,-0.000366,-0.000434,-0.000446,-0.000425,-0.000573,-0.000507,-0.000655
