key/t,False-0,False-1,False-2,False-3,False-4,False-5,False-6,False-7,False-8,False-9,False-10,False-inf,True-0,True-1,True-2,True-3,True-4,True-5,True-6,True-7,True-8,True-9,True-10,True-inf
total_time_sec,4.910643,3.509252,3.485126,3.585303,3.569052,3.749688,4.126823,3.856473,3.946054,3.933593,4.086156,4.694639,5.165066,6.725464,6.537730,6.683070,6.637816,4.268672,3.805157,3.927905,3.990845,4.241624,4.167709,4.566801
load_time_sec,3.131251,2.071907,2.082482,2.123598,2.070763,2.116472,2.218638,2.063116,2.010103,1.949246,1.994987,2.065025,3.831234,4.124818,3.863120,3.788664,3.748433,2.072638,1.993214,1.978681,1.978778,1.980176,1.980095,1.988528
detect_races_time_sec,0.469289,0.485642,0.378532,0.385535,0.390177,0.393399,0.497292,0.379695,0.388953,0.370267,0.414980,0.373977,0.446973,0.745113,0.734375,0.796807,0.774389,0.373662,0.402523,0.396081,0.365214,0.369462,0.359537,0.357873
extract_traces_time_sec,0.070127,0.051000,0.037747,0.036556,0.036991,0.035949,0.035562,0.034431,0.036269,0.031465,0.033179,0.035669,0.060548,0.072422,0.072997,0.071301,0.069438,0.038750,0.035796,0.057450,0.032250,0.032387,0.032794,0.031486
find_reactive_cmds_time_sec,0.000394,0.000348,0.000357,0.000359,0.000355,0.000367,0.000000,0.000092,0.000355,0.000352,0.000350,0.000000,0.000245,0.000717,0.000639,0.000697,0.000977,0.000372,0.000365,0.000387,0.000349,0.000399,0.000372,0.000352
find_proactive_cmds_time_sec,0.105433,0.082571,0.087343,0.083235,0.081791,0.084426,0.090384,0.080745,0.085011,0.079492,0.085655,0.090618,0.089719,0.145875,0.135847,0.133085,0.128615,0.091882,0.083852,0.112534,0.080401,0.081661,0.081509,0.080579
find_covered_races_time,0.151832,0.165613,0.180647,0.183846,0.202603,0.233756,0.275775,0.301743,0.319118,0.351194,0.379997,0.464198,0.133599,0.328691,0.331398,0.392389,0.470291,0.324872,0.362855,0.396776,0.452544,0.522144,0.551331,0.562732
per_packet_inconsistent_time_sec,0.002065,0.011575,0.015684,0.018103,0.022991,0.031651,0.042049,0.044654,0.062991,0.067791,0.072442,0.141238,0.000976,0.025540,0.035811,0.044955,0.053702,0.037784,0.038683,0.044739,0.055433,0.068405,0.072368,0.173997
find_inconsistent_update_time_sec,-0.000016,-0.000027,-0.000030,-0.000034,-0.000039,0.000000,-0.000056,-0.000062,-0.000073,-0.000079,-0.000085,-0.000140,0.000000,-0.000050,-0.000073,-0.000337,-0.000623,-0.000367,-0.000419,-0.000419,-0.000426,-0.000492,-0.000493,-0.000641
