key/t,False-0,False-1,False-2,False-3,False-4,False-5,False-6,False-7,False-8,False-9,False-10,False-inf,True-0,True-1,True-2,True-3,True-4,True-5,True-6,True-7,True-8,True-9,True-10,True-inf
total_time_sec,2.188943,2.205911,2.268672,2.342411,2.137573,2.179760,2.261544,2.311395,2.352920,2.356259,2.388431,2.399176,2.114680,2.205645,2.140550,2.171896,2.273940,2.312734,2.342388,2.455743,2.522579,2.441976,2.516315,2.581251
load_time_sec,1.608598,1.617834,1.636343,1.746890,1.540206,1.563013,1.624839,1.633113,1.660376,1.650583,1.648157,1.610387,1.569533,1.611862,1.571827,1.551283,1.586502,1.605977,1.582992,1.601572,1.625554,1.561344,1.577655,1.532707
detect_races_time_sec,0.347611,0.344986,0.369453,0.332747,0.326657,0.333384,0.333116,0.343175,0.339858,0.341458,0.353184,0.329163,0.330011,0.348215,0.330783,0.340178,0.335767,0.337409,0.339865,0.356001,0.346521,0.322342,0.319404,0.312003
extract_traces_time_sec,0.093002,0.087706,0.093364,0.090161,0.080755,0.081249,0.081385,0.088332,0.083568,0.083517,0.041467,0.034001,0.098386,0.086117,0.082908,0.083967,0.082472,0.081300,0.079396,0.082341,0.081965,0.077704,0.041204,0.032079
find_reactive_cmds_time_sec,0.001330,0.001209,0.001221,0.001241,0.001239,0.001155,0.001252,0.001301,0.001321,0.001240,0.001211,0.001218,0.001190,0.001262,0.001199,0.001081,0.001232,0.001347,0.001189,0.001068,0.001449,0.001140,0.001214,0.001125
find_proactive_cmds_time_sec,0.014176,0.013511,0.014560,0.014259,0.013498,0.013294,0.015173,0.014540,0.015092,0.015144,0.054748,0.015262,0.014127,0.014503,0.013330,0.013672,0.013776,0.015349,0.013756,0.014423,0.013245,0.013406,0.057031,0.014228
find_covered_races_time,0.123143,0.133199,0.142874,0.142064,0.154990,0.162816,0.178683,0.198580,0.210710,0.219188,0.238178,0.312432,0.100580,0.135513,0.130497,0.165233,0.229057,0.244470,0.291283,0.363277,0.408645,0.416802,0.466667,0.586754
per_packet_inconsistent_time_sec,0.001015,0.007402,0.010778,0.014960,0.020133,0.024751,0.027001,0.032257,0.041877,0.045016,0.051363,0.096530,0.000778,0.008103,0.009936,0.016186,0.024668,0.026329,0.033260,0.036480,0.044645,0.048646,0.052544,0.101621
find_inconsistent_update_time_sec,-0.000014,-0.000018,-0.000024,-0.000026,-0.000034,-0.000036,-0.000045,-0.000050,-0.000065,-0.000062,-0.000074,-0.000130,-0.000012,-0.000018,-0.000021,-0.000246,-0.000412,-0.000501,-0.000593,-0.000527,-0.000506,-0.000540,-0.000547,-0.000675
