key/t,False-0,False-1,False-2,False-3,False-4,False-5,False-6,False-7,False-8,False-9,False-10,False-inf,True-0,True-1,True-2,True-3,True-4,True-5,True-6,True-7,True-8,True-9,True-10,True-inf
total_time_sec,10.456108,8.955376,10.336772,9.077293,10.323146,7.987304,8.469044,7.424907,9.724297,9.868309,7.502057,8.458519,12.392241,10.822026,9.168697,9.820166,8.552547,9.957006,8.629153,8.608620,7.072583,11.497067,7.766565,6.949899
load_time_sec,4.835919,4.030745,5.248413,4.858337,5.294766,4.130897,4.159948,4.257969,5.668690,4.284777,4.666905,4.731740,6.151939,5.350008,4.399564,5.056144,4.406842,5.486245,4.777579,4.754254,4.020694,5.865571,4.662674,4.208870
detect_races_time_sec,1.044886,0.675279,0.999063,0.850887,1.173667,0.793919,0.817494,0.804634,0.996971,0.959415,0.779385,1.342388,1.022438,0.985366,0.924099,1.040016,0.736843,1.034779,1.283418,0.911381,0.832414,1.432688,1.044017,0.912051
extract_traces_time_sec,0.055938,0.054606,0.057160,0.096304,0.064199,0.098871,0.065982,0.067724,0.096022,0.056787,0.073617,0.252217,0.058751,0.102572,0.060842,0.068798,0.062346,0.073416,0.066593,0.067422,0.113298,0.057165,0.075076,0.163135
find_reactive_cmds_time_sec,0.000802,0.000851,0.000883,0.000928,0.000884,0.000855,0.000819,0.000896,0.002157,0.000801,0.000903,0.000912,0.000811,0.000782,0.000857,0.000860,0.000861,0.000858,0.000915,0.000904,0.000927,0.000884,0.000915,0.001170
find_proactive_cmds_time_sec,0.107212,0.106000,0.111208,0.121729,0.236062,0.201505,0.116319,0.124113,0.150690,0.118284,0.144823,0.341856,0.174393,0.163184,0.131607,0.136363,0.249637,0.126932,0.116601,0.116943,0.156696,0.139753,0.121942,0.153375
find_covered_races_time,1.230957,1.204404,1.374499,0.885089,1.281950,0.697514,0.793823,0.420736,0.700468,1.258155,0.352840,0.516976,0.910532,1.021713,0.769830,1.067586,0.798235,0.501602,0.413159,0.774418,0.452560,0.882558,0.387251,0.382464
per_packet_inconsistent_time_sec,0.224162,0.119798,0.129492,0.075087,0.065225,0.053601,0.063948,0.041930,0.043780,0.126679,0.027558,0.002091,0.457503,0.171374,0.088621,0.132313,0.064342,0.057093,0.041876,0.063257,0.028582,0.212880,0.020550,0.002176
find_inconsistent_update_time_sec,-0.003706,-0.000862,-0.000870,-0.000826,-0.000698,-0.000737,-0.000614,-0.000338,-0.000050,-0.000983,-0.000043,-0.000015,-0.000837,-0.000135,-0.000134,-0.000100,-0.000107,-0.000085,-0.000072,-0.000068,-0.000054,-0.000148,-0.000047,-0.000021
