key/t,False-0,False-1,False-2,False-3,False-4,False-5,False-6,False-7,False-8,False-9,False-10,False-inf,True-0,True-1,True-2,True-3,True-4,True-5,True-6,True-7,True-8,True-9,True-10,True-inf
total_time_sec,4.245822,4.316110,4.515336,4.282250,4.277994,4.360724,4.489270,4.430981,4.426089,4.630358,4.429347,4.667310,4.210748,4.382577,4.317152,4.317374,4.410189,4.577602,4.520353,4.637616,4.702875,4.777966,4.948901,5.000786
load_time_sec,3.083760,3.112912,3.280318,3.070328,3.050890,3.093014,3.111967,3.135278,3.078420,3.258677,3.090662,3.117797,3.068022,3.157883,3.088693,3.073246,3.081305,3.166847,3.092152,3.107292,3.063917,3.041524,3.154921,3.260483
detect_races_time_sec,0.746735,0.739998,0.751116,0.728843,0.720550,0.732364,0.738048,0.723666,0.766936,0.720824,0.715809,0.695440,0.736090,0.752953,0.730871,0.735404,0.732793,0.746604,0.732780,0.737607,0.727786,0.779596,0.723198,0.703381
extract_traces_time_sec,0.104746,0.096767,0.096800,0.093515,0.088476,0.086669,0.087049,0.085824,0.082515,0.082099,0.082430,0.060382,0.100182,0.098225,0.112286,0.094155,0.090419,0.090851,0.085610,0.084601,0.083876,0.082347,0.083116,0.062805
find_reactive_cmds_time_sec,0.003004,0.002967,0.002984,0.002949,0.002915,0.002969,0.002931,0.002889,0.002892,0.002962,0.002901,0.002788,0.003094,0.003137,0.004846,0.002920,0.002923,0.003039,0.002932,0.002896,0.002985,0.002852,0.002900,0.002833
find_proactive_cmds_time_sec,0.109983,0.109404,0.111731,0.110608,0.108208,0.110616,0.117631,0.111313,0.109649,0.129486,0.109901,0.112461,0.108130,0.109526,0.111192,0.110443,0.107723,0.109932,0.109851,0.112410,0.109901,0.110756,0.111605,0.113166
find_covered_races_time,0.195781,0.240051,0.254014,0.253612,0.277625,0.299406,0.389870,0.327176,0.335343,0.379956,0.367554,0.532312,0.193470,0.246400,0.250610,0.276971,0.362513,0.420581,0.450896,0.541242,0.656028,0.697992,0.800634,0.697404
per_packet_inconsistent_time_sec,0.001630,0.013816,0.018171,0.022188,0.029119,0.035469,0.041538,0.044606,0.050095,0.056099,0.059837,0.145790,0.001577,0.014263,0.018454,0.023864,0.031817,0.038961,0.045269,0.050620,0.057426,0.061944,0.071549,0.159231
find_inconsistent_update_time_sec,-0.000023,-0.000035,-0.000039,-0.000044,-0.000051,-0.000058,-0.000065,-0.000069,-0.000077,-0.000082,-0.000090,-0.000181,-0.000023,-0.000035,-0.000041,-0.000209,-0.000537,-0.000611,-0.000698,-0.000787,-0.000799,-0.000789,-0.000813,-0.001258
