key/t,False-0,False-1,False-2,False-3,False-4,False-5,False-6,False-7,False-8,False-9,False-10,False-inf
total_time_sec,0.386509,0.375828,0.386114,0.385779,0.384284,0.384792,0.379987,0.376398,0.373039,0.373513,0.393111,0.389388
load_time_sec,0.298745,0.280600,0.294529,0.290351,0.290816,0.291454,0.284300,0.284645,0.278313,0.282575,0.292605,0.285926
detect_races_time_sec,0.059006,0.059769,0.057278,0.057050,0.057056,0.056208,0.058142,0.055575,0.058296,0.055295,0.060417,0.058040
extract_traces_time_sec,0.010545,0.012045,0.010235,0.011610,0.009701,0.009075,0.009165,0.008798,0.008525,0.008230,0.011201,0.008616
find_reactive_cmds_time_sec,0.000737,0.000709,0.000696,0.001003,0.000730,0.000711,0.000731,0.000696,0.000715,0.000778,0.000992,0.000687
find_proactive_cmds_time_sec,0.012389,0.013187,0.013020,0.014115,0.013365,0.013298,0.013620,0.013005,0.013239,0.012862,0.014201,0.013267
find_covered_races_time,0.004673,0.007533,0.008065,0.009015,0.009513,0.010286,0.010262,0.009868,0.009768,0.009543,0.009628,0.016342
per_packet_inconsistent_time_sec,0.000371,0.001932,0.002237,0.002578,0.003044,0.003701,0.003683,0.003748,0.004121,0.004167,0.004003,0.006429
find_inconsistent_update_time_sec,-0.000012,-0.000021,-0.000022,-0.000025,-0.000027,-0.000028,-0.000030,-0.000030,-0.000030,-0.000031,-0.000034,-0.000048
