key/t,False-0,False-1,False-2,False-3,False-4,False-5,False-6,False-7,False-8,False-9,False-10,False-inf
total_time_sec,0.099444,0.100254,0.098493,0.110554,0.102916,0.112362,0.100038,0.110390,0.100408,0.108957,0.103006,0.100649
load_time_sec,0.062026,0.062646,0.061370,0.065534,0.063560,0.070624,0.061553,0.068414,0.061844,0.068103,0.063821,0.061321
detect_races_time_sec,0.010465,0.010213,0.009698,0.012395,0.009693,0.012217,0.009479,0.009561,0.009311,0.009113,0.009053,0.008217
extract_traces_time_sec,0.006779,0.006423,0.005730,0.008253,0.005737,0.005857,0.005783,0.005645,0.005300,0.004935,0.004828,0.003964
find_reactive_cmds_time_sec,0.000093,0.000094,0.000095,0.000121,0.000095,0.000093,0.000090,0.000094,0.000090,0.000089,0.000105,0.000087
find_proactive_cmds_time_sec,0.011417,0.011498,0.012034,0.013021,0.012670,0.012555,0.012276,0.013814,0.012018,0.012236,0.011756,0.010585
find_covered_races_time,0.008439,0.008917,0.008975,0.010453,0.010172,0.010013,0.009852,0.011731,0.010538,0.012850,0.011591,0.013665
per_packet_inconsistent_time_sec,0.000189,0.000425,0.000550,0.000738,0.000944,0.000960,0.000961,0.001085,0.001262,0.001583,0.001806,0.002755
find_inconsistent_update_time_sec,-0.000005,-0.000007,-0.000009,-0.000009,-0.000012,-0.000012,-0.000013,-0.000012,-0.000013,-0.000016,-0.000015,-0.000025
