key/t,False-0,False-1,False-2,False-3,False-4,False-5,False-6,False-7,False-8,False-9,False-10,False-inf
total_time_sec,0.065433,0.065987,0.063614,0.063888,0.062311,0.064067,0.063313,0.063334,0.064683,0.062897,0.063052,0.062523
load_time_sec,0.041041,0.041852,0.040562,0.040944,0.041156,0.040783,0.040204,0.040325,0.041252,0.040345,0.040598,0.040590
detect_races_time_sec,0.012379,0.012189,0.011732,0.011589,0.011517,0.011602,0.011441,0.011326,0.011374,0.011165,0.010985,0.010118
extract_traces_time_sec,0.008307,0.008012,0.007115,0.006869,0.005874,0.006880,0.006865,0.006768,0.006753,0.006072,0.005855,0.004727
find_reactive_cmds_time_sec,0.000120,0.000122,0.000116,0.000118,0.000092,0.000121,0.000119,0.000125,0.000129,0.000115,0.000121,0.000114
find_proactive_cmds_time_sec,0.003377,0.003362,0.003411,0.003480,0.002843,0.003463,0.003350,0.003366,0.003543,0.003333,0.003427,0.003395
find_covered_races_time,0.000001,0.000001,0.000000,0.000001,0.000001,0.000001,0.000001,0.000001,0.000001,0.000001,0.000001,0.000001
per_packet_inconsistent_time_sec,0.000192,0.000431,0.000658,0.000865,0.000810,0.001192,0.001308,0.001397,0.001603,0.001836,0.002032,0.003534
find_inconsistent_update_time_sec,0.000007,0.000009,0.000011,0.000012,0.000010,0.000015,0.000016,0.000017,0.000018,0.000018,0.000020,0.000029
