key/t,False-0,False-1,False-2,False-3,False-4,False-5,False-6,False-7,False-8,False-9,False-10,False-inf
total_time_sec,0.094082,0.094907,0.092990,0.093856,0.092904,0.093287,0.093148,0.094701,0.095150,0.094791,0.095360,0.096770
load_time_sec,0.060306,0.060838,0.059937,0.060524,0.059491,0.059727,0.059378,0.060628,0.060526,0.060069,0.059891,0.060255
detect_races_time_sec,0.012552,0.012594,0.012102,0.011770,0.011829,0.011721,0.011793,0.011567,0.011690,0.011571,0.011362,0.010453
extract_traces_time_sec,0.008336,0.007797,0.007060,0.006924,0.006804,0.006892,0.006868,0.007140,0.006468,0.006084,0.005918,0.004713
find_reactive_cmds_time_sec,0.000118,0.000123,0.000118,0.000118,0.000116,0.000117,0.000119,0.000119,0.000122,0.000117,0.000118,0.000118
find_proactive_cmds_time_sec,0.003423,0.003416,0.003345,0.003449,0.003395,0.003355,0.003373,0.003447,0.003447,0.003445,0.003353,0.003464
find_covered_races_time,0.009137,0.009706,0.009792,0.010237,0.010343,0.010496,0.010587,0.010678,0.011606,0.011980,0.013043,0.015027
per_packet_inconsistent_time_sec,0.000194,0.000414,0.000617,0.000812,0.000904,0.000957,0.001007,0.001096,0.001265,0.001497,0.001648,0.002700
find_inconsistent_update_time_sec,0.000007,0.000010,0.000010,0.000012,0.000013,0.000013,0.000014,0.000016,0.000017,0.000018,0.000018,0.000031
