key/t,False-0,False-1,False-2,False-3,False-4,False-5,False-6,False-7,False-8,False-9,False-10,False-inf,True-0,True-1,True-2,True-3,True-4,True-5,True-6,True-7,True-8,True-9,True-10,True-inf
total_time_sec,0.880971,0.864103,0.886313,0.922169,0.944920,0.947200,0.944179,0.962941,0.988210,0.992007,1.004658,0.961249,0.868640,0.852151,0.888424,0.887175,0.890871,0.915485,0.924740,0.942346,0.953443,0.948333,0.935360,0.932135
load_time_sec,0.585303,0.577311,0.578872,0.589729,0.603992,0.598314,0.580972,0.583839,0.592335,0.594337,0.612122,0.587790,0.590626,0.577753,0.597383,0.578231,0.581180,0.579891,0.584849,0.580296,0.580362,0.578145,0.578286,0.579547
detect_races_time_sec,0.155318,0.149894,0.150417,0.152245,0.155483,0.146556,0.147873,0.145629,0.148052,0.147405,0.148724,0.146763,0.154122,0.149556,0.150154,0.147827,0.148212,0.148565,0.148919,0.149318,0.156186,0.148155,0.148582,0.148411
extract_traces_time_sec,0.020608,0.015083,0.014231,0.014879,0.015706,0.014051,0.014234,0.014521,0.012922,0.013804,0.013156,0.014215,0.018136,0.016344,0.015746,0.014919,0.014085,0.013859,0.013724,0.014540,0.013356,0.013002,0.012650,0.012568
find_reactive_cmds_time_sec,0.000286,0.000249,0.000248,0.000267,0.000246,0.000248,0.000263,0.000243,0.000238,0.000261,0.000274,0.000280,0.000257,0.000260,0.000247,0.000251,0.000246,0.000246,0.000291,0.000253,0.000253,0.000263,0.000275,0.000241
find_proactive_cmds_time_sec,0.012854,0.012409,0.012366,0.012270,0.012478,0.013206,0.012400,0.011925,0.012190,0.012599,0.012141,0.012648,0.012241,0.012071,0.012937,0.011717,0.011945,0.011944,0.012377,0.012209,0.012081,0.012297,0.012458,0.011876
find_covered_races_time,0.106118,0.107566,0.126179,0.147267,0.151069,0.167282,0.179233,0.193993,0.209885,0.210371,0.204129,0.182868,0.092755,0.094528,0.108152,0.128989,0.129290,0.153265,0.155485,0.174960,0.179044,0.183522,0.168796,0.161957
per_packet_inconsistent_time_sec,0.000413,0.001518,0.003923,0.005421,0.005851,0.007458,0.009116,0.012709,0.012486,0.013136,0.014015,0.016578,0.000432,0.001571,0.003734,0.005154,0.005832,0.007631,0.009002,0.010680,0.012062,0.012856,0.014215,0.017434
find_inconsistent_update_time_sec,-0.000010,-0.000012,-0.000016,-0.000020,-0.000022,-0.000023,-0.000025,-0.000032,-0.000041,-0.000033,-0.000035,-0.000042,-0.000010,-0.000011,-0.000017,-0.000034,-0.000020,-0.000023,-0.000027,-0.000029,-0.000040,-0.000033,-0.000036,-0.000043
