key/t,False-0,False-1,False-2,False-3,False-4,False-5,False-6,False-7,False-8,False-9,False-10,False-inf
total_time_sec,0.973406,1.015089,0.973823,0.987870,0.998949,1.091343,1.071592,1.067925,1.139246,1.148807,1.066202,1.103847
load_time_sec,0.597809,0.633604,0.597394,0.591496,0.597448,0.645339,0.623663,0.599456,0.630574,0.616220,0.604502,0.618856
detect_races_time_sec,0.188359,0.194492,0.177940,0.178278,0.173397,0.172421,0.167617,0.168277,0.171818,0.184245,0.167303,0.165023
extract_traces_time_sec,0.020436,0.015774,0.013970,0.014377,0.013037,0.013439,0.012022,0.012141,0.016946,0.015974,0.015795,0.011419
find_reactive_cmds_time_sec,0.000238,0.000280,0.000257,0.000274,0.000234,0.000275,0.000251,0.000280,0.000268,0.000257,0.000282,0.000232
find_proactive_cmds_time_sec,0.012864,0.015809,0.014429,0.012540,0.013290,0.014182,0.012396,0.013037,0.013646,0.013668,0.013690,0.012580
find_covered_races_time,0.153105,0.153061,0.165187,0.184243,0.194227,0.235656,0.244868,0.260926,0.290751,0.302115,0.247491,0.270656
per_packet_inconsistent_time_sec,0.000545,0.002019,0.004574,0.006590,0.007239,0.009950,0.010689,0.013709,0.015144,0.016224,0.017034,0.024951
find_inconsistent_update_time_sec,-0.000011,-0.000015,-0.000026,-0.000031,-0.000038,-0.000043,-0.000047,-0.000058,-0.000060,-0.000064,-0.000068,-0.000093
