key/t,False-0,False-1,False-2,False-3,False-4,False-5,False-6,False-7,False-8,False-9,False-10,False-inf,True-0,True-1,True-2,True-3,True-4,True-5,True-6,True-7,True-8,True-9,True-10,True-inf
total_time_sec,1.281937,1.253759,1.274256,1.429443,1.291772,1.302634,1.316037,1.364392,2.303665,2.239976,1.376547,1.343785,1.275198,1.224443,1.299892,1.268501,1.320482,1.322397,1.320113,1.373937,1.358232,1.359108,1.392887,1.548697
load_time_sec,0.793026,0.800948,0.793799,0.936089,0.779238,0.768406,0.768260,0.794346,1.213395,1.400585,0.782084,0.794489,0.824531,0.790388,0.792848,0.789174,0.822651,0.804782,0.796226,0.818568,0.793485,0.793697,0.825419,1.001989
detect_races_time_sec,0.205671,0.191767,0.189308,0.186107,0.191771,0.183316,0.186456,0.186066,0.361356,0.352975,0.173234,0.179898,0.193765,0.185135,0.242680,0.184137,0.195215,0.194552,0.183848,0.189373,0.186836,0.183052,0.190512,0.185500
extract_traces_time_sec,0.058966,0.017683,0.016904,0.016804,0.016608,0.015858,0.016997,0.016070,0.030365,0.027047,0.015660,0.014901,0.024348,0.019407,0.019349,0.018071,0.017837,0.017241,0.016870,0.016763,0.016269,0.016007,0.014572,0.017897
find_reactive_cmds_time_sec,0.000310,0.000307,0.000303,0.000315,0.000320,0.000308,0.000305,0.000313,0.000538,0.000514,0.000311,0.000312,0.000819,0.000325,0.000245,0.000535,0.000336,0.000247,0.000301,0.000320,0.000583,0.000317,0.000323,0.000344
find_proactive_cmds_time_sec,0.082121,0.110417,0.110729,0.103833,0.105759,0.103833,0.114470,0.107687,0.166550,0.135053,0.119124,0.109491,0.118322,0.112191,0.109653,0.109459,0.110293,0.110164,0.109094,0.115236,0.113385,0.116217,0.115385,0.110618
find_covered_races_time,0.141182,0.130328,0.157189,0.179873,0.190295,0.222759,0.219145,0.248422,0.501748,0.307615,0.269431,0.224684,0.112495,0.114848,0.130577,0.160719,0.166086,0.187150,0.202999,0.220982,0.232982,0.235225,0.230352,0.212374
per_packet_inconsistent_time_sec,0.000612,0.001714,0.005968,0.006362,0.007430,0.008092,0.010339,0.011420,0.029597,0.016109,0.016600,0.019925,0.000863,0.002100,0.004483,0.006347,0.007974,0.008170,0.010735,0.012607,0.014621,0.014517,0.016246,0.019576
find_inconsistent_update_time_sec,-0.000014,-0.000016,-0.000021,-0.000025,-0.000025,-0.000028,-0.000030,-0.000033,-0.000071,0.000000,-0.000103,-0.000049,-0.000015,-0.000016,-0.000021,-0.000024,0.000000,-0.000091,-0.000005,-0.000088,-0.000037,-0.000040,-0.000041,-0.000361
