key/t,False-0,False-1,False-2,False-3,False-4,False-5,False-6,False-7,False-8,False-9,False-10,False-inf,True-0,True-1,True-2,True-3,True-4,True-5,True-6,True-7,True-8,True-9,True-10,True-inf
total_time_sec,1.703024,1.370217,2.069345,1.971344,2.070997,1.952210,1.314663,1.349414,1.362624,1.333374,1.292545,2.013005,1.428626,1.903760,1.885006,1.107355,1.623585,1.991579,1.333461,1.298699,1.850626,2.085759,1.668032,1.767521
load_time_sec,0.965236,0.813358,1.227928,1.156296,1.228781,0.969582,0.755674,0.770624,0.741250,0.734930,0.729598,1.126901,0.721056,1.199286,1.202390,0.666399,0.868168,1.117113,0.839755,0.739769,1.008867,1.223912,0.801469,1.113366
detect_races_time_sec,0.272436,0.239837,0.334743,0.324261,0.266538,0.364061,0.199066,0.191866,0.189329,0.187151,0.188251,0.250100,0.312062,0.325483,0.329657,0.176893,0.290949,0.338496,0.170754,0.181425,0.209363,0.334307,0.188196,0.323635
extract_traces_time_sec,0.075030,0.027817,0.032306,0.031859,0.037026,0.029168,0.019584,0.016636,0.016413,0.014749,0.015948,0.026986,0.035933,0.030045,0.027304,0.016086,0.015822,0.028703,0.015009,0.020943,0.026116,0.025922,0.026066,0.013862
find_reactive_cmds_time_sec,0.000719,0.000629,0.000700,0.000747,0.000802,0.000698,0.000791,0.000402,0.000410,0.000381,0.000450,0.000681,0.000632,0.000645,0.000655,0.000363,0.000363,0.000686,0.000368,0.000654,0.000647,0.000736,0.000694,0.000366
find_proactive_cmds_time_sec,0.104336,0.110431,0.141872,0.138663,0.143789,0.135754,0.092403,0.088783,0.091154,0.087614,0.086630,0.136164,0.127174,0.114775,0.125132,0.085174,0.132988,0.130980,0.084772,0.118161,0.129341,0.131750,0.134975,0.083578
find_covered_races_time,0.284228,0.176414,0.324976,0.313894,0.387712,0.437131,0.236636,0.269850,0.311505,0.294431,0.258240,0.441710,0.230783,0.230419,0.196153,0.157249,0.303448,0.362239,0.211617,0.226799,0.453993,0.356131,0.471749,0.214866
per_packet_inconsistent_time_sec,0.000980,0.001692,0.006754,0.005577,0.006295,0.015730,0.010454,0.011194,0.012499,0.014059,0.013368,0.030337,0.000931,0.003046,0.003667,0.005146,0.011763,0.013282,0.011133,0.010889,0.022202,0.012940,0.044781,0.017780
find_inconsistent_update_time_sec,-0.000017,-0.000013,-0.000029,-0.000021,-0.000024,-0.000044,-0.000027,-0.000030,-0.000034,-0.000032,-0.000034,-0.000083,-0.000017,-0.000020,-0.000016,-0.000018,-0.000039,-0.000041,-0.000027,-0.000029,-0.000057,-0.000035,-0.000064,-0.000043
