key/t,False-0,False-1,False-2,False-3,False-4,False-5,False-6,False-7,False-8,False-9,False-10,False-inf
total_time_sec,0.157985,0.170615,0.165752,0.165032,0.171564,0.168712,0.163948,0.168965,0.163575,0.170388,0.174994,0.190805
load_time_sec,0.114102,0.115933,0.109659,0.108207,0.107422,0.109696,0.108768,0.109711,0.108229,0.113525,0.117306,0.125465
detect_races_time_sec,0.019867,0.019328,0.018381,0.018966,0.020963,0.018544,0.018061,0.018581,0.017886,0.017937,0.018282,0.019096
extract_traces_time_sec,0.007886,0.005285,0.005059,0.006281,0.005368,0.005030,0.004804,0.004817,0.004706,0.004686,0.004657,0.004562
find_reactive_cmds_time_sec,0.000232,0.000246,0.000235,0.000282,0.000332,0.000316,0.000231,0.000285,0.000248,0.000244,0.000226,0.000240
find_proactive_cmds_time_sec,0.011675,0.012026,0.012825,0.012584,0.014832,0.012382,0.012265,0.013656,0.011677,0.011761,0.011918,0.012065
find_covered_races_time,0.003896,0.016135,0.018009,0.016347,0.020219,0.019992,0.016960,0.018727,0.017542,0.018664,0.018983,0.023778
per_packet_inconsistent_time_sec,0.000289,0.001618,0.001541,0.002317,0.002374,0.002703,0.002809,0.003135,0.003233,0.003519,0.003565,0.005534
find_inconsistent_update_time_sec,-0.000007,-0.000012,-0.000012,-0.000016,-0.000018,-0.000018,-0.000019,-0.000020,-0.000021,-0.000021,-0.000023,-0.000033
