key/t,False-0,False-1,False-2,False-3,False-4,False-5,False-6,False-7,False-8,False-9,False-10,False-inf,True-0,True-1,True-2,True-3,True-4,True-5,True-6,True-7,True-8,True-9,True-10,True-inf
total_time_sec,0.510079,0.520808,0.513741,0.501137,0.321791,0.285655,0.287058,0.319259,0.292126,0.291081,0.284903,0.526844,0.306535,0.286447,0.302167,0.306990,0.302587,0.387047,0.534988,0.533886,0.538578,0.543578,0.569444,0.366306
load_time_sec,0.305418,0.311353,0.311709,0.310058,0.195604,0.168288,0.168570,0.196572,0.169050,0.170243,0.167543,0.311366,0.180387,0.169728,0.175057,0.180392,0.175764,0.171743,0.318119,0.312044,0.313546,0.312311,0.336698,0.210286
detect_races_time_sec,0.051713,0.051950,0.050650,0.050836,0.030446,0.024654,0.025215,0.024976,0.024606,0.026207,0.023024,0.046672,0.027407,0.025972,0.028547,0.027246,0.026303,0.044614,0.052022,0.051577,0.051652,0.051872,0.051480,0.029963
extract_traces_time_sec,0.015961,0.015024,0.014845,0.015587,0.008692,0.008306,0.007345,0.007504,0.006709,0.007340,0.006355,0.011350,0.007866,0.007659,0.008017,0.008651,0.007866,0.015019,0.014966,0.013256,0.014634,0.014851,0.012695,0.007506
find_reactive_cmds_time_sec,0.000343,0.000336,0.000362,0.000346,0.000229,0.000182,0.000213,0.000187,0.000187,0.000189,0.000192,0.000320,0.000217,0.000178,0.000187,0.000246,0.000187,0.000335,0.000341,0.000329,0.000324,0.000338,0.000338,0.000563
find_proactive_cmds_time_sec,0.122065,0.127054,0.119860,0.114836,0.077741,0.074877,0.076133,0.079536,0.080926,0.075507,0.075270,0.123922,0.082863,0.075101,0.081702,0.078158,0.078937,0.128012,0.120936,0.126183,0.126910,0.128547,0.128883,0.090901
find_covered_races_time,0.014115,0.014220,0.014445,0.008291,0.007273,0.007911,0.008075,0.008753,0.008919,0.009614,0.009750,0.025590,0.007523,0.007353,0.007637,0.009544,0.012007,0.023954,0.025147,0.026475,0.027508,0.030982,0.033559,0.021101
per_packet_inconsistent_time_sec,0.000409,0.000813,0.001817,0.001147,0.001770,0.001397,0.001471,0.001694,0.001693,0.001941,0.002726,0.007544,0.000238,0.000417,0.000983,0.002688,0.001460,0.003259,0.003347,0.003910,0.003895,0.004543,0.005659,0.005889
find_inconsistent_update_time_sec,-0.000011,-0.000014,-0.000014,-0.000009,-0.000010,-0.000011,-0.000010,-0.000012,-0.000010,-0.000012,-0.000014,-0.000036,-0.000007,-0.000012,-0.000010,-0.000034,-0.000035,-0.000061,-0.000061,-0.000065,-0.000062,-0.000085,-0.000085,-0.000062
