key/t,False-0,False-1,False-2,False-3,False-4,False-5,False-6,False-7,False-8,False-9,False-10,False-inf
total_time_sec,0.175007,0.173221,0.178349,0.167588,0.173983,0.171654,0.174199,0.169860,0.177455,0.173062,0.172109,0.178037
load_time_sec,0.127809,0.126763,0.129833,0.120181,0.127136,0.124186,0.123624,0.121922,0.127040,0.125186,0.123874,0.126884
detect_races_time_sec,0.022622,0.023340,0.023912,0.023295,0.022799,0.022370,0.024873,0.022854,0.022219,0.022240,0.021130,0.022711
extract_traces_time_sec,0.006105,0.006060,0.006218,0.005670,0.005837,0.005814,0.005660,0.005562,0.006152,0.005672,0.005214,0.004909
find_reactive_cmds_time_sec,0.000138,0.000139,0.000148,0.000138,0.000140,0.000178,0.000136,0.000140,0.000191,0.000138,0.000136,0.000142
find_proactive_cmds_time_sec,0.010962,0.011085,0.011241,0.011200,0.010743,0.010660,0.011930,0.010714,0.012579,0.011094,0.011057,0.010696
find_covered_races_time,0.007024,0.005429,0.006044,0.005966,0.006234,0.007095,0.006622,0.006858,0.007502,0.006970,0.008180,0.009770
per_packet_inconsistent_time_sec,0.000272,0.000341,0.000891,0.001070,0.001029,0.001283,0.001289,0.001725,0.001689,0.001696,0.002452,0.002844
find_inconsistent_update_time_sec,-0.000007,-0.000005,-0.000007,-0.000007,-0.000008,-0.000008,-0.000009,-0.000009,-0.000009,-0.000009,-0.000011,-0.000013
