key/t,False-0,False-1,False-2,False-3,False-4,False-5,False-6,False-7,False-8,False-9,False-10,False-inf
total_time_sec,0.139407,0.127610,0.138684,0.135870,0.125581,0.139086,0.123639,0.126500,0.126996,0.142479,0.145029,0.145176
load_time_sec,0.100162,0.091951,0.099382,0.098464,0.089921,0.099071,0.088074,0.089630,0.090100,0.100606,0.102801,0.100861
detect_races_time_sec,0.021493,0.019378,0.021144,0.021020,0.018854,0.021064,0.018541,0.018715,0.018810,0.021304,0.021025,0.020208
extract_traces_time_sec,0.007686,0.006773,0.007137,0.006234,0.006295,0.006833,0.006018,0.006014,0.006090,0.006698,0.006288,0.005746
find_reactive_cmds_time_sec,0.000232,0.000219,0.000226,0.000183,0.000203,0.000211,0.000186,0.000202,0.000214,0.000230,0.000231,0.000226
find_proactive_cmds_time_sec,0.004003,0.003657,0.003727,0.003418,0.003467,0.003676,0.003376,0.003517,0.003712,0.003930,0.003888,0.003952
find_covered_races_time,0.005547,0.005195,0.006102,0.005522,0.005717,0.006791,0.006121,0.006866,0.006473,0.007788,0.008340,0.010504
per_packet_inconsistent_time_sec,0.000260,0.000414,0.000940,0.001005,0.001097,0.001410,0.001297,0.001526,0.001567,0.001888,0.002412,0.003629
find_inconsistent_update_time_sec,0.000009,0.000009,0.000012,0.000011,0.000013,0.000016,0.000014,0.000016,0.000015,0.000020,0.000023,0.000034
