key/t,False-0,False-1,False-2,False-3,False-4,False-5,False-6,False-7,False-8,False-9,False-10,False-inf
total_time_sec,0.137037,0.137196,0.138796,0.137078,0.138732,0.139598,0.137296,0.139573,0.139761,0.140157,0.140416,0.146373
load_time_sec,0.099569,0.099362,0.100477,0.098726,0.099880,0.100352,0.098570,0.099366,0.100307,0.100420,0.099996,0.102632
detect_races_time_sec,0.021097,0.021123,0.020815,0.020768,0.020821,0.020814,0.020561,0.020557,0.020588,0.020653,0.020308,0.020283
extract_traces_time_sec,0.007301,0.007224,0.007067,0.006909,0.006880,0.006777,0.006641,0.006570,0.006608,0.006418,0.006140,0.005743
find_reactive_cmds_time_sec,0.000157,0.000155,0.000159,0.000154,0.000154,0.000155,0.000154,0.000158,0.000153,0.000156,0.000152,0.000157
find_proactive_cmds_time_sec,0.003266,0.003369,0.003397,0.003314,0.003390,0.003383,0.003235,0.003325,0.003359,0.003318,0.003295,0.003435
find_covered_races_time,0.005413,0.005555,0.005955,0.006121,0.006423,0.006750,0.006699,0.007721,0.007091,0.007388,0.008216,0.010527
per_packet_inconsistent_time_sec,0.000218,0.000390,0.000905,0.001065,0.001161,0.001342,0.001412,0.001849,0.001630,0.001776,0.002279,0.003555
find_inconsistent_update_time_sec,0.000007,0.000009,0.000012,0.000012,0.000014,0.000015,0.000015,0.000017,0.000016,0.000018,0.000021,0.000031
