key/t,False-0,False-1,False-2,False-3,False-4,False-5,False-6,False-7,False-8,False-9,False-10,False-inf
total_time_sec,0.154832,0.159848,0.153824,0.157394,0.168377,0.159896,0.157768,0.154072,0.156263,0.163717,0.157033,0.164534
load_time_sec,0.112839,0.118168,0.111770,0.112252,0.119891,0.116742,0.114330,0.111442,0.112750,0.116561,0.111768,0.112404
detect_races_time_sec,0.019920,0.019517,0.019182,0.020486,0.025058,0.019464,0.019493,0.018940,0.019078,0.022181,0.019558,0.021470
extract_traces_time_sec,0.005687,0.005634,0.005531,0.006247,0.006134,0.005332,0.005250,0.005174,0.005188,0.005452,0.004840,0.005759
find_reactive_cmds_time_sec,0.000127,0.000125,0.000124,0.000169,0.000143,0.000126,0.000128,0.000127,0.000126,0.000137,0.000127,0.000145
find_proactive_cmds_time_sec,0.010338,0.011051,0.010875,0.011379,0.010138,0.010204,0.010789,0.010514,0.010653,0.010875,0.011079,0.010967
find_covered_races_time,0.005654,0.004952,0.005322,0.005605,0.005848,0.006522,0.006390,0.006263,0.006623,0.006710,0.007122,0.009861
per_packet_inconsistent_time_sec,0.000211,0.000359,0.000978,0.001211,0.001124,0.001461,0.001344,0.001569,0.001800,0.001755,0.002488,0.003866
find_inconsistent_update_time_sec,-0.000017,-0.000008,-0.000010,-0.000011,-0.000011,-0.000012,-0.000012,-0.000012,-0.000013,-0.000014,-0.000018,-0.000029
