key/t,False-0,False-1,False-2,False-3,False-4,False-5,False-6,False-7,False-8,False-9,False-10,False-inf
total_time_sec,0.089982,0.088953,0.091535,0.088598,0.088581,0.090833,0.089290,0.091185,0.092487,0.089406,0.092592,0.090530
load_time_sec,0.057837,0.056872,0.058428,0.056577,0.056463,0.058006,0.057262,0.058794,0.059506,0.057240,0.059709,0.057470
detect_races_time_sec,0.021103,0.020964,0.021457,0.020693,0.020534,0.020803,0.020615,0.020598,0.020970,0.020442,0.020528,0.019659
extract_traces_time_sec,0.007312,0.007210,0.007057,0.006807,0.006840,0.007008,0.006551,0.006540,0.006592,0.006397,0.006234,0.005607
find_reactive_cmds_time_sec,0.000165,0.000156,0.000167,0.000157,0.000153,0.000175,0.000155,0.000160,0.000160,0.000152,0.000161,0.000151
find_proactive_cmds_time_sec,0.003332,0.003299,0.003376,0.003268,0.003290,0.003321,0.003343,0.003310,0.003407,0.003268,0.003388,0.003373
find_covered_races_time,0.000001,0.000001,0.000001,0.000001,0.000001,0.000001,0.000001,0.000000,0.000001,0.000002,0.000000,0.000001
per_packet_inconsistent_time_sec,0.000216,0.000432,0.001026,0.001071,0.001274,0.001491,0.001341,0.001754,0.001821,0.001876,0.002540,0.004225
find_inconsistent_update_time_sec,0.000007,0.000009,0.000012,0.000012,0.000014,0.000015,0.000012,0.000017,0.000018,0.000017,0.000021,0.000032
