key/t,False-0,False-1,False-2,False-3,False-4,False-5,False-6,False-7,False-8,False-9,False-10,False-inf
total_time_sec,64.149303,64.223979,67.922881,62.214931,62.992694,62.310360,63.431030,63.051610,63.120110,65.460731,65.904691,70.083239
load_time_sec,43.423206,43.063777,45.872402,41.067882,41.614853,40.504962,41.011452,40.707645,40.743820,40.692777,42.103687,44.441071
detect_races_time_sec,15.027592,15.007457,16.011297,14.795255,14.187599,14.372405,14.390350,14.197672,13.996625,15.155053,14.847007,15.475390
extract_traces_time_sec,0.293663,0.209799,0.201399,0.193022,0.186484,0.176224,0.164729,0.160495,0.149641,0.162271,0.135753,0.040377
find_reactive_cmds_time_sec,0.006256,0.006293,0.006099,0.006126,0.006748,0.006302,0.006197,0.006157,0.007182,0.008871,0.008079,0.008238
find_proactive_cmds_time_sec,4.578127,4.851743,4.473385,4.437708,4.665402,4.530627,4.502635,4.459880,4.521139,4.856352,4.863634,4.681913
find_covered_races_time,0.816912,1.036210,1.278301,1.580404,2.193161,2.548799,3.135511,3.281823,3.432661,4.185374,3.618473,4.496617
per_packet_inconsistent_time_sec,0.003317,0.048426,0.079711,0.134176,0.138127,0.170639,0.219736,0.237480,0.268477,0.399217,0.327524,0.938322
find_inconsistent_update_time_sec,-0.000193,-0.000238,-0.000254,-0.000319,-0.000286,-0.000366,-0.000377,-0.000422,-0.000528,-0.000763,-0.000498,-0.001272
