key/t,False-0,False-1,False-2,False-3,False-4,False-5,False-6,False-7,False-8,False-9,False-10,False-inf
total_time_sec,0.145189,0.144477,0.140582,0.142051,0.141963,0.106245,0.143856,0.139390,0.138570,0.137481,0.139818,0.137445
load_time_sec,0.084312,0.085248,0.082674,0.084157,0.084337,0.064315,0.086576,0.083296,0.082953,0.082098,0.084371,0.082455
detect_races_time_sec,0.042439,0.041436,0.040844,0.040755,0.040616,0.029412,0.040132,0.039113,0.038628,0.038524,0.038360,0.037409
extract_traces_time_sec,0.014054,0.012618,0.011468,0.011074,0.010778,0.007425,0.009917,0.009757,0.009271,0.009218,0.009048,0.008105
find_reactive_cmds_time_sec,0.000386,0.000371,0.000362,0.000376,0.000367,0.000275,0.000392,0.000380,0.000361,0.000359,0.000362,0.000357
find_proactive_cmds_time_sec,0.003757,0.003813,0.003752,0.003853,0.003818,0.002912,0.003868,0.003784,0.003791,0.003706,0.003770,0.003770
find_covered_races_time,0.000001,0.000001,0.000001,0.000001,0.000001,0.000001,0.000001,0.000001,0.000001,0.000001,0.000001,0.000001
per_packet_inconsistent_time_sec,0.000222,0.000966,0.001451,0.001802,0.002011,0.001876,0.002929,0.003016,0.003512,0.003522,0.003851,0.005282
find_inconsistent_update_time_sec,0.000008,0.000014,0.000020,0.000023,0.000025,0.000022,0.000032,0.000033,0.000039,0.000040,0.000043,0.000054
