key/t,False-0,False-1,False-2,False-3,False-4,False-5,False-6,False-7,False-8,False-9,False-10,False-inf
total_time_sec,0.260939,0.288033,0.285377,0.265573,0.279461,0.285452,0.265498,0.270591,0.295825,0.285710,0.279308,0.279837
load_time_sec,0.181346,0.199382,0.188712,0.183736,0.191254,0.192702,0.176768,0.176109,0.196010,0.187159,0.182358,0.183513
detect_races_time_sec,0.043675,0.042627,0.048526,0.038828,0.040552,0.042027,0.038375,0.043073,0.047071,0.041382,0.039347,0.039872
extract_traces_time_sec,0.015003,0.012987,0.009394,0.008441,0.008690,0.007788,0.007616,0.007576,0.007339,0.007013,0.006725,0.007271
find_reactive_cmds_time_sec,0.000440,0.000350,0.000398,0.000331,0.000370,0.000336,0.000376,0.000362,0.000360,0.000313,0.000330,0.000364
find_proactive_cmds_time_sec,0.011277,0.014710,0.014441,0.012787,0.013732,0.012852,0.013424,0.012726,0.012892,0.013967,0.014096,0.011375
find_covered_races_time,0.008901,0.016895,0.022198,0.019155,0.022808,0.025936,0.025961,0.027371,0.028110,0.031908,0.032435,0.031979
per_packet_inconsistent_time_sec,0.000251,0.001031,0.001657,0.002189,0.001994,0.003735,0.002912,0.003302,0.003923,0.003887,0.003944,0.005370
find_inconsistent_update_time_sec,-0.000008,-0.000012,-0.000017,-0.000041,-0.000021,-0.000032,-0.000028,-0.000030,-0.000077,-0.000041,-0.000034,-0.000055
