key/t,False-0,False-1,False-2,False-3,False-4,False-5,False-6,False-7,False-8,False-9,False-10,False-inf
total_time_sec,0.251249,0.283583,0.265890,0.259597,0.282170,0.263491,0.258365,0.268067,0.277901,0.275860,0.267189,0.276518
load_time_sec,0.174404,0.197574,0.181076,0.167993,0.191534,0.175078,0.170415,0.176227,0.174304,0.184445,0.178287,0.189285
detect_races_time_sec,0.042321,0.044540,0.040604,0.044955,0.046267,0.039435,0.039103,0.039615,0.038462,0.038444,0.037928,0.036807
extract_traces_time_sec,0.014414,0.012842,0.011661,0.008945,0.009178,0.007902,0.007347,0.008396,0.007230,0.009123,0.007725,0.006365
find_reactive_cmds_time_sec,0.000627,0.000736,0.000387,0.000509,0.000369,0.000346,0.000340,0.000639,0.000399,0.000461,0.000357,0.000375
find_proactive_cmds_time_sec,0.011288,0.011665,0.011846,0.013705,0.011822,0.013867,0.013038,0.015266,0.013056,0.012344,0.012769,0.012102
find_covered_races_time,0.007896,0.015215,0.018822,0.020322,0.021096,0.024576,0.025546,0.025004,0.037204,0.028099,0.026989,0.027838
per_packet_inconsistent_time_sec,0.000176,0.000952,0.001413,0.003037,0.001822,0.002213,0.002493,0.002841,0.007155,0.002869,0.003061,0.003653
find_inconsistent_update_time_sec,-0.000007,-0.000009,-0.000010,-0.000024,-0.000012,-0.000014,-0.000016,-0.000018,-0.000025,-0.000017,-0.000019,-0.000021
