key/t,False-0,False-1,False-2,False-3,False-4,False-5,False-6,False-7,False-8,False-9,False-10,False-inf
total_time_sec,0.210784,0.216689,0.220798,0.219242,0.221843,0.225948,0.226384,0.223047,0.167419,0.225505,0.224605,0.227973
load_time_sec,0.142010,0.141797,0.142333,0.140285,0.141611,0.143007,0.142603,0.139934,0.104499,0.140768,0.140882,0.142843
detect_races_time_sec,0.042384,0.041431,0.041420,0.040415,0.040430,0.039794,0.039579,0.039043,0.028736,0.038558,0.038650,0.037702
extract_traces_time_sec,0.013970,0.012533,0.011692,0.011031,0.010841,0.010110,0.009806,0.009584,0.006854,0.009306,0.008936,0.008192
find_reactive_cmds_time_sec,0.000370,0.000374,0.000371,0.000371,0.000373,0.000371,0.000370,0.000371,0.000270,0.000368,0.000362,0.000373
find_proactive_cmds_time_sec,0.003802,0.003809,0.003820,0.003797,0.003820,0.003858,0.003848,0.003714,0.002873,0.003794,0.003729,0.003793
find_covered_races_time,0.008016,0.015778,0.019653,0.021541,0.022773,0.026261,0.027361,0.027494,0.021707,0.029328,0.028414,0.030100
per_packet_inconsistent_time_sec,0.000214,0.000942,0.001479,0.001770,0.001960,0.002508,0.002775,0.002864,0.002447,0.003337,0.003584,0.004906
find_inconsistent_update_time_sec,0.000008,0.000015,0.000020,0.000023,0.000025,0.000029,0.000032,0.000034,0.000026,0.000037,0.000039,0.000054
