key/t,False-0,False-1,False-2,False-3,False-4,False-5,False-6,False-7,False-8,False-9,False-10,False-inf
total_time_sec,0.191955,0.215832,0.221218,0.223899,0.223022,0.217302,0.225901,0.226999,0.228383,0.205539,0.227452,0.251911
load_time_sec,0.128433,0.139558,0.141223,0.142149,0.141040,0.141990,0.141094,0.141251,0.141429,0.127656,0.141066,0.126766
detect_races_time_sec,0.038312,0.041491,0.041713,0.041323,0.040833,0.035724,0.039923,0.039926,0.039531,0.035112,0.039252,0.063126
extract_traces_time_sec,0.012928,0.012696,0.012003,0.011580,0.011113,0.009221,0.009885,0.009923,0.009661,0.008842,0.009529,0.011912
find_reactive_cmds_time_sec,0.000556,0.000617,0.000590,0.000616,0.000604,0.000526,0.000575,0.000593,0.000592,0.000540,0.000606,0.000812
find_proactive_cmds_time_sec,0.004095,0.004435,0.004331,0.004556,0.004503,0.004022,0.004361,0.004417,0.004406,0.004177,0.004472,0.005669
find_covered_races_time,0.007370,0.015971,0.019793,0.021784,0.022847,0.023509,0.027220,0.027920,0.029537,0.026168,0.028850,0.037835
per_packet_inconsistent_time_sec,0.000238,0.001035,0.001529,0.001851,0.002041,0.002268,0.002794,0.002918,0.003175,0.002995,0.003620,0.005710
find_inconsistent_update_time_sec,0.000009,0.000015,0.000020,0.000024,0.000025,0.000028,0.000033,0.000035,0.000036,0.000034,0.000041,0.000065
