key/t,False-0,False-1,False-2,False-3,False-4,False-5,False-6,False-7,False-8,False-9,False-10,False-inf,True-0,True-1,True-2,True-3,True-4,True-5,True-6,True-7,True-8,True-9,True-10,True-inf
total_time_sec,13.676109,13.212112,13.359062,13.593811,13.852077,13.598020,14.756815,13.363981,13.366921,13.367905,14.201038,13.375807,16.022876,14.810793,16.387312,13.578038,13.284675,13.360578,13.945851,13.563441,13.582391,13.561262,13.809940,14.332275
load_time_sec,10.850586,10.664248,10.764019,10.953546,11.282711,10.842354,11.854275,10.735553,10.803183,10.760095,11.551933,10.694783,13.438246,12.197999,13.707006,10.942627,10.699397,10.784265,11.093284,10.861346,10.869154,10.688024,11.062162,11.148530
detect_races_time_sec,2.367041,2.022875,2.079340,2.096148,2.041353,2.235524,2.158573,2.103914,2.023327,2.041100,2.075036,1.982784,2.095733,2.081367,2.106232,2.098641,2.056408,2.037393,2.272325,2.055565,1.996680,2.093470,2.022784,2.063251
extract_traces_time_sec,0.337921,0.374806,0.371990,0.380614,0.362646,0.350112,0.565187,0.345468,0.347208,0.356858,0.353364,0.321122,0.361595,0.386366,0.437790,0.375758,0.360194,0.336817,0.337325,0.350292,0.380823,0.382444,0.343803,0.336473
find_reactive_cmds_time_sec,0.009310,0.012358,0.009914,0.009718,0.008619,0.009234,0.010423,0.008820,0.009263,0.010203,0.010442,0.009114,0.009921,0.010427,0.009976,0.009076,0.009677,0.008916,0.009626,0.009535,0.008849,0.012788,0.009464,0.010001
find_proactive_cmds_time_sec,0.093426,0.100193,0.094803,0.103886,0.096835,0.097163,0.100579,0.095709,0.095159,0.096469,0.096289,0.090887,0.096406,0.097812,0.088034,0.096822,0.091414,0.090116,0.094059,0.097826,0.096325,0.117718,0.096575,0.098153
find_covered_races_time,0.014666,0.027847,0.024529,0.027460,0.030832,0.030057,0.032313,0.034991,0.039540,0.043262,0.047284,0.110935,0.016862,0.026389,0.023107,0.028884,0.031868,0.045019,0.059569,0.083176,0.105077,0.118184,0.122639,0.321006
per_packet_inconsistent_time_sec,0.003029,0.009630,0.014323,0.022289,0.028921,0.033419,0.035310,0.039354,0.049073,0.059738,0.066504,0.165952,0.003976,0.010281,0.015024,0.025220,0.033573,0.053779,0.072131,0.096159,0.114207,0.135256,0.139479,0.317989
find_inconsistent_update_time_sec,-0.000101,-0.000111,-0.000106,-0.000112,-0.000123,-0.000120,-0.000155,-0.000132,-0.000130,-0.000142,-0.000148,-0.000191,-0.000102,-0.000111,-0.000108,-0.000974,-0.002105,-0.004233,-0.007492,-0.009501,-0.011237,-0.013326,-0.012986,-0.036829
