key/t,False-0,False-1,False-2,False-3,False-4,False-5,False-6,False-7,False-8,False-9,False-10,False-inf,True-0,True-1,True-2,True-3,True-4,True-5,True-6,True-7,True-8,True-9,True-10,True-inf
total_time_sec,6.357308,6.547109,9.368728,8.325274,10.258789,14.431887,11.324443,10.042426,12.155994,11.134120,11.827848,7.789176,6.487013,6.121791,6.474357,10.933959,10.575540,11.142676,11.448767,10.641646,11.711823,16.898444,10.961737,10.418381
load_time_sec,3.383165,3.696356,5.187562,3.458306,5.610979,4.770817,3.943427,3.788463,3.563527,4.048711,5.406370,3.496556,3.336970,3.311279,3.796542,4.676011,4.138647,4.586956,3.607576,3.650626,3.485445,5.055827,3.570289,5.755421
detect_races_time_sec,1.149894,1.021685,1.663766,0.927955,1.146367,1.876562,0.900363,0.883081,0.895728,0.876231,1.471205,0.853902,1.325319,0.972848,0.937340,1.756343,1.370498,1.475349,1.685204,0.915204,1.008380,1.621402,0.826051,0.993469
extract_traces_time_sec,0.903170,0.156476,0.105894,0.095754,0.083930,0.128813,0.066208,0.065304,0.061721,0.057205,0.055171,0.058170,0.914583,0.160443,0.105502,0.150479,0.089197,0.132648,0.071229,0.065991,0.071592,0.106852,0.055190,0.062197
find_reactive_cmds_time_sec,0.003174,0.003179,0.004791,0.005951,0.002783,0.005530,0.003149,0.003173,0.002983,0.002719,0.002248,0.002420,0.003254,0.003188,0.003397,0.005238,0.002801,0.004793,0.002670,0.002492,0.003445,0.004870,0.002721,0.002460
find_proactive_cmds_time_sec,0.094560,0.085652,0.086315,0.095039,0.089283,0.149394,0.089214,0.085662,0.086581,0.084690,0.088174,0.088824,0.091929,0.087706,0.090070,0.140377,0.103545,0.131411,0.096097,0.091732,0.104081,0.133432,0.085393,0.099906
find_covered_races_time,0.821466,1.528839,2.203717,3.561343,3.058969,6.927635,5.911294,4.773384,6.991476,5.505667,4.209741,2.622321,0.813173,1.533362,1.429252,3.855437,4.375354,4.356728,5.599290,5.457078,6.501302,9.138059,5.561631,2.812163
per_packet_inconsistent_time_sec,0.001837,0.054157,0.114657,0.178024,0.262928,0.565208,0.406216,0.437092,0.549528,0.554478,0.590786,0.662487,0.001726,0.052207,0.110240,0.344436,0.487401,0.448693,0.380554,0.451738,0.531025,0.832879,0.850651,0.687701
find_inconsistent_update_time_sec,-0.000005,-0.000729,-0.001992,-0.002860,-0.003506,-0.007866,-0.004530,-0.006222,-0.004393,-0.004373,-0.004102,-0.004455,-0.000021,-0.000719,-0.001973,-0.005580,-0.008030,-0.006029,-0.006093,-0.006739,-0.006509,-0.005080,-0.009744,-0.005020
