key/t,False-0,False-1,False-2,False-3,False-4,False-5,False-6,False-7,False-8,False-9,False-10,False-inf,True-0,True-1,True-2,True-3,True-4,True-5,True-6,True-7,True-8,True-9,True-10,True-inf
total_time_sec,7.322829,8.232630,7.721654,9.522096,10.271958,11.165767,16.224292,30.490093,15.605265,14.751945,15.322037,18.503841,14.608946,10.775490,9.494473,9.220045,11.051401,11.783229,12.615909,13.007056,13.608196,15.088886,14.918370,14.856094
load_time_sec,3.330893,3.555211,3.325705,3.680799,3.484619,3.499227,5.977734,7.484137,4.337369,4.261723,4.438990,7.375141,6.864086,3.729760,3.963453,3.472763,3.955036,3.537531,3.618466,3.484023,3.377796,3.653576,3.916382,5.323795
detect_races_time_sec,1.181627,1.019200,0.948848,0.958788,0.955406,0.903012,1.846157,2.308893,1.255122,0.959363,1.179224,2.378230,2.475751,1.196946,1.014519,0.949874,0.916485,0.896026,1.014834,0.895872,0.887804,0.939156,1.207687,1.985853
extract_traces_time_sec,0.926922,0.176154,0.101534,0.094775,0.072476,0.078262,0.092735,0.162763,0.066125,0.061320,0.066548,0.121008,1.662461,0.170257,0.118621,0.129950,0.077301,0.082631,0.079876,0.066421,0.073924,0.059575,0.112399,0.113321
find_reactive_cmds_time_sec,0.004008,0.003175,0.003035,0.003341,0.002811,0.002739,0.003344,0.012224,0.002575,0.003265,0.002382,0.005649,0.005542,0.003794,0.003822,0.003713,0.002948,0.002999,0.004029,0.002387,0.003394,0.004998,0.005476,0.005314
find_proactive_cmds_time_sec,0.088256,0.092006,0.093924,0.111788,0.095026,0.097295,0.130204,0.237009,0.131248,0.090101,0.110596,0.164977,0.135381,0.100498,0.116562,0.091558,0.099242,0.092793,0.108308,0.090468,0.100950,0.098327,0.151007,0.196163
find_covered_races_time,0.818829,1.582050,1.422361,2.380214,3.072176,3.777537,5.019982,13.517067,5.809060,5.069503,4.812577,3.897511,1.677325,2.387651,1.823000,2.203840,3.423500,4.077730,4.510068,4.915568,5.433838,5.715866,5.288036,3.280700
per_packet_inconsistent_time_sec,0.001545,0.050074,0.103698,0.177275,0.245149,0.306546,0.390170,0.832562,0.695086,0.633492,0.842846,0.725923,0.002588,0.114310,0.112319,0.177462,0.252175,0.334023,0.390113,0.482117,0.522137,0.818489,0.638052,0.734057
find_inconsistent_update_time_sec,-0.000022,-0.001300,-0.004763,-0.003397,-0.003791,-0.003800,-0.004301,-0.004480,-0.007439,-0.005322,-0.008824,-0.004165,-0.000037,-0.001325,-0.001851,-0.003363,-0.005025,-0.004514,-0.004920,-0.012330,-0.007297,-0.010133,-0.005674,-0.005013
