key/t,False-0,False-1,False-2,False-3,False-4,False-5,False-6,False-7,False-8,False-9,False-10,False-inf,True-0,True-1,True-2,True-3,True-4,True-5,True-6,True-7,True-8,True-9,True-10,True-inf
total_time_sec,7.738635,8.289583,7.975167,8.836966,11.170838,12.757781,15.169897,17.820755,18.492580,18.065739,19.732211,33.900060,13.540233,7.968607,7.948473,9.139843,11.369080,11.995110,16.723779,15.361322,15.049066,14.447718,15.806569,12.710291
load_time_sec,3.537099,3.572782,3.417570,3.402214,3.734162,3.424264,3.904328,4.329460,3.518071,3.445974,4.053630,6.319486,5.982701,3.430694,3.465462,3.305791,4.282811,3.420717,5.976632,3.899351,3.907766,3.827549,3.949640,4.395366
detect_races_time_sec,1.307806,1.074413,0.981983,0.906585,0.952239,1.003770,0.964108,1.148057,0.869245,0.871777,0.977081,1.766243,2.444519,1.013792,0.974317,0.948463,0.949479,1.107988,1.681266,0.980706,0.872175,0.869193,0.871614,0.887980
extract_traces_time_sec,0.943777,0.170534,0.106707,0.087283,0.080232,0.076019,0.072918,0.092832,0.063056,0.062113,0.060289,0.098366,1.575053,0.160011,0.105703,0.088021,0.081073,0.076050,0.075359,0.067108,0.067249,0.062872,0.055790,0.056669
find_reactive_cmds_time_sec,0.004076,0.004102,0.003263,0.002968,0.002866,0.002646,0.004342,0.004702,0.002433,0.002340,0.002656,0.003841,0.006507,0.003106,0.003005,0.003082,0.003026,0.003128,0.003252,0.002622,0.002988,0.003275,0.002383,0.002226
find_proactive_cmds_time_sec,0.091308,0.098971,0.090206,0.087741,0.096529,0.096261,0.100131,0.100289,0.101677,0.090729,0.104310,0.140838,0.143064,0.092037,0.096105,0.092455,0.094122,0.093225,0.101239,0.099617,0.101814,0.099095,0.083743,0.091577
find_covered_races_time,0.872180,1.583450,1.471215,2.136839,3.131440,3.853881,4.607584,5.077117,5.019578,4.901679,5.234898,5.929188,1.671528,1.531921,1.413905,2.093453,3.338838,3.999951,5.504122,6.535780,5.871421,5.514964,5.042965,2.800320
per_packet_inconsistent_time_sec,0.001920,0.049545,0.109015,0.167150,0.250426,0.355854,0.441834,0.464796,0.522871,0.541182,0.604711,1.848969,0.003698,0.052805,0.109537,0.164917,0.251962,0.342306,0.437010,0.449716,0.563213,0.576376,0.613107,1.051526
find_inconsistent_update_time_sec,-0.000023,-0.000971,-0.002193,-0.003958,-0.004855,-0.004013,-0.005174,-0.004857,-0.004196,-0.004118,-0.004089,-0.011419,-0.000051,-0.000710,-0.001879,-0.002642,-0.004017,-0.004295,-0.005029,-0.005134,-0.007543,-0.004860,-0.006127,-0.005514
