key/t,False-0,False-1,False-2,False-3,False-4,False-5,False-6,False-7,False-8,False-9,False-10,False-inf,True-0,True-1,True-2,True-3,True-4,True-5,True-6,True-7,True-8,True-9,True-10,True-inf
total_time_sec,11.248851,13.006849,13.380913,12.528708,12.221866,11.291401,10.073281,8.709873,7.897865,12.935863,7.861483,7.947673,11.025527,13.192233,12.935145,16.079940,12.137738,11.112660,10.083782,8.654517,7.775136,12.981156,7.729887,7.227041
load_time_sec,3.471351,3.174375,3.244748,3.228521,3.555599,3.339221,3.338187,3.285465,3.470957,3.386404,3.380400,3.644125,3.484675,3.332542,3.386685,4.425879,3.398767,3.342415,3.504156,3.310888,3.218300,3.406757,3.349303,3.400819
detect_races_time_sec,0.863453,0.846379,0.835930,0.835471,0.888977,0.884735,0.929134,0.929389,0.939352,0.851251,0.987532,1.192878,0.855987,0.849536,0.902809,1.899506,0.889899,0.909646,0.906930,0.934434,0.915935,0.869852,0.958657,1.140349
extract_traces_time_sec,0.055790,0.054828,0.060380,0.062544,0.068970,0.070965,0.082096,0.085538,0.098304,0.055042,0.152343,0.884559,0.053478,0.060705,0.060974,0.121423,0.068629,0.075800,0.080000,0.083305,0.094512,0.055874,0.163106,0.894906
find_reactive_cmds_time_sec,0.002589,0.002190,0.002619,0.002445,0.003009,0.003282,0.004124,0.002784,0.003289,0.002045,0.003653,0.004597,0.002110,0.002403,0.002507,0.005663,0.002599,0.004034,0.002880,0.003475,0.003042,0.002643,0.003141,0.004457
find_proactive_cmds_time_sec,0.088746,0.078906,0.090848,0.093587,0.101156,0.089824,0.098318,0.087295,0.095933,0.083132,0.085542,0.095481,0.092201,0.096159,0.092933,0.159839,0.087138,0.089757,0.093964,0.085759,0.082590,0.085836,0.087128,0.087431
find_covered_races_time,2.717568,5.027205,5.097315,4.884891,4.361676,3.913736,3.020421,2.043393,1.398586,4.755948,1.487433,0.842786,2.569955,4.894360,4.753749,5.651004,4.590365,3.882190,2.884679,2.112855,1.511735,4.393342,1.550330,0.787347
per_packet_inconsistent_time_sec,0.742645,0.561667,0.499293,0.469541,0.381825,0.314698,0.252781,0.170076,0.120149,0.600467,0.050028,0.003639,0.646954,0.568498,0.488089,0.548387,0.383622,0.313165,0.239594,0.170217,0.123607,0.619717,0.049915,0.000749
find_inconsistent_update_time_sec,-0.007402,-0.013943,-0.007157,-0.005183,-0.006712,-0.004391,-0.003805,-0.002271,-0.001942,-0.005511,-0.000712,-0.000036,-0.004117,-0.005202,-0.005307,-0.005017,-0.004254,-0.004245,-0.003536,-0.002567,-0.002200,-0.004538,-0.000667,-0.000021
