key/t,False-0,False-1,False-2,False-3,False-4,False-5,False-6,False-7,False-8,False-9,False-10,False-inf,True-0,True-1,True-2,True-3,True-4,True-5,True-6,True-7,True-8,True-9,True-10,True-inf
total_time_sec,7.227041,7.729887,7.775136,8.654517,10.083782,11.112660,12.137738,16.079940,12.935145,13.192233,12.981156,11.025527,7.947673,7.861483,7.897865,8.709873,10.073281,11.291401,12.221866,12.528708,13.380913,13.006849,12.935863,11.248851
load_time_sec,3.400819,3.349303,3.218300,3.310888,3.504156,3.342415,3.398767,4.425879,3.386685,3.332542,3.406757,3.484675,3.644125,3.380400,3.470957,3.285465,3.338187,3.339221,3.555599,3.228521,3.244748,3.174375,3.386404,3.471351
detect_races_time_sec,1.140349,0.958657,0.915935,0.934434,0.906930,0.909646,0.889899,1.899506,0.902809,0.849536,0.869852,0.855987,1.192878,0.987532,0.939352,0.929389,0.929134,0.884735,0.888977,0.835471,0.835930,0.846379,0.851251,0.863453
extract_traces_time_sec,0.894906,0.163106,0.094512,0.083305,0.080000,0.075800,0.068629,0.121423,0.060974,0.060705,0.055874,0.053478,0.884559,0.152343,0.098304,0.085538,0.082096,0.070965,0.068970,0.062544,0.060380,0.054828,0.055042,0.055790
find_reactive_cmds_time_sec,0.004457,0.003141,0.003042,0.003475,0.002880,0.004034,0.002599,0.005663,0.002507,0.002403,0.002643,0.002110,0.004597,0.003653,0.003289,0.002784,0.004124,0.003282,0.003009,0.002445,0.002619,0.002190,0.002045,0.002589
find_proactive_cmds_time_sec,0.087431,0.087128,0.082590,0.085759,0.093964,0.089757,0.087138,0.159839,0.092933,0.096159,0.085836,0.092201,0.095481,0.085542,0.095933,0.087295,0.098318,0.089824,0.101156,0.093587,0.090848,0.078906,0.083132,0.088746
find_covered_races_time,0.787347,1.550330,1.511735,2.112855,2.884679,3.882190,4.590365,5.651004,4.753749,4.894360,4.393342,2.569955,0.842786,1.487433,1.398586,2.043393,3.020421,3.913736,4.361676,4.884891,5.097315,5.027205,4.755948,2.717568
per_packet_inconsistent_time_sec,0.000749,0.049915,0.123607,0.170217,0.239594,0.313165,0.383622,0.548387,0.488089,0.568498,0.619717,0.646954,0.003639,0.050028,0.120149,0.170076,0.252781,0.314698,0.381825,0.469541,0.499293,0.561667,0.600467,0.742645
find_inconsistent_update_time_sec,-0.000021,-0.000667,-0.002200,-0.002567,-0.003536,-0.004245,-0.004254,-0.005017,-0.005307,-0.005202,-0.004538,-0.004117,-0.000036,-0.000712,-0.001942,-0.002271,-0.003805,-0.004391,-0.006712,-0.005183,-0.007157,-0.013943,-0.005511,-0.007402
