key/t,False-0,False-1,False-2,False-3,False-4,False-5,False-6,False-7,False-8,False-9,False-10,False-inf
total_time_sec,0.433145,0.433500,0.438933,0.437486,0.440427,0.447379,0.445086,0.438819,0.440510,0.437330,0.445671,0.471009
load_time_sec,0.236916,0.238381,0.241558,0.236921,0.237986,0.238497,0.237429,0.240359,0.236067,0.236108,0.236557,0.240959
detect_races_time_sec,0.044548,0.043821,0.044131,0.043394,0.043250,0.042827,0.041836,0.042643,0.040802,0.040251,0.039473,0.035059
extract_traces_time_sec,0.036641,0.017676,0.017916,0.017381,0.017052,0.016492,0.016295,0.016156,0.015316,0.014834,0.014175,0.011126
find_reactive_cmds_time_sec,0.000240,0.000233,0.000223,0.000229,0.000222,0.000226,0.000220,0.000223,0.000220,0.000213,0.000215,0.000207
find_proactive_cmds_time_sec,0.010487,0.027271,0.028276,0.028050,0.028213,0.027174,0.026982,0.011283,0.011264,0.011094,0.011069,0.010897
find_covered_races_time,0.103875,0.104920,0.105245,0.109105,0.110805,0.118177,0.117966,0.122994,0.129890,0.127524,0.134649,0.152825
per_packet_inconsistent_time_sec,0.000400,0.001152,0.001535,0.002358,0.002849,0.003932,0.004304,0.005064,0.006884,0.007237,0.009452,0.019820
find_inconsistent_update_time_sec,-0.000007,-0.000010,-0.000012,-0.000015,-0.000016,-0.000021,-0.000022,-0.000028,-0.000034,-0.000037,-0.000045,-0.000084
