key/t,False-0,False-1,False-2,False-3,False-4,False-5,False-6,False-7,False-8,False-9,False-10,False-inf
total_time_sec,0.089049,0.081558,0.082130,0.085193,0.088325,0.083190,0.087427,0.084693,0.085027,0.083804,0.083232,0.098877
load_time_sec,0.062292,0.054904,0.054774,0.057455,0.059488,0.055744,0.056312,0.056697,0.055586,0.055241,0.054892,0.069345
detect_races_time_sec,0.009292,0.009059,0.008986,0.008864,0.009979,0.008847,0.008726,0.008888,0.009437,0.008891,0.008372,0.008350
extract_traces_time_sec,0.003066,0.002819,0.002818,0.002868,0.002658,0.002662,0.003778,0.002620,0.002350,0.002623,0.002265,0.002852
find_reactive_cmds_time_sec,0.000180,0.000179,0.000218,0.000184,0.000182,0.000198,0.000272,0.000195,0.000192,0.000200,0.000180,0.000268
find_proactive_cmds_time_sec,0.011244,0.010853,0.011311,0.011025,0.011434,0.011214,0.013257,0.011063,0.011982,0.011009,0.011422,0.011363
find_covered_races_time,0.002831,0.003339,0.003583,0.004247,0.004051,0.004013,0.004481,0.004554,0.004730,0.005080,0.005241,0.005669
per_packet_inconsistent_time_sec,0.000105,0.000363,0.000399,0.000505,0.000490,0.000470,0.000553,0.000632,0.000695,0.000713,0.000808,0.000979
find_inconsistent_update_time_sec,-0.000005,-0.000011,-0.000011,-0.000012,-0.000012,-0.000011,-0.000016,-0.000012,-0.000025,-0.000015,-0.000017,-0.000022
