key/t,False-0,False-1,False-2,False-3,False-4,False-5,False-6,False-7,False-8,False-9,False-10,False-inf,True-0,True-1,True-2,True-3,True-4,True-5,True-6,True-7,True-8,True-9,True-10,True-inf
total_time_sec,0.513950,0.496749,0.481715,0.497536,0.483570,0.467085,0.470484,0.462077,0.480199,0.476130,0.474763,0.526400,0.470259,0.479713,0.469576,0.496019,0.506693,0.581085,0.585573,0.625369,0.651419,0.665596,0.706244,0.588859
load_time_sec,0.273647,0.281092,0.265696,0.270628,0.274373,0.254644,0.257776,0.256473,0.263450,0.265825,0.256211,0.273795,0.260294,0.267938,0.261653,0.269152,0.266262,0.267317,0.264827,0.269094,0.275440,0.274755,0.280949,0.263664
detect_races_time_sec,0.054322,0.048568,0.047719,0.048879,0.047125,0.045255,0.044477,0.045180,0.043124,0.043175,0.042538,0.042554,0.047174,0.046941,0.048184,0.045898,0.046473,0.047232,0.046884,0.047428,0.046082,0.045155,0.047013,0.039020
extract_traces_time_sec,0.040698,0.022477,0.020609,0.019320,0.020364,0.018406,0.019250,0.017314,0.018300,0.017463,0.016333,0.013562,0.039047,0.022293,0.020481,0.020044,0.020584,0.019078,0.019930,0.018715,0.018786,0.018447,0.017550,0.013736
find_reactive_cmds_time_sec,0.000263,0.000319,0.000262,0.000283,0.000287,0.000304,0.000279,0.000252,0.000301,0.000277,0.000288,0.000270,0.000259,0.000298,0.000290,0.000278,0.000288,0.000327,0.000290,0.000283,0.000285,0.000282,0.000294,0.000262
find_proactive_cmds_time_sec,0.011700,0.026856,0.027608,0.028037,0.025590,0.025614,0.027452,0.013547,0.012757,0.011213,0.011657,0.012654,0.012174,0.027586,0.026375,0.026338,0.028419,0.027401,0.027431,0.013758,0.012446,0.011857,0.011734,0.011362
find_covered_races_time,0.132859,0.116367,0.118263,0.128207,0.112920,0.119289,0.117602,0.124506,0.135938,0.131533,0.139043,0.166683,0.110850,0.113517,0.111105,0.132067,0.141806,0.214433,0.222070,0.270298,0.291079,0.307773,0.339626,0.240264
per_packet_inconsistent_time_sec,0.000407,0.001010,0.001496,0.002119,0.002841,0.003499,0.003574,0.004728,0.006256,0.006560,0.008616,0.016780,0.000402,0.001080,0.001426,0.002146,0.002761,0.005192,0.004043,0.005674,0.007188,0.007218,0.008957,0.020411
find_inconsistent_update_time_sec,-0.000006,-0.000008,-0.000008,-0.000010,-0.000012,-0.000015,-0.000014,-0.000017,-0.000021,-0.000023,-0.000027,-0.000050,-0.000006,-0.000008,-0.000008,-0.000043,-0.000047,-0.000053,-0.000047,-0.000058,-0.000057,-0.000056,-0.000064,-0.000087
