key/t,False-0,False-1,False-2,False-3,False-4,False-5,False-6,False-7,False-8,False-9,False-10,False-inf
total_time_sec,0.078404,0.078652,0.071299,0.077873,0.079345,0.077795,0.100826,0.078504,0.073645,0.069077,0.071056,0.072365
load_time_sec,0.055099,0.054936,0.049534,0.054262,0.055219,0.054117,0.074498,0.054694,0.052715,0.048089,0.048858,0.049514
detect_races_time_sec,0.010509,0.010162,0.009054,0.009856,0.010103,0.009876,0.011168,0.009728,0.008262,0.008111,0.008397,0.008126
extract_traces_time_sec,0.005038,0.004805,0.004334,0.004524,0.004614,0.004563,0.004773,0.004425,0.003755,0.003668,0.003957,0.003816
find_reactive_cmds_time_sec,0.000325,0.000313,0.000274,0.000303,0.000308,0.000309,0.000344,0.000307,0.000263,0.000263,0.000287,0.000287
find_proactive_cmds_time_sec,0.004205,0.004250,0.003883,0.004097,0.004194,0.004119,0.004445,0.004162,0.003765,0.003775,0.004071,0.003898
find_covered_races_time,0.003094,0.003720,0.003783,0.004289,0.004342,0.004272,0.004949,0.004570,0.004255,0.004506,0.004755,0.005807
per_packet_inconsistent_time_sec,0.000114,0.000440,0.000412,0.000515,0.000536,0.000513,0.000620,0.000591,0.000603,0.000637,0.000701,0.000881
find_inconsistent_update_time_sec,0.000008,0.000013,0.000012,0.000015,0.000015,0.000015,0.000016,0.000016,0.000016,0.000017,0.000017,0.000024
