key/t,False-0,False-1,False-2,False-3,False-4,False-5,False-6,False-7,False-8,False-9,False-10,False-inf
total_time_sec,0.058453,0.057455,0.054297,0.058445,0.057845,0.058741,0.057796,0.058132,0.057242,0.056813,0.057068,0.056498
load_time_sec,0.039523,0.038815,0.038780,0.039689,0.039254,0.040000,0.039451,0.039664,0.039330,0.038992,0.039195,0.038873
detect_races_time_sec,0.010132,0.009881,0.008621,0.009856,0.009754,0.009856,0.009561,0.009602,0.009300,0.009309,0.009333,0.008866
extract_traces_time_sec,0.004730,0.004430,0.003413,0.004367,0.004356,0.004348,0.004232,0.004265,0.003900,0.003822,0.003816,0.003809
find_reactive_cmds_time_sec,0.000221,0.000218,0.000169,0.000224,0.000218,0.000219,0.000219,0.000221,0.000214,0.000215,0.000226,0.000216
find_proactive_cmds_time_sec,0.003718,0.003679,0.002964,0.003748,0.003710,0.003763,0.003709,0.003752,0.003737,0.003691,0.003697,0.003647
find_covered_races_time,0.000001,0.000001,0.000000,0.000002,0.000001,0.000002,0.000001,0.000002,0.000001,0.000001,0.000001,0.000001
per_packet_inconsistent_time_sec,0.000110,0.000407,0.000331,0.000532,0.000525,0.000527,0.000595,0.000598,0.000730,0.000753,0.000771,0.001048
find_inconsistent_update_time_sec,0.000008,0.000012,0.000010,0.000015,0.000015,0.000014,0.000016,0.000016,0.000019,0.000019,0.000019,0.000025
