key/t,False-0,False-1,False-2,False-3,False-4,False-5,False-6,False-7,False-8,False-9,False-10,False-inf
total_time_sec,0.088554,0.084824,0.084433,0.084840,0.084810,0.085519,0.085050,0.096830,0.087726,0.085241,0.086774,0.085130
load_time_sec,0.057157,0.056489,0.056116,0.056513,0.056506,0.056102,0.056658,0.065655,0.056926,0.056542,0.056977,0.055337
detect_races_time_sec,0.011838,0.009240,0.009043,0.008986,0.008939,0.008870,0.008895,0.011214,0.008833,0.008353,0.008618,0.008185
extract_traces_time_sec,0.003581,0.002833,0.002962,0.002736,0.002841,0.002809,0.002563,0.002530,0.002284,0.002279,0.002302,0.002279
find_reactive_cmds_time_sec,0.000206,0.000180,0.000183,0.000179,0.000181,0.000190,0.000197,0.000181,0.000183,0.000178,0.000200,0.000176
find_proactive_cmds_time_sec,0.011643,0.012301,0.012028,0.011887,0.011792,0.011913,0.011681,0.012116,0.011810,0.012115,0.012527,0.012162
find_covered_races_time,0.003947,0.003351,0.003607,0.003893,0.003925,0.004869,0.004377,0.004472,0.006552,0.004923,0.005287,0.005886
per_packet_inconsistent_time_sec,0.000132,0.000388,0.000450,0.000592,0.000581,0.000709,0.000633,0.000617,0.001073,0.000805,0.000817,0.001051
find_inconsistent_update_time_sec,-0.000009,-0.000011,-0.000011,-0.000013,-0.000013,-0.000017,-0.000014,-0.000013,-0.000022,-0.000016,-0.000015,-0.000023
