key/t,False-0,False-1,False-2,False-3,False-4,False-5,False-6,False-7,False-8,False-9,False-10,False-inf
total_time_sec,0.091143,0.095278,0.099077,0.097249,0.090848,0.102450,0.091824,0.086070,0.096061,0.085980,0.095410,0.091099
load_time_sec,0.061653,0.064922,0.068059,0.064469,0.058116,0.069139,0.063316,0.056067,0.062361,0.057136,0.062702,0.060001
detect_races_time_sec,0.009774,0.009855,0.009611,0.010107,0.012214,0.011116,0.009215,0.009658,0.011517,0.008635,0.008895,0.009433
extract_traces_time_sec,0.003121,0.003135,0.003644,0.002752,0.003217,0.003505,0.002620,0.002651,0.003196,0.002379,0.002686,0.002428
find_reactive_cmds_time_sec,0.000193,0.000257,0.000240,0.000198,0.000211,0.000279,0.000193,0.000266,0.000241,0.000180,0.000215,0.000192
find_proactive_cmds_time_sec,0.013215,0.012322,0.013067,0.014178,0.012611,0.013658,0.011165,0.011837,0.013076,0.011792,0.014592,0.011952
find_covered_races_time,0.003013,0.004126,0.003915,0.004654,0.003901,0.004148,0.004637,0.004896,0.004802,0.004966,0.005291,0.005942
per_packet_inconsistent_time_sec,0.000130,0.000598,0.000482,0.000825,0.000532,0.000556,0.000633,0.000649,0.000813,0.000844,0.000957,0.001094
find_inconsistent_update_time_sec,-0.000009,-0.000015,-0.000013,-0.000020,-0.000013,-0.000013,-0.000014,-0.000013,-0.000016,-0.000016,-0.000026,-0.000023
