key/t,False-0,False-1,False-2,False-3,False-4,False-5,False-6,False-7,False-8,False-9,False-10,False-inf,True-0,True-1,True-2,True-3,True-4,True-5,True-6,True-7,True-8,True-9,True-10,True-inf
total_time_sec,5.013697,5.033753,4.970000,8.235073,10.219679,9.045922,5.136639,5.420669,5.265238,5.302174,5.279681,5.447141,4.673344,4.729727,5.006333,4.788396,5.630291,4.857495,4.694823,4.679512,4.784688,5.114110,4.984613,5.230283
load_time_sec,3.791544,3.775017,3.804912,5.846542,7.818926,7.706204,3.893825,4.149251,3.913274,3.933983,3.915631,3.932753,3.861485,3.899537,4.180723,3.924949,4.788884,3.984364,3.856134,3.793798,3.853247,4.060753,3.901120,3.858465
detect_races_time_sec,0.723032,0.697764,0.680503,1.397924,1.399660,0.783386,0.643812,0.640612,0.649845,0.630836,0.633450,0.586958,0.630917,0.633437,0.627765,0.653276,0.620915,0.641920,0.587997,0.593435,0.584036,0.592186,0.584218,0.574719
extract_traces_time_sec,0.134292,0.129152,0.111542,0.200712,0.196390,0.099606,0.100626,0.094979,0.090387,0.106003,0.082051,0.081331,0.041894,0.044636,0.040611,0.040865,0.040783,0.041726,0.036322,0.035034,0.034240,0.038180,0.034235,0.034287
find_reactive_cmds_time_sec,0.004685,0.004606,0.004165,0.008580,0.007818,0.004343,0.004631,0.004657,0.004543,0.004904,0.004054,0.004142,0.005519,0.005601,0.004047,0.004185,0.005010,0.005157,0.004404,0.004372,0.004409,0.004341,0.004295,0.004818
find_proactive_cmds_time_sec,0.168656,0.159301,0.084143,0.142056,0.138477,0.082244,0.082291,0.087372,0.084952,0.091799,0.081164,0.083450,0.086960,0.086610,0.085415,0.087097,0.088642,0.086216,0.083025,0.085702,0.084771,0.090231,0.086113,0.090102
find_covered_races_time,0.190081,0.261124,0.275595,0.616641,0.634816,0.358088,0.395871,0.425740,0.489810,0.510810,0.537252,0.678100,0.045692,0.054900,0.060600,0.070266,0.076326,0.086476,0.111106,0.146612,0.198452,0.297237,0.337532,0.537988
per_packet_inconsistent_time_sec,0.001344,0.006660,0.009006,0.022282,0.023218,0.011800,0.015150,0.017625,0.031901,0.023347,0.025483,0.077191,0.000815,0.004873,0.007034,0.007558,0.009731,0.011361,0.014942,0.018797,0.023564,0.028325,0.033152,0.120219
find_inconsistent_update_time_sec,-0.000028,-0.000095,-0.000100,-0.000283,-0.000319,-0.000217,-0.000397,-0.000397,-0.000450,-0.000444,-0.000559,-0.003173,-0.000025,-0.000102,-0.000104,-0.000167,0.000000,-0.000241,-0.000857,-0.001725,-0.001932,-0.002818,-0.003907,-0.009636
