key/t,False-0,False-1,False-2,False-3,False-4,False-5,False-6,False-7,False-8,False-9,False-10,False-inf,True-0,True-1,True-2,True-3,True-4,True-5,True-6,True-7,True-8,True-9,True-10,True-inf
total_time_sec,3.876433,3.814361,3.830873,3.781464,3.787844,3.827929,3.777525,3.825715,4.014642,3.984104,4.011093,4.516682,3.779780,3.932874,3.760219,3.751726,3.759853,3.788275,3.768687,3.903443,3.900451,3.855250,3.869467,4.098871
load_time_sec,3.231540,3.144668,3.171620,3.141494,3.127458,3.163639,3.122056,3.167497,3.249609,3.215228,3.191130,3.136690,3.209043,3.342955,3.169398,3.136855,3.159639,3.175759,3.166624,3.264233,3.265883,3.160206,3.140550,3.106640
detect_races_time_sec,0.501382,0.513818,0.511312,0.487683,0.499969,0.493891,0.484581,0.483918,0.531918,0.516836,0.520766,0.476304,0.505978,0.518460,0.516158,0.524062,0.504500,0.509851,0.499515,0.522531,0.487834,0.512441,0.512035,0.494727
extract_traces_time_sec,0.059404,0.043367,0.032831,0.029828,0.029403,0.032028,0.029511,0.026643,0.031364,0.027504,0.027923,0.024932,0.024734,0.016517,0.014384,0.019283,0.016199,0.015100,0.018446,0.015668,0.015834,0.017205,0.017856,0.014782
find_reactive_cmds_time_sec,0.000470,0.000509,0.000473,0.000550,0.000437,0.000445,0.000470,0.000454,0.000522,0.000639,0.000501,0.000517,0.000549,0.000456,0.000448,0.000656,0.000532,0.000441,0.000458,0.000549,0.000451,0.000524,0.000552,0.000417
find_proactive_cmds_time_sec,0.020187,0.016320,0.021106,0.018346,0.017051,0.016643,0.018409,0.018152,0.018467,0.018497,0.017851,0.018717,0.016760,0.017896,0.018166,0.018084,0.018141,0.016843,0.016876,0.020819,0.016790,0.018402,0.017031,0.037504
find_covered_races_time,0.062808,0.090083,0.084744,0.094129,0.099648,0.108811,0.110134,0.112078,0.156888,0.175140,0.216844,0.752232,0.022038,0.030385,0.033536,0.042164,0.046210,0.055210,0.052443,0.058559,0.085549,0.110760,0.137223,0.300777
per_packet_inconsistent_time_sec,0.000569,0.005508,0.008638,0.009279,0.013566,0.012183,0.012074,0.016597,0.024995,0.028129,0.033234,0.100646,0.000614,0.006119,0.008025,0.010512,0.014397,0.014718,0.013707,0.020174,0.025728,0.031647,0.039798,0.132995
find_inconsistent_update_time_sec,-0.000014,-0.000029,-0.000082,-0.000052,-0.000250,-0.000241,-0.000233,-0.000317,-0.000831,-0.002061,-0.002792,-0.006573,-0.000016,-0.000037,-0.000046,-0.000049,-0.000178,-0.000296,-0.000534,-0.000840,-0.002334,-0.004018,-0.004364,-0.010974
