key/t,False-0,False-1,False-2,False-3,False-4,False-5,False-6,False-7,False-8,False-9,False-10,False-inf,True-0,True-1,True-2,True-3,True-4,True-5,True-6,True-7,True-8,True-9,True-10,True-inf
total_time_sec,4.031063,3.995698,4.028079,4.038471,4.137242,4.111676,4.243719,4.050400,4.200235,4.353880,4.435873,4.381877,3.713165,3.665334,3.672832,3.665847,3.673499,3.698145,3.661383,3.711148,3.808412,3.830410,3.906210,4.043978
load_time_sec,3.109689,3.047848,3.071606,3.051582,3.151858,3.138378,3.216287,3.091144,3.140838,3.267427,3.236207,3.221700,3.102361,3.054755,3.071873,3.048901,3.053378,3.065428,3.011076,3.056380,3.100709,3.050822,3.068381,3.029748
detect_races_time_sec,0.574769,0.566969,0.560801,0.554700,0.555480,0.552831,0.559295,0.517429,0.541685,0.540658,0.636325,0.478305,0.512639,0.507624,0.495434,0.499829,0.500939,0.500467,0.489314,0.479305,0.487348,0.486871,0.495982,0.457139
extract_traces_time_sec,0.160485,0.155626,0.138490,0.140395,0.092292,0.084988,0.088331,0.080686,0.076266,0.071583,0.072762,0.066553,0.035778,0.033992,0.032027,0.033375,0.031841,0.031089,0.030869,0.028228,0.028723,0.027536,0.029101,0.026157
find_reactive_cmds_time_sec,0.003270,0.003395,0.003414,0.002929,0.003387,0.003545,0.003595,0.003324,0.003594,0.003268,0.003710,0.003191,0.003957,0.003648,0.003538,0.003597,0.003337,0.004336,0.003656,0.003226,0.003325,0.003245,0.003304,0.003726
find_proactive_cmds_time_sec,0.017789,0.017342,0.021740,0.016914,0.057051,0.018159,0.018673,0.018199,0.017690,0.020737,0.021966,0.016696,0.019373,0.018757,0.018091,0.018072,0.018448,0.018884,0.018788,0.019091,0.018262,0.019539,0.018410,0.019078
find_covered_races_time,0.164259,0.197844,0.223996,0.262932,0.266761,0.302141,0.343420,0.324660,0.400161,0.429313,0.440745,0.520305,0.038366,0.042167,0.046241,0.055214,0.057924,0.067929,0.094319,0.107655,0.149006,0.215541,0.259125,0.389747
per_packet_inconsistent_time_sec,0.000727,0.006501,0.007878,0.008796,0.010161,0.011332,0.013582,0.014450,0.019389,0.020259,0.023383,0.071556,0.000612,0.004225,0.005467,0.006601,0.007397,0.009694,0.012273,0.015227,0.018688,0.023329,0.027252,0.107415
find_inconsistent_update_time_sec,-0.000015,-0.000116,-0.000103,-0.000174,-0.000181,-0.000250,-0.000487,-0.000446,-0.000558,-0.000577,-0.000718,-0.003509,-0.000016,-0.000114,-0.000101,-0.000196,-0.000173,-0.000253,-0.001028,-0.001976,-0.002289,-0.003465,-0.004592,-0.010911
