key/t,False-0,False-1,False-2,False-3,False-4,False-5,False-6,False-7,False-8,False-9,False-10,False-inf,True-0,True-1,True-2,True-3,True-4,True-5,True-6,True-7,True-8,True-9,True-10,True-inf
total_time_sec,1.649703,1.754688,1.774963,1.884959,1.811642,1.971441,1.961745,1.984318,2.045043,2.026377,2.136299,2.329400,1.756210,1.692856,1.855449,1.780558,2.016886,2.006284,2.315637,2.131356,2.336079,2.662995,2.130093,2.100578
load_time_sec,0.885923,0.853915,0.858223,0.911684,0.852303,0.945031,0.885770,0.861686,0.873256,0.839118,0.852031,0.879441,0.945257,0.873251,0.929441,0.839157,0.996113,0.935000,1.019090,0.889355,1.084525,1.157729,0.886106,0.847123
detect_races_time_sec,0.277411,0.274910,0.271388,0.302301,0.271868,0.265238,0.267576,0.273013,0.270515,0.264004,0.264496,0.271661,0.290109,0.273957,0.282097,0.273130,0.267636,0.270295,0.306136,0.297082,0.285704,0.326036,0.281535,0.263608
extract_traces_time_sec,0.082088,0.027608,0.025127,0.022167,0.021947,0.020000,0.018854,0.018079,0.019582,0.017920,0.017349,0.018706,0.086285,0.026254,0.025992,0.020563,0.020240,0.019601,0.020773,0.019303,0.020336,0.023839,0.020055,0.019402
find_reactive_cmds_time_sec,0.000216,0.000215,0.000214,0.000200,0.000206,0.000000,0.000202,0.000207,0.000204,0.000497,0.000203,0.000221,0.000248,0.000241,0.000299,0.000201,0.000214,0.000228,0.000220,0.000218,0.000228,0.000246,0.000232,0.000204
find_proactive_cmds_time_sec,0.086025,0.141178,0.123608,0.112831,0.116929,0.113198,0.104420,0.105121,0.117665,0.105702,0.110287,0.108687,0.082614,0.106181,0.115077,0.104453,0.120697,0.114495,0.126667,0.121421,0.125179,0.137182,0.127711,0.118155
find_covered_races_time,0.021597,0.042453,0.036504,0.036512,0.035143,0.040569,0.041821,0.047194,0.053967,0.050828,0.053303,0.077126,0.023985,0.031426,0.032278,0.039549,0.051101,0.053508,0.092890,0.068220,0.074603,0.111167,0.075113,0.066861
per_packet_inconsistent_time_sec,0.000697,0.007760,0.008035,0.010700,0.012154,0.015879,0.017554,0.019725,0.024458,0.023470,0.025873,0.034771,0.000704,0.005320,0.008728,0.011136,0.012195,0.015128,0.030938,0.019778,0.032123,0.038516,0.025046,0.033495
find_inconsistent_update_time_sec,-0.000013,-0.000029,-0.000041,-0.000066,-0.000068,-0.000073,-0.000080,-0.000078,-0.000086,0.000000,-0.000085,-0.000282,-0.000012,-0.000027,-0.000040,-0.000128,-0.000167,-0.000176,-0.000330,-0.000177,-0.000229,-0.000305,-0.000208,-0.000423
