key/t,False-0,False-1,False-2,False-3,False-4,False-5,False-6,False-7,False-8,False-9,False-10,False-inf,True-0,True-1,True-2,True-3,True-4,True-5,True-6,True-7,True-8,True-9,True-10,True-inf
total_time_sec,4.246326,3.381559,3.501744,3.687505,3.657295,3.914552,4.052940,4.179765,4.145965,4.524389,5.567267,5.096883,3.793681,4.221524,4.139354,4.117113,3.847366,3.949201,4.302949,4.406518,4.339749,4.746560,4.564018,5.309258
load_time_sec,2.361267,1.709618,1.746722,1.695143,1.765795,1.797825,1.738166,1.718062,1.776117,2.023009,2.220971,2.326876,2.112988,1.844388,2.208968,2.113355,1.827317,1.871844,1.907854,1.689713,2.048166,2.115543,2.075498,1.805037
detect_races_time_sec,0.860043,0.573001,0.574646,0.646443,0.627216,0.575860,0.563105,0.570611,0.614963,0.605878,0.867162,0.628688,0.725467,0.765933,0.661102,0.614276,0.628227,0.610455,0.654308,0.816389,0.639127,0.581865,0.577986,0.902578
extract_traces_time_sec,0.149643,0.051613,0.045391,0.045422,0.039140,0.043549,0.036722,0.036378,0.036791,0.035843,0.044711,0.030344,0.152565,0.082403,0.046411,0.041542,0.059574,0.044821,0.043048,0.038088,0.036152,0.044799,0.042641,0.041984
find_reactive_cmds_time_sec,0.000555,0.000506,0.000537,0.000543,0.000509,0.000514,0.000514,0.000519,0.000500,0.000512,0.000531,0.000433,0.000571,0.000546,0.000493,0.000534,0.000522,0.000553,0.000629,0.000571,0.000528,0.000572,0.000523,0.000494
find_proactive_cmds_time_sec,0.132458,0.151770,0.149172,0.161720,0.148054,0.160833,0.145050,0.160033,0.144739,0.145987,0.213682,0.139414,0.132535,0.230702,0.142490,0.146222,0.191811,0.151024,0.170878,0.151839,0.145280,0.165599,0.228617,0.172228
find_covered_races_time,0.066863,0.071878,0.074912,0.110836,0.079188,0.098172,0.092125,0.106977,0.106400,0.110283,0.115791,0.101815,0.068803,0.092673,0.068157,0.093377,0.101726,0.120337,0.162858,0.138852,0.142168,0.177589,0.176157,0.204820
per_packet_inconsistent_time_sec,0.001809,0.011595,0.017568,0.026051,0.024898,0.038345,0.034931,0.039542,0.041646,0.044139,0.046570,0.082959,0.001717,0.015343,0.010079,0.020368,0.023493,0.029549,0.048515,0.036208,0.040878,0.079780,0.044316,0.073286
find_inconsistent_update_time_sec,-0.000018,-0.000048,-0.000077,-0.000119,-0.000137,-0.000146,-0.000152,-0.000154,-0.000156,-0.000154,-0.000169,-0.000867,-0.000019,-0.000048,-0.000066,-0.000228,-0.000339,-0.000353,-0.000334,-0.000370,-0.000361,-0.000416,-0.000407,-0.000829
