key/t,False-0,False-1,False-2,False-3,False-4,False-5,False-6,False-7,False-8,False-9,False-10,False-inf,True-0,True-1,True-2,True-3,True-4,True-5,True-6,True-7,True-8,True-9,True-10,True-inf
total_time_sec,1.682464,1.810041,1.825662,1.861170,1.932727,2.040847,2.352567,2.134174,2.257949,2.222010,2.480281,2.452659,1.812964,1.809742,1.878811,1.988842,1.909838,2.037972,2.059546,2.160753,2.435491,2.298458,2.309014,2.219452
load_time_sec,0.889625,0.939823,0.893825,0.869886,0.926754,0.889525,0.942543,0.894945,0.913229,0.876000,0.905774,0.904834,1.040693,0.931093,0.912415,0.918038,0.878264,0.945914,0.913017,0.909443,1.032271,0.943386,0.905329,0.898905
detect_races_time_sec,0.287075,0.276057,0.295143,0.273483,0.271705,0.278701,0.293131,0.308009,0.283893,0.282862,0.310899,0.292195,0.281924,0.284560,0.289237,0.289771,0.290224,0.275304,0.299241,0.286705,0.296737,0.281255,0.285488,0.274591
extract_traces_time_sec,0.086542,0.029248,0.024539,0.022910,0.020447,0.020944,0.019144,0.019822,0.020042,0.021936,0.023281,0.018963,0.087480,0.028462,0.026499,0.022519,0.021033,0.020221,0.021083,0.019096,0.021735,0.019372,0.021717,0.019242
find_reactive_cmds_time_sec,0.000215,0.000227,0.000212,0.000215,0.000214,0.000227,0.000221,0.000214,0.000211,0.000197,0.000086,0.000000,0.000000,0.000224,0.000227,0.000225,0.000209,0.000216,0.000206,0.000225,0.000222,0.000207,0.000226,0.000482
find_proactive_cmds_time_sec,0.088031,0.119111,0.111644,0.139998,0.114439,0.119771,0.117878,0.113438,0.115331,0.131604,0.135143,0.118511,0.080635,0.122318,0.121385,0.137421,0.114044,0.113460,0.123209,0.119105,0.124263,0.148962,0.126900,0.124220
find_covered_races_time,0.023001,0.033276,0.034688,0.035968,0.036483,0.040306,0.046320,0.046305,0.051260,0.053355,0.064631,0.057488,0.022066,0.030393,0.034599,0.046505,0.047567,0.054976,0.066862,0.069413,0.076249,0.087552,0.076744,0.068503
per_packet_inconsistent_time_sec,0.000727,0.005722,0.008140,0.010479,0.013049,0.016016,0.017369,0.019686,0.021754,0.022143,0.030138,0.032470,0.000713,0.005960,0.008815,0.011814,0.012030,0.015514,0.017951,0.020303,0.021514,0.024127,0.024997,0.033645
find_inconsistent_update_time_sec,-0.000013,-0.000028,-0.000041,-0.000065,-0.000069,-0.000071,-0.000349,-0.000077,-0.000082,-0.000083,-0.000100,-0.000271,-0.000013,-0.000030,-0.000042,-0.000132,-0.000165,-0.000169,-0.000670,-0.000185,-0.000196,-0.000212,-0.000201,-0.000440
