key/t,False-0,False-1,False-2,False-3,False-4,False-5,False-6,False-7,False-8,False-9,False-10,False-inf,True-0,True-1,True-2,True-3,True-4,True-5,True-6,True-7,True-8,True-9,True-10,True-inf
total_time_sec,1.842096,1.773306,1.788203,1.678293,1.544510,1.590304,1.582959,1.427327,1.484664,1.747073,1.540158,1.569136,1.566618,2.535709,2.192308,2.061364,1.985004,1.619799,1.597293,2.084745,1.830481,1.958093,1.651736,2.824392
load_time_sec,1.118585,1.109038,1.009498,1.131537,1.012505,1.041238,1.038874,0.941097,0.976923,1.137939,0.979329,1.033367,1.076804,1.800280,1.253234,1.499020,1.130031,1.073386,1.017229,1.213698,0.992624,1.352450,1.087292,1.760117
detect_races_time_sec,0.443964,0.455391,0.541182,0.381253,0.360757,0.359880,0.363032,0.302439,0.332563,0.393511,0.345544,0.318427,0.322004,0.467579,0.643319,0.363311,0.508661,0.324112,0.337475,0.511577,0.411638,0.362570,0.320297,0.587064
extract_traces_time_sec,0.099118,0.075890,0.074057,0.037931,0.037965,0.039653,0.035794,0.033036,0.030781,0.037695,0.037569,0.022525,0.043508,0.065020,0.082601,0.043219,0.069932,0.037063,0.036207,0.038251,0.061820,0.032505,0.030889,0.041559
find_reactive_cmds_time_sec,0.001802,0.001539,0.001470,0.000894,0.000886,0.000916,0.000952,0.002266,0.000859,0.000986,0.000996,0.000828,0.000894,0.002025,0.001767,0.000952,0.001635,0.000924,0.000876,0.000870,0.001640,0.000914,0.000861,0.002962
find_proactive_cmds_time_sec,0.142865,0.096057,0.122934,0.082316,0.084342,0.087547,0.083964,0.083570,0.077848,0.095233,0.091657,0.077793,0.076080,0.129566,0.133502,0.090559,0.137115,0.084141,0.084503,0.095243,0.130640,0.086605,0.083859,0.144328
find_covered_races_time,0.034742,0.032299,0.034546,0.036623,0.038968,0.048903,0.046743,0.050883,0.049743,0.060994,0.061912,0.075909,0.045630,0.065585,0.067500,0.053957,0.117118,0.079782,0.102910,0.189291,0.189963,0.102775,0.106903,0.192500
per_packet_inconsistent_time_sec,0.000966,0.003020,0.004443,0.007634,0.008987,0.012063,0.013456,0.013874,0.015786,0.020519,0.022884,0.039884,0.001632,0.005538,0.010269,0.010104,0.020130,0.020169,0.017821,0.035308,0.041380,0.019967,0.021314,0.094746
find_inconsistent_update_time_sec,-0.000013,-0.000035,-0.000038,-0.000061,-0.000063,-0.000068,-0.000104,-0.000126,-0.000124,-0.000158,-0.000212,-0.000366,-0.000019,-0.000064,-0.000066,-0.000204,-0.000326,-0.000184,-0.000235,-0.000454,-0.000721,-0.000270,-0.000283,-0.001062
