key/t,False-0,False-1,False-2,False-3,False-4,False-5,False-6,False-7,False-8,False-9,False-10,False-inf,True-0,True-1,True-2,True-3,True-4,True-5,True-6,True-7,True-8,True-9,True-10,True-inf
total_time_sec,2.089702,2.633552,2.412957,1.778996,1.986288,2.680243,2.005414,2.068809,2.534614,2.745915,2.751628,2.687309,2.600439,2.599690,2.684386,2.847346,2.652959,2.725601,2.668805,2.375638,2.745438,2.816768,2.843348,2.747191
load_time_sec,1.419684,1.734841,1.576710,1.203469,1.226937,1.775225,1.381182,1.464919,1.649787,1.850279,1.822249,1.709154,1.732386,1.711769,1.796267,1.873769,1.740089,1.790344,1.646200,1.516458,1.748946,1.790335,1.789791,1.732244
detect_races_time_sec,0.422134,0.613323,0.637860,0.384564,0.479816,0.613063,0.403451,0.376595,0.582160,0.596303,0.609504,0.598838,0.605119,0.615102,0.622149,0.673382,0.598816,0.603683,0.607175,0.480503,0.603125,0.611237,0.625942,0.573546
extract_traces_time_sec,0.074070,0.081504,0.072723,0.037399,0.067217,0.065178,0.036858,0.035590,0.057821,0.056139,0.055157,0.043224,0.080237,0.075913,0.075158,0.070185,0.065244,0.061636,0.062143,0.063880,0.053438,0.055825,0.055743,0.043621
find_reactive_cmds_time_sec,0.001609,0.001771,0.001989,0.001006,0.001795,0.001778,0.000999,0.001086,0.001794,0.001799,0.001902,0.001709,0.001854,0.001854,0.001828,0.001864,0.001776,0.001748,0.001849,0.001802,0.001787,0.001791,0.001844,0.001736
find_proactive_cmds_time_sec,0.104139,0.113420,0.075726,0.071419,0.112642,0.109850,0.070993,0.091579,0.110283,0.106043,0.111648,0.113419,0.112565,0.113884,0.104917,0.114974,0.107437,0.106568,0.108506,0.111410,0.107314,0.108593,0.109662,0.116754
find_covered_races_time,0.066390,0.079085,0.042170,0.065046,0.081605,0.093998,0.088046,0.084330,0.102960,0.103230,0.113963,0.143562,0.066666,0.074967,0.074509,0.096935,0.119620,0.137165,0.184021,0.165914,0.194605,0.208194,0.217855,0.193551
per_packet_inconsistent_time_sec,0.001619,0.005880,0.005711,0.015941,0.016117,0.020992,0.023660,0.014547,0.029538,0.031845,0.036868,0.076756,0.001553,0.006092,0.009450,0.015841,0.019574,0.024062,0.058418,0.035151,0.035719,0.040224,0.041935,0.084743
find_inconsistent_update_time_sec,-0.000015,-0.003676,-0.000037,-0.000104,-0.000115,-0.000114,-0.000182,-0.000130,-0.000226,-0.000238,-0.000293,-0.000601,-0.000015,-0.000060,-0.000062,-0.000350,-0.000358,-0.000348,-0.000449,-0.000466,-0.000461,-0.000527,-0.000533,-0.000950
