key/t,False-0,False-1,False-2,False-3,False-4,False-5,False-6,False-7,False-8,False-9,False-10,False-inf,True-0,True-1,True-2,True-3,True-4,True-5,True-6,True-7,True-8,True-9,True-10,True-inf
total_time_sec,1.027140,1.096854,1.095404,1.115029,1.100423,1.106225,1.108901,1.108427,1.103964,1.090804,1.086391,1.083639,1.006945,1.084910,1.099004,1.097805,1.098813,1.115374,1.110118,1.104082,1.103922,1.104751,1.093430,1.081386
load_time_sec,0.417098,0.424300,0.410401,0.410826,0.408409,0.422959,0.419477,0.407210,0.404928,0.408807,0.416935,0.413212,0.404927,0.413529,0.407390,0.404574,0.408966,0.406902,0.414764,0.404492,0.405331,0.409287,0.410086,0.407777
detect_races_time_sec,0.550283,0.543515,0.533899,0.535811,0.532475,0.528893,0.530307,0.543405,0.536519,0.526760,0.521722,0.534454,0.547562,0.544074,0.543686,0.540586,0.540077,0.541800,0.540846,0.539456,0.535750,0.541689,0.533347,0.531076
extract_traces_time_sec,0.032796,0.019747,0.014005,0.018384,0.009891,0.008308,0.006993,0.006102,0.005907,0.006469,0.005669,0.004497,0.027677,0.020430,0.013431,0.011063,0.008781,0.007470,0.006790,0.005827,0.005357,0.005144,0.005023,0.003854
find_reactive_cmds_time_sec,0.000259,0.000222,0.000202,0.000384,0.000206,0.000217,0.000194,0.000191,0.000188,0.000236,0.000197,0.000212,0.000210,0.000247,0.000226,0.000199,0.000216,0.000207,0.000200,0.000201,0.000190,0.000200,0.000196,0.000212
find_proactive_cmds_time_sec,0.015285,0.015470,0.015491,0.014982,0.015259,0.013439,0.014396,0.014282,0.014922,0.014267,0.013459,0.014896,0.014154,0.015701,0.014889,0.013570,0.013917,0.013803,0.014301,0.014538,0.015019,0.013440,0.014240,0.015107
find_covered_races_time,0.011143,0.090011,0.115112,0.125801,0.122550,0.118108,0.119661,0.119011,0.121933,0.113116,0.104779,0.081193,0.012083,0.087064,0.113019,0.118968,0.115108,0.130793,0.116838,0.120856,0.122351,0.112681,0.106051,0.083214
per_packet_inconsistent_time_sec,0.000219,0.003102,0.005654,0.007992,0.010576,0.013092,0.016491,0.016740,0.017983,0.019482,0.021902,0.032739,0.000269,0.003289,0.005698,0.007981,0.010665,0.013083,0.014711,0.016774,0.017907,0.019900,0.021985,0.034419
find_inconsistent_update_time_sec,-0.000012,-0.000426,-0.000578,-0.000786,-0.000996,-0.001145,-0.001322,-0.001425,-0.001523,-0.001605,-0.001675,-0.002374,-0.000013,-0.000513,-0.000601,-0.000803,-0.001021,-0.001255,-0.001597,-0.001878,-0.001953,-0.002349,-0.002439,-0.005665
