key/t,False-0,False-1,False-2,False-3,False-4,False-5,False-6,False-7,False-8,False-9,False-10,False-inf
total_time_sec,0.351176,0.363635,0.350339,0.375358,0.362162,0.357889,0.367232,0.369592,0.364843,0.363653,0.356841,0.374538
load_time_sec,0.190116,0.188053,0.185010,0.198003,0.183284,0.180987,0.186436,0.183757,0.182284,0.182477,0.179304,0.192144
detect_races_time_sec,0.110026,0.103367,0.099924,0.102388,0.099530,0.098733,0.097974,0.094534,0.095195,0.096748,0.097372,0.098612
extract_traces_time_sec,0.023630,0.017368,0.009227,0.007608,0.009268,0.006245,0.005509,0.005287,0.005708,0.005170,0.005017,0.005834
find_reactive_cmds_time_sec,0.000241,0.000234,0.000228,0.000233,0.000265,0.000234,0.000227,0.000225,0.000248,0.000226,0.000297,0.000266
find_proactive_cmds_time_sec,0.011430,0.011593,0.011481,0.012045,0.012064,0.013000,0.011584,0.012088,0.012353,0.011712,0.011834,0.011780
find_covered_races_time,0.015446,0.041148,0.041022,0.050589,0.049876,0.052006,0.058811,0.066355,0.061046,0.057202,0.053446,0.053240
per_packet_inconsistent_time_sec,0.000249,0.001821,0.003351,0.004312,0.007332,0.006312,0.006305,0.006970,0.007609,0.009653,0.008968,0.012019
find_inconsistent_update_time_sec,-0.000008,-0.000017,-0.000059,-0.000146,-0.000481,-0.000335,-0.000355,-0.000343,-0.000366,-0.000427,-0.000568,-0.000611
