key/t,False-0,False-1,False-2,False-3,False-4,False-5,False-6,False-7,False-8,False-9,False-10,False-inf
total_time_sec,0.247742,0.237660,0.228882,0.226088,0.224302,0.223376,0.225493,0.223873,0.165869,0.225723,0.224267,0.229406
load_time_sec,0.107370,0.106200,0.107786,0.106850,0.106520,0.105409,0.106643,0.105483,0.077888,0.106828,0.105120,0.107310
detect_races_time_sec,0.107671,0.104557,0.102536,0.101010,0.099966,0.100164,0.100535,0.099514,0.073694,0.099233,0.098936,0.098212
extract_traces_time_sec,0.027852,0.020405,0.010687,0.009101,0.008089,0.007021,0.006612,0.006247,0.004494,0.005872,0.005797,0.005861
find_reactive_cmds_time_sec,0.000249,0.000261,0.000253,0.000248,0.000247,0.000248,0.000248,0.000253,0.000182,0.000250,0.000250,0.000248
find_proactive_cmds_time_sec,0.004338,0.004317,0.004489,0.004468,0.004460,0.004478,0.004519,0.004477,0.003471,0.004430,0.004448,0.004576
find_covered_races_time,0.000001,0.000001,0.000001,0.000001,0.000001,0.000001,0.000001,0.000001,0.000000,0.000001,0.000001,0.000001
per_packet_inconsistent_time_sec,0.000242,0.001885,0.003058,0.004253,0.004786,0.005751,0.006588,0.007468,0.005815,0.008746,0.009285,0.012561
find_inconsistent_update_time_sec,0.000009,0.000023,0.000062,0.000147,0.000220,0.000292,0.000334,0.000416,0.000312,0.000350,0.000417,0.000622
