key/t,False-0,False-1,False-2,False-3,False-4,False-5,False-6,False-7,False-8,False-9,False-10,False-inf
total_time_sec,0.242619,0.256152,0.247118,0.250906,0.253238,0.253772,0.347293,0.266823,0.266743,0.266327,0.260039,0.258130
load_time_sec,0.122909,0.122142,0.123352,0.121203,0.122322,0.121148,0.159775,0.122821,0.123196,0.123472,0.121957,0.121916
detect_races_time_sec,0.080926,0.078181,0.076486,0.075611,0.075315,0.075227,0.100588,0.076372,0.076065,0.076437,0.074566,0.073930
extract_traces_time_sec,0.021266,0.015322,0.008088,0.006852,0.006225,0.005636,0.006776,0.004773,0.004728,0.004671,0.004555,0.004467
find_reactive_cmds_time_sec,0.000381,0.000335,0.000352,0.000333,0.000332,0.000333,0.000455,0.000336,0.000336,0.000349,0.000335,0.000340
find_proactive_cmds_time_sec,0.004091,0.003940,0.004356,0.004036,0.004049,0.004016,0.005012,0.004111,0.004132,0.004195,0.004128,0.004257
find_covered_races_time,0.012782,0.034505,0.032164,0.039517,0.041228,0.042800,0.067763,0.052718,0.052178,0.050519,0.046993,0.043820
per_packet_inconsistent_time_sec,0.000228,0.001696,0.002261,0.003229,0.003589,0.004372,0.006556,0.005418,0.005833,0.006401,0.007149,0.008858
find_inconsistent_update_time_sec,0.000008,0.000019,0.000047,0.000114,0.000167,0.000228,0.000354,0.000262,0.000264,0.000272,0.000344,0.000526
