key/t,False-0,False-1,False-2,False-3,False-4,False-5,False-6,False-7,False-8,False-9,False-10,False-inf
total_time_sec,1.062185,1.124931,1.201532,1.173112,1.145895,1.166593,1.182534,1.192427,1.191483,1.109691,1.092814,1.124219
load_time_sec,0.432735,0.431321,0.465485,0.452601,0.442747,0.454635,0.472603,0.449667,0.449865,0.419722,0.421010,0.450512
detect_races_time_sec,0.575577,0.557634,0.576490,0.561700,0.552218,0.548665,0.548256,0.563122,0.571124,0.538882,0.520183,0.530490
extract_traces_time_sec,0.027407,0.024628,0.012956,0.011095,0.010298,0.007165,0.006130,0.006702,0.006548,0.005051,0.004903,0.003867
find_reactive_cmds_time_sec,0.000242,0.000283,0.000190,0.000188,0.000295,0.000309,0.000187,0.000343,0.000238,0.000198,0.000190,0.000230
find_proactive_cmds_time_sec,0.014796,0.016101,0.013446,0.013335,0.013880,0.016784,0.013543,0.014501,0.013405,0.013862,0.016303,0.015664
find_covered_races_time,0.011149,0.091617,0.126491,0.125358,0.115116,0.124969,0.123275,0.134719,0.130543,0.110206,0.107663,0.085184
per_packet_inconsistent_time_sec,0.000215,0.002876,0.005778,0.007982,0.010263,0.012898,0.017214,0.021308,0.018198,0.020155,0.020875,0.035754
find_inconsistent_update_time_sec,-0.000014,-0.000402,-0.000628,-0.000785,-0.001018,-0.001108,-0.001257,-0.001994,-0.001504,-0.001559,-0.001619,-0.002448
