key/t,False-0,False-1,False-2,False-3,False-4,False-5,False-6,False-7,False-8,False-9,False-10,False-inf
total_time_sec,0.950954,1.021984,1.052213,1.051265,1.031780,1.031601,1.048287,1.038188,1.037785,1.050664,1.023905,0.996050
load_time_sec,0.395118,0.397609,0.408231,0.400561,0.395715,0.401692,0.403871,0.397774,0.398347,0.399239,0.399972,0.396875
detect_races_time_sec,0.505320,0.505469,0.499109,0.493967,0.492781,0.483609,0.492657,0.490245,0.484888,0.495950,0.479824,0.463555
extract_traces_time_sec,0.025888,0.018559,0.012761,0.010354,0.008122,0.006711,0.005751,0.005171,0.005219,0.004715,0.004635,0.003569
find_reactive_cmds_time_sec,0.000224,0.000222,0.000225,0.000181,0.000177,0.000177,0.000172,0.000176,0.000180,0.000176,0.000171,0.000180
find_proactive_cmds_time_sec,0.012999,0.014873,0.013535,0.012649,0.012704,0.013080,0.012834,0.012979,0.013242,0.013088,0.013203,0.013498
find_covered_races_time,0.011124,0.081431,0.111726,0.123377,0.109498,0.110044,0.115041,0.110494,0.114082,0.112459,0.100610,0.078244
per_packet_inconsistent_time_sec,0.000234,0.003358,0.006001,0.009286,0.011737,0.015069,0.016624,0.019387,0.020269,0.023355,0.023764,0.037476
find_inconsistent_update_time_sec,-0.000014,-0.000416,-0.000591,-0.000853,-0.001006,-0.001185,-0.001297,-0.001913,-0.001523,-0.001647,-0.001686,-0.002615
