key/t,False-0,False-1,False-2,False-3,False-4,False-5,False-6,False-7,False-8,False-9,False-10,False-inf
total_time_sec,1.075945,1.226946,1.188457,1.165091,1.305179,1.176063,1.205642,1.239854,1.183262,1.213165,1.209430,1.180319
load_time_sec,0.449346,0.469625,0.458114,0.436898,0.491256,0.451941,0.436439,0.488825,0.440029,0.447819,0.470934,0.454061
detect_races_time_sec,0.573093,0.619228,0.574126,0.564207,0.635543,0.564858,0.591138,0.590390,0.579102,0.595946,0.561533,0.580380
extract_traces_time_sec,0.027782,0.019942,0.013331,0.012920,0.012829,0.007142,0.007986,0.005473,0.005311,0.005487,0.005073,0.004566
find_reactive_cmds_time_sec,0.000241,0.000203,0.000202,0.000178,0.000247,0.000181,0.000267,0.000182,0.000182,0.000189,0.000194,0.000201
find_proactive_cmds_time_sec,0.014512,0.015743,0.015573,0.014041,0.014795,0.015015,0.016789,0.015721,0.013832,0.016492,0.017477,0.015394
find_covered_races_time,0.010622,0.097792,0.118807,0.124447,0.136782,0.119611,0.133397,0.118033,0.122163,0.119494,0.124595,0.079860
per_packet_inconsistent_time_sec,0.000297,0.003939,0.007523,0.011496,0.012568,0.016041,0.018133,0.019578,0.020848,0.025856,0.026107,0.043023
find_inconsistent_update_time_sec,-0.000015,-0.000433,-0.000739,-0.000866,-0.001120,-0.001232,-0.001453,-0.001613,-0.001756,-0.001839,-0.003471,-0.002794
