key/t,False-0,False-1,False-2,False-3,False-4,False-5,False-6,False-7,False-8,False-9,False-10,False-inf
total_time_sec,230.559202,260.850886,403.709584,492.169620,610.015457,706.181329,814.389604,878.335476,984.709091,1063.167258,1191.450704,4503.630180
load_time_sec,60.595709,59.912174,59.675429,58.605369,57.343695,57.452669,57.630848,57.854764,57.269560,57.644743,58.908242,46.210451
detect_races_time_sec,163.828389,166.388590,160.380299,157.690712,155.945066,156.315605,156.503344,156.615141,155.585563,156.558270,156.417168,112.449016
extract_traces_time_sec,1.478946,1.593909,1.447096,1.358985,1.349142,1.318404,1.327876,1.267399,1.299534,1.234458,1.222362,0.376202
find_reactive_cmds_time_sec,1.769436,1.833927,1.795226,1.701490,1.683114,1.730508,1.641802,1.702116,1.736832,1.738528,1.735504,0.986044
find_proactive_cmds_time_sec,2.657093,2.825246,2.748503,2.659789,2.655130,2.515899,2.546666,2.662284,2.624814,2.631572,2.482310,1.531105
find_covered_races_time,0.116771,0.418810,0.976351,1.172268,1.683169,2.063792,2.547146,2.745762,3.044503,3.462363,3.684788,13.659253
per_packet_inconsistent_time_sec,0.104103,1.728790,2.813756,3.537463,4.589635,5.435502,6.338719,6.836015,7.519812,8.295194,9.137693,33.463025
find_inconsistent_update_time_sec,0.008726,26.149348,173.872841,265.443471,384.766429,479.348874,585.853119,648.651915,755.628389,831.602055,957.862557,4294.955029
