key/t,False-0,False-1,False-2,False-3,False-4,False-5,False-6,False-7,False-8,False-9,False-10,False-inf
total_time_sec,149.498799,158.820771,210.197693,244.302500,281.098212,312.268980,354.747629,372.284168,413.416679,444.655340,470.123117,3851.692055
load_time_sec,27.127634,27.507329,27.204811,27.233673,27.220851,27.133899,28.503502,27.277207,27.332951,28.788260,27.660069,27.255798
detect_races_time_sec,118.246032,115.386362,114.821282,114.630460,114.625269,114.308856,117.708423,114.006890,114.339235,118.450563,115.988017,113.553087
extract_traces_time_sec,1.120705,1.089160,1.057536,1.047677,1.017624,1.009122,1.020050,0.975836,0.964743,0.976140,0.937786,0.378630
find_reactive_cmds_time_sec,1.209628,1.162096,1.153992,1.149679,1.169696,1.128762,1.187298,1.146136,1.138708,1.185255,1.177378,0.985638
find_proactive_cmds_time_sec,1.738525,1.684712,1.693617,1.712352,1.695288,1.651999,1.770221,1.673360,1.664071,1.743818,1.703827,1.520453
find_covered_races_time,0.000002,0.000002,0.000002,0.000002,0.000002,0.000002,0.000005,0.000002,0.000002,0.000004,0.000002,0.000002
per_packet_inconsistent_time_sec,0.050718,0.818600,1.321405,1.780826,2.299829,2.624569,3.009908,3.253952,3.613327,4.051233,4.231781,22.180058
find_inconsistent_update_time_sec,0.005535,11.172481,62.944988,96.747774,133.069593,164.411711,201.548165,223.950724,264.363589,289.460011,318.424196,3685.818328
