key/t,False-0,False-1,False-2,False-3,False-4,False-5,False-6,False-7,False-8,False-9,False-10,False-inf
total_time_sec,179.569226,177.863211,169.587088,170.508180,172.427599,174.293692,175.510109,174.250420,175.110148,175.409019,177.517999,287.083850
load_time_sec,48.203197,48.916947,46.365382,46.558583,46.429081,46.531271,47.201066,46.424783,46.478160,46.270252,46.693014,48.594805
detect_races_time_sec,123.608734,120.650534,113.927354,113.865007,114.934173,115.884478,115.474072,114.226907,114.143070,113.941317,114.803626,121.446588
extract_traces_time_sec,1.170774,1.087277,1.050805,1.036696,1.032372,1.005137,0.991137,0.968364,0.952014,0.940206,0.930352,0.398118
find_reactive_cmds_time_sec,3.194023,3.233202,3.137616,3.116665,3.083879,3.085964,3.079037,3.090558,3.094310,3.125358,3.087193,3.222756
find_proactive_cmds_time_sec,3.290563,3.259975,3.227509,3.193430,3.220054,3.171005,3.231534,3.280630,3.244963,3.220901,3.229656,3.385791
find_covered_races_time,0.090002,0.294997,0.650143,0.900375,1.192556,1.443337,1.684824,1.866756,2.103946,2.278672,2.489050,15.924392
per_packet_inconsistent_time_sec,0.011223,0.261004,0.485693,0.683106,0.867035,1.011401,1.128472,1.258109,1.384503,1.530588,1.644669,11.580765
find_inconsistent_update_time_sec,0.000692,0.159258,0.742570,1.154301,1.668432,2.161082,2.719950,3.134296,3.709164,4.101707,4.640422,82.530574
