key/t,False-0,False-1,False-2,False-3,False-4,False-5,False-6,False-7,False-8,False-9,False-10,False-inf,True-0,True-1,True-2,True-3,True-4,True-5,True-6,True-7,True-8,True-9,True-10,True-inf
total_time_sec,5.152435,5.165346,5.289064,6.822632,8.116563,8.616335,9.980769,11.241274,10.838842,12.122953,12.546328,15.142068,5.515167,5.464388,5.684654,6.101846,7.753893,8.840966,9.255792,15.267104,11.167733,10.857784,11.554309,10.888274
load_time_sec,2.575547,2.533030,2.529238,3.033977,2.810139,2.719090,3.028227,2.688128,2.820916,2.685079,2.672788,2.938330,2.522800,2.557965,2.592548,2.541246,2.593705,2.531891,2.722664,4.895534,2.702216,2.592926,2.758073,2.747946
detect_races_time_sec,0.574728,0.548174,0.552844,0.605976,0.537394,0.537081,0.567999,0.537641,0.558004,0.582574,0.526430,0.519583,0.591434,0.552801,0.638426,0.538118,0.615057,0.539778,0.653067,1.150911,0.563645,0.516805,0.544594,0.550862
extract_traces_time_sec,0.097917,0.088003,0.079687,0.066404,0.065840,0.083273,0.068573,0.070232,0.092119,0.070608,0.072644,0.066481,0.097114,0.086430,0.077036,0.070061,0.067398,0.067245,0.076067,0.143539,0.066423,0.068758,0.074666,0.069486
find_reactive_cmds_time_sec,0.000039,0.000038,0.000047,0.000044,0.000047,0.000041,0.000044,0.000042,0.000041,0.000046,0.000040,0.000040,0.000040,0.000040,0.000045,0.000040,0.000044,0.000041,0.000039,0.000062,0.000039,0.000030,0.000043,0.000038
find_proactive_cmds_time_sec,0.088366,0.091175,0.091312,0.091137,0.092851,0.087671,0.096558,0.094128,0.120560,0.101529,0.111741,0.086648,0.095414,0.086365,0.090068,0.094860,0.093999,0.091634,0.096713,0.179841,0.090936,0.097029,0.095382,0.099038
find_covered_races_time,0.878379,0.944154,1.040636,1.030703,1.246802,1.429951,1.508653,1.469747,1.806757,1.878822,1.810247,2.116779,1.059458,1.172831,1.206854,1.648982,2.893662,3.848477,4.002950,7.010503,4.891306,5.179705,5.507125,3.883751
per_packet_inconsistent_time_sec,0.001684,0.003636,0.004876,0.024164,0.058289,0.077736,0.210069,0.158421,0.186699,0.228771,0.270032,0.395943,0.002738,0.005853,0.008170,0.026322,0.057747,0.083470,0.114199,0.144724,0.182061,0.235200,0.269707,0.506212
find_inconsistent_update_time_sec,-0.000009,0.000000,-0.000012,-0.000025,-0.000044,-0.000060,-0.000073,-0.000092,-0.000104,-0.000135,-0.000138,-0.000203,-0.000009,-0.000060,-0.000078,-0.000079,-0.000101,-0.000116,-0.000123,-0.000140,-0.000151,-0.000219,-0.000230,-0.000664
