key/t,False-0,False-1,False-2,False-3,False-4,False-5,False-6,False-7,False-8,False-9,False-10,False-inf,True-0,True-1,True-2,True-3,True-4,True-5,True-6,True-7,True-8,True-9,True-10,True-inf
total_time_sec,5.368832,5.185865,5.130128,5.279150,5.861207,6.427024,6.119373,6.339982,6.451507,6.912292,7.143052,7.893114,5.022293,5.249775,5.315861,5.759682,7.026102,8.158096,8.883917,9.560566,9.857634,10.084465,10.712300,9.072812
load_time_sec,2.768937,2.541287,2.464418,2.476379,2.550518,2.647239,2.418208,2.460620,2.483271,2.476881,2.581294,2.488525,2.470872,2.525961,2.517062,2.395025,2.430343,2.518677,2.564223,2.596865,2.614542,2.561353,2.565539,2.504027
detect_races_time_sec,0.566046,0.592953,0.532123,0.508211,0.522375,0.578041,0.507390,0.516820,0.493481,0.493333,0.508926,0.481433,0.538515,0.529357,0.524682,0.523152,0.520325,0.519852,0.521638,0.559310,0.508868,0.510982,0.488015,0.473760
extract_traces_time_sec,0.116521,0.088546,0.076686,0.062639,0.066429,0.071365,0.061987,0.061476,0.064847,0.062044,0.059828,0.063127,0.090929,0.083511,0.070504,0.066318,0.062769,0.072177,0.069495,0.105063,0.064396,0.071018,0.062765,0.060965
find_reactive_cmds_time_sec,0.000036,0.000000,0.000042,0.000042,0.000038,0.000046,0.000037,0.000042,0.000045,0.000036,0.000197,0.000036,0.000037,0.000036,0.000038,0.000041,0.000040,0.000043,0.000040,0.000044,0.000039,0.000042,0.000009,0.000037
find_proactive_cmds_time_sec,0.089343,0.104886,0.089104,0.084971,0.088431,0.104624,0.080876,0.080541,0.088653,0.081990,0.085065,0.083937,0.085822,0.084036,0.085817,0.085793,0.085023,0.091721,0.093592,0.100616,0.124566,0.100282,0.092639,0.089565
find_covered_races_time,0.883191,0.936856,0.990438,1.014401,1.248555,1.326803,1.331084,1.369133,1.464715,1.556300,1.670338,1.979760,0.972641,1.127574,1.155651,1.556638,2.608651,3.434007,3.890394,4.379830,4.513241,4.663602,5.057127,3.091374
per_packet_inconsistent_time_sec,0.001938,0.003678,0.005149,0.024424,0.055022,0.090102,0.125749,0.145497,0.187021,0.247990,0.260176,0.418263,0.001669,0.006405,0.008076,0.024116,0.062884,0.079213,0.113099,0.146097,0.182118,0.217111,0.261804,0.376661
find_inconsistent_update_time_sec,-0.000008,-0.000025,-0.000012,-0.000025,-0.000044,-0.000057,-0.000072,-0.000091,-0.000100,-0.000122,-0.000177,-0.000205,-0.000010,-0.000061,-0.000064,-0.000079,-0.000096,-0.000114,-0.000124,-0.000111,-0.000154,-0.000177,-0.000231,-0.000250
