key/t,True-inf,True-9,True-8,True-7,True-6,True-5,True-4,True-3,True-2,True-10,True-1,True-0,False-inf,False-9,False-8,False-7,False-6,False-5,False-4,False-3,False-2,False-10,False-1,False-0
total_time_sec,9.740492,10.675195,9.870646,9.989110,8.989454,8.859338,7.373313,5.938556,5.357955,10.778382,5.195672,5.011474,8.139202,7.158423,6.621293,6.277125,6.295608,5.953040,5.848980,5.362252,5.361107,7.318815,5.513411,5.100251
load_time_sec,2.641310,2.630068,2.620541,2.687223,2.503394,3.036432,2.472512,2.488453,2.527116,2.593164,2.466172,2.428260,2.471271,2.569810,2.469652,2.442668,2.495173,2.575591,2.714229,2.472036,2.580481,2.559888,2.714017,2.624262
detect_races_time_sec,0.494319,0.538275,0.528910,0.511821,0.512077,0.727096,0.524169,0.513330,0.522017,0.518584,0.552188,0.542296,0.482052,0.522652,0.523728,0.493712,0.529047,0.520818,0.514320,0.524465,0.554392,0.512894,0.569692,0.545330
extract_traces_time_sec,0.067700,0.063093,0.064633,0.069632,0.066336,0.071158,0.062567,0.068266,0.075874,0.065215,0.093630,0.094071,0.063776,0.067210,0.062937,0.061065,0.089087,0.070080,0.065411,0.065724,0.083986,0.069600,0.092188,0.096455
find_reactive_cmds_time_sec,0.000038,0.000037,0.000040,0.000039,0.000041,0.000044,0.000129,0.000042,0.000042,0.000039,0.000038,0.000037,0.000040,0.000038,0.000037,0.000041,0.000042,0.000000,0.000000,0.000042,0.000062,0.000041,0.000039,0.000037
find_proactive_cmds_time_sec,0.093518,0.087232,0.086079,0.090308,0.091489,0.100618,0.088449,0.089605,0.088488,0.083934,0.090249,0.085026,0.089265,0.085251,0.082458,0.080906,0.103647,0.098096,0.095108,0.084301,0.089441,0.082866,0.083237,0.090014
find_covered_races_time,3.470299,5.022884,4.613677,4.775735,3.995991,3.359930,2.828266,1.619571,1.173991,5.089076,1.116485,0.963852,2.058146,1.685649,1.509621,1.371588,1.397385,1.216629,1.158925,1.061970,1.044447,1.735443,1.023601,0.857545
per_packet_inconsistent_time_sec,0.373986,0.265781,0.183281,0.162672,0.128948,0.084811,0.056534,0.025951,0.008253,0.255161,0.005549,0.001737,0.429686,0.253170,0.201936,0.150394,0.115925,0.079344,0.055667,0.023967,0.007325,0.299405,0.004349,0.001722
find_inconsistent_update_time_sec,-0.000250,-0.000198,-0.000120,-0.000152,-0.000142,-0.000111,-0.000107,-0.000079,-0.000062,-0.000190,-0.000063,-0.000009,-0.000203,-0.000139,-0.000126,-0.000090,-0.000082,-0.000056,-0.000012,0.000000,-0.000019,-0.000137,-0.000015,-0.000009
