key/t,False-0,False-1,False-2,False-3,False-4,False-5,False-6,False-7,False-8,False-9,False-10,False-inf,True-0,True-1,True-2,True-3,True-4,True-5,True-6,True-7,True-8,True-9,True-10,True-inf
total_time_sec,6.802072,4.619038,4.420548,6.416055,4.760563,5.024405,5.519744,4.819521,5.522081,8.619269,5.626773,5.991374,4.745659,5.947207,5.152294,6.513650,7.695235,7.841011,8.209982,10.639753,8.796685,9.104904,11.059904,9.186802
load_time_sec,3.722823,2.726861,2.540967,3.850981,2.529216,2.976532,3.049076,2.529913,3.075745,4.521961,2.567472,2.852414,2.484173,3.395611,2.756959,3.456716,3.023638,2.536371,2.945086,2.925475,2.536334,2.888615,3.670949,3.064167
detect_races_time_sec,1.082320,0.596031,0.543901,1.034548,0.524306,0.527910,0.579702,0.511741,0.521016,0.859334,0.495688,0.501973,0.815826,1.009742,0.615190,0.547619,0.549713,0.635356,0.567113,0.796118,0.527343,0.521274,0.588688,0.516902
extract_traces_time_sec,0.202707,0.105153,0.074167,0.116839,0.081274,0.063324,0.071497,0.064059,0.066358,0.084928,0.067016,0.066301,0.127799,0.115762,0.076398,0.070536,0.065906,0.081122,0.107509,0.084341,0.067490,0.066642,0.096008,0.065020
find_reactive_cmds_time_sec,0.000062,0.000042,0.000045,0.000053,0.000046,0.000041,0.000061,0.000042,0.000045,0.000047,0.000040,0.000043,0.000042,0.000050,0.000045,0.000043,0.000040,0.000042,0.000060,0.000050,0.000040,0.000040,0.000056,0.000041
find_proactive_cmds_time_sec,0.148769,0.097248,0.087438,0.125631,0.093701,0.085914,0.098307,0.088531,0.086714,0.114562,0.085466,0.086616,0.099209,0.114777,0.089629,0.087275,0.087201,0.108036,0.132979,0.103770,0.093267,0.085494,0.106959,0.083274
find_covered_races_time,1.642347,1.090485,1.168844,1.263380,1.477368,1.291088,1.531595,1.480260,1.591952,2.811003,1.914667,2.100798,1.215636,1.305872,1.598111,2.324801,3.916442,4.385091,4.331327,6.578161,5.395990,5.283147,6.269852,4.796695
per_packet_inconsistent_time_sec,0.002977,0.003175,0.005140,0.024561,0.054573,0.079499,0.189319,0.144849,0.180115,0.227267,0.496069,0.382985,0.002907,0.005293,0.015791,0.026541,0.052158,0.094843,0.125741,0.151642,0.176028,0.259412,0.327083,0.660110
find_inconsistent_update_time_sec,-0.000014,-0.000009,-0.000011,-0.000024,-0.000043,-0.000058,-0.000131,-0.000089,-0.000100,-0.000127,-0.000302,-0.000207,-0.000014,-0.000063,-0.000118,-0.000077,-0.000101,-0.000113,-0.000129,-0.000152,-0.000156,-0.000237,-0.000250,-0.000540
