key/t,False-0,False-1,False-2,False-3,False-4,False-5,False-6,False-7,False-8,False-9,False-10,False-inf,True-0,True-1,True-2,True-3,True-4,True-5,True-6,True-7,True-8,True-9,True-10,True-inf
total_time_sec,4.071436,4.258547,5.712388,5.189794,4.497105,4.898495,4.582115,5.611056,4.980990,5.223279,5.213382,5.511871,4.237545,4.492388,5.016304,4.764314,6.637849,6.880635,7.173332,7.841251,8.001227,8.442003,8.422682,6.721569
load_time_sec,2.469092,2.548995,3.310215,3.288700,2.545301,2.794960,2.473874,3.328691,2.530680,2.558053,2.570995,2.470683,2.491868,2.635711,2.710690,2.446488,2.503222,2.565213,2.482099,2.580143,2.500688,2.520640,2.470404,2.473100
detect_races_time_sec,0.546343,0.544208,0.520394,0.588122,0.562940,0.599780,0.508305,0.593035,0.517390,0.516985,0.513494,0.475998,0.554793,0.556823,0.629808,0.510032,0.513442,0.542472,0.513900,0.539320,0.501826,0.509933,0.512513,0.487759
extract_traces_time_sec,0.101344,0.083118,0.071606,0.099528,0.067690,0.065041,0.063695,0.063959,0.064693,0.067268,0.063849,0.061998,0.097859,0.092519,0.076687,0.064669,0.064598,0.065266,0.063380,0.065652,0.062719,0.067053,0.064257,0.067787
find_reactive_cmds_time_sec,0.000038,0.000000,0.000000,0.000050,0.000000,0.000037,0.000000,0.000036,0.000037,0.000039,0.000036,0.000036,0.000040,0.000041,0.000038,0.000045,0.000041,0.000039,0.000000,0.000000,0.000039,0.000039,0.000039,0.000037
find_proactive_cmds_time_sec,0.086623,0.082451,0.085733,0.111446,0.084559,0.088311,0.084065,0.082287,0.084594,0.088862,0.083090,0.082625,0.089203,0.083144,0.083586,0.085017,0.082541,0.087579,0.084010,0.084241,0.083115,0.095562,0.084945,0.083436
find_covered_races_time,0.865775,0.992855,1.714266,1.073561,1.180403,1.272285,1.340459,1.401013,1.591901,1.763573,1.727198,2.039342,1.002024,1.118874,1.507754,1.632115,3.415518,3.537918,3.921101,4.418462,4.671072,5.009160,5.030997,3.215098
per_packet_inconsistent_time_sec,0.002221,0.006839,0.010101,0.028324,0.056126,0.078056,0.111608,0.141912,0.191557,0.228338,0.254545,0.380951,0.001713,0.005179,0.007641,0.025828,0.058347,0.081998,0.108677,0.153297,0.181516,0.239406,0.259298,0.394061
find_inconsistent_update_time_sec,0.000000,0.000000,-0.000019,-0.000024,-0.000047,0.000000,-0.000073,-0.000087,-0.000100,-0.000120,-0.000135,-0.000196,-0.000010,-0.000062,-0.000064,-0.000083,-0.000100,-0.000113,-0.000126,-0.000099,-0.000174,-0.000171,-0.000190,-0.000252
