key/t,False-0,False-1,False-2,False-3,False-4,False-5,False-6,False-7,False-8,False-9,False-10,False-inf,True-0,True-1,True-2,True-3,True-4,True-5,True-6,True-7,True-8,True-9,True-10,True-inf
total_time_sec,0.629021,0.596818,0.599712,0.626966,0.621251,0.627366,0.627290,0.618440,0.615896,0.638666,0.669478,0.609680,0.623983,0.596494,0.593228,0.611435,0.612443,0.621670,0.619300,0.591476,0.615314,0.624753,0.746051,0.750796
load_time_sec,0.407558,0.364964,0.368834,0.385337,0.369017,0.367575,0.367056,0.363043,0.360210,0.375717,0.408113,0.349668,0.392107,0.367792,0.369319,0.371919,0.367441,0.378575,0.369000,0.351364,0.361598,0.372562,0.487727,0.473050
detect_races_time_sec,0.084819,0.086456,0.085701,0.085523,0.088150,0.087792,0.085807,0.083660,0.085471,0.085803,0.090419,0.082303,0.090823,0.086005,0.087393,0.085851,0.087766,0.089430,0.087998,0.081655,0.083194,0.087033,0.089167,0.094708
extract_traces_time_sec,0.016508,0.014044,0.013107,0.012989,0.013815,0.014509,0.012558,0.012092,0.012294,0.012757,0.012264,0.011888,0.020335,0.013768,0.013326,0.013669,0.013543,0.012519,0.012487,0.011569,0.012375,0.014657,0.011212,0.013215
find_reactive_cmds_time_sec,0.000061,0.000063,0.000062,0.000069,0.000067,0.000071,0.000065,0.000096,0.000071,0.000066,0.000088,0.000069,0.000070,0.000063,0.000066,0.000062,0.000072,0.000066,0.000070,0.000060,0.000065,0.000073,0.000065,0.000071
find_proactive_cmds_time_sec,0.079073,0.080359,0.078913,0.081309,0.080839,0.086420,0.084316,0.080844,0.082275,0.084841,0.082296,0.081642,0.085099,0.083517,0.078269,0.087078,0.084108,0.081281,0.083167,0.078509,0.084823,0.083055,0.084796,0.086393
find_covered_races_time,0.040510,0.049497,0.050963,0.058575,0.065326,0.066511,0.072146,0.071672,0.068991,0.071381,0.068594,0.075109,0.035041,0.044002,0.042689,0.049697,0.054305,0.055011,0.060943,0.062066,0.066630,0.059812,0.065415,0.071782
per_packet_inconsistent_time_sec,0.000449,0.001386,0.002084,0.003099,0.003985,0.004438,0.005291,0.006981,0.006529,0.008036,0.007648,0.008934,0.000460,0.001298,0.002117,0.003109,0.005155,0.004731,0.005580,0.006200,0.006573,0.007505,0.007611,0.011510
find_inconsistent_update_time_sec,-0.000008,-0.000012,-0.000011,-0.000015,-0.000015,-0.000016,-0.000018,-0.000020,-0.000021,-0.000024,-0.000024,-0.000029,-0.000009,-0.000011,-0.000012,-0.000014,-0.000015,-0.000018,-0.000018,-0.000020,-0.000021,-0.000021,-0.000023,-0.000028
