key/t,False-0,False-1,False-2,False-3,False-4,False-5,False-6,False-7,False-8,False-9,False-10,False-inf
total_time_sec,0.383148,0.382561,0.386716,0.396977,0.388498,0.417992,0.423231,0.436341,0.412040,0.412113,0.418665,0.439663
load_time_sec,0.253768,0.247720,0.244686,0.248432,0.243238,0.265809,0.263135,0.269723,0.260565,0.256135,0.258042,0.274291
detect_races_time_sec,0.067695,0.069275,0.070892,0.066191,0.068181,0.066377,0.073626,0.067995,0.064639,0.065212,0.070233,0.069354
extract_traces_time_sec,0.013091,0.009887,0.011156,0.009272,0.008717,0.008964,0.008095,0.008401,0.007631,0.007859,0.007715,0.008004
find_reactive_cmds_time_sec,0.000039,0.000039,0.000058,0.000037,0.000041,0.000040,0.000038,0.000046,0.000036,0.000042,0.000040,0.000039
find_proactive_cmds_time_sec,0.011718,0.011585,0.011652,0.011625,0.012585,0.012059,0.011986,0.015568,0.012090,0.012548,0.014888,0.011999
find_covered_races_time,0.036370,0.042714,0.046052,0.057366,0.051992,0.060443,0.061317,0.068612,0.058413,0.062529,0.060480,0.066813
per_packet_inconsistent_time_sec,0.000422,0.001276,0.002169,0.003992,0.003671,0.004245,0.004977,0.005926,0.008595,0.007718,0.007202,0.009087
find_inconsistent_update_time_sec,-0.000008,-0.000022,-0.000014,-0.000020,-0.000019,-0.000021,-0.000023,-0.000030,-0.000032,-0.000031,-0.000033,-0.000040
