key/t,False-0,False-1,False-2,False-3,False-4,False-5,False-6,False-7,False-8,False-9,False-10,False-inf,True-0,True-1,True-2,True-3,True-4,True-5,True-6,True-7,True-8,True-9,True-10,True-inf
total_time_sec,29.846034,31.251644,34.114831,31.813513,33.102594,32.224847,34.293214,38.009207,35.257955,34.840205,36.684447,38.991046,32.415974,30.632071,34.388057,44.311949,32.263546,32.592365,36.899655,53.650648,35.669998,40.002341,34.729478,35.885301
load_time_sec,16.549622,16.600807,18.948501,16.528382,16.817371,17.022018,17.247148,20.152691,18.558781,17.068645,18.248834,16.422513,17.947119,16.594796,19.665458,17.239269,16.767657,17.120521,17.918230,30.470548,16.849204,23.343350,17.086737,17.601303
detect_races_time_sec,10.542211,10.566105,10.258403,10.525984,11.599792,10.086750,10.749708,11.312835,10.281432,10.406729,11.279280,10.614276,11.334253,10.358720,10.704539,18.687151,10.536048,10.635188,13.714371,17.552543,12.109314,10.977034,11.263029,11.249025
extract_traces_time_sec,0.859925,0.705001,0.608145,0.670838,0.174819,0.167583,0.144082,0.126031,0.117598,0.105125,0.101949,0.101044,1.235857,0.638498,0.596173,0.788112,0.199770,0.166644,0.140615,0.122625,0.234492,0.112012,0.106688,0.097556
find_reactive_cmds_time_sec,0.002124,0.003376,0.002480,0.002163,0.002181,0.002634,0.003313,0.002225,0.002134,0.002433,0.003028,0.002238,0.002397,0.003112,0.002120,0.004164,0.002298,0.002111,0.002313,0.002600,0.004753,0.002475,0.002357,0.003182
find_proactive_cmds_time_sec,0.154913,0.207220,0.215876,0.168736,0.484385,0.490276,0.565892,0.162169,0.155705,0.484814,0.155729,0.256446,0.148791,0.145511,0.156488,0.285332,0.542952,0.485882,0.493486,0.511438,0.240293,0.530458,0.164936,0.165995
find_covered_races_time,0.067552,0.208928,0.233685,0.219619,0.251105,0.301604,0.323394,0.342362,0.371215,0.410055,0.426516,0.826439,0.070611,0.169479,0.206593,0.488500,0.305994,0.302005,0.357473,0.391928,0.727593,0.443003,0.467636,0.699513
per_packet_inconsistent_time_sec,0.003075,0.204537,0.274869,0.289248,0.334832,0.387382,0.428000,0.533482,0.511446,0.531112,0.997204,1.693276,0.003100,0.169261,0.295591,0.554326,0.366073,0.390435,0.435434,0.484335,0.974118,0.568714,1.054008,0.999235
find_inconsistent_update_time_sec,-0.000067,-0.000318,-0.000545,-0.000596,-0.000653,-0.000952,-0.003192,-0.004420,-0.004832,-0.006125,-0.007715,-0.042016,-0.000066,-0.000260,-0.000607,-0.003847,-0.003036,-0.002574,-0.005782,-0.007084,-0.019271,-0.009686,-0.012942,-0.033735
