key/t,False-0,False-1,False-2,False-3,False-4,False-5,False-6,False-7,False-8,False-9,False-10,False-inf,True-0,True-1,True-2,True-3,True-4,True-5,True-6,True-7,True-8,True-9,True-10,True-inf
total_time_sec,32.737171,25.011120,40.417195,29.387806,28.391325,30.518462,44.065575,37.663414,33.680605,38.077651,44.472898,40.453905,41.807412,42.726420,49.969974,45.636339,48.844164,45.210704,50.993601,54.548621,64.307571,67.333899,69.230265,71.198984
load_time_sec,14.256168,13.689512,21.312773,16.315537,15.717496,16.617103,23.852119,21.801398,16.167641,19.257290,24.441244,18.752483,24.238645,23.260510,28.624878,24.883228,25.332060,25.697002,26.504656,28.165820,33.966638,36.705532,36.359860,36.693597
detect_races_time_sec,14.783721,8.567051,14.891388,9.128051,9.124713,8.956160,15.425109,10.122751,11.115534,13.509222,14.755275,14.991990,15.290074,14.147926,15.607761,15.614305,16.836055,15.020179,16.994744,17.898469,20.671997,20.989813,21.699746,21.384182
extract_traces_time_sec,1.034807,0.384661,0.381461,0.340180,0.150291,0.220987,0.176368,0.153003,0.104049,0.171553,0.095294,0.136676,0.611500,0.726416,0.615807,0.610575,0.291261,0.152412,0.155266,0.226258,0.199918,0.245591,0.237188,0.150728
find_reactive_cmds_time_sec,0.004723,0.002259,0.002666,0.002247,0.002506,0.004487,0.004323,0.002816,0.002767,0.004887,0.002828,0.005375,0.002729,0.005369,0.004772,0.005408,0.005352,0.003310,0.003778,0.005116,0.005636,0.014288,0.006635,0.005740
find_proactive_cmds_time_sec,0.179345,0.096577,0.113742,0.098844,0.285151,0.421494,0.397712,0.119420,0.119877,0.370961,0.114791,0.167760,0.119149,0.185199,0.179318,0.193319,0.458724,0.316284,0.437103,0.470957,0.205019,0.613500,0.273195,0.244782
find_covered_races_time,0.131506,0.118620,0.158706,0.150252,0.174696,0.306033,0.326196,0.244880,0.270249,0.283151,0.267617,0.745346,0.073569,0.272227,0.272250,0.342387,0.372808,0.242827,0.486607,0.575269,0.570771,0.613108,0.689972,0.876205
per_packet_inconsistent_time_sec,0.004401,0.094849,0.150742,0.159589,0.197708,0.234046,0.452819,0.420167,0.413164,0.661223,0.573797,0.988211,0.002729,0.193304,0.260546,0.332251,0.358845,0.275896,0.606481,0.641347,0.751420,0.854375,1.194612,1.690664
find_inconsistent_update_time_sec,-0.000077,-0.000175,-0.000393,-0.000382,-0.000502,-0.000459,-0.004333,-0.006691,-0.005369,-0.005807,-0.008750,-0.021378,-0.000051,-0.000388,-0.000628,-0.003411,-0.004273,-0.002944,-0.008727,-0.012850,-0.013993,-0.017066,-0.018971,-0.078623
