key/t,False-0,False-1,False-2,False-3,False-4,False-5,False-6,False-7,False-8,False-9,False-10,False-inf,True-0,True-1,True-2,True-3,True-4,True-5,True-6,True-7,True-8,True-9,True-10,True-inf
total_time_sec,28.290296,27.184425,27.396750,26.510010,26.495779,27.319037,27.949689,28.481478,29.621870,26.774405,27.512414,27.679532,28.165712,26.502179,26.154982,26.370556,26.018252,26.731806,26.990057,26.871953,27.351772,29.105548,27.323015,30.871295
load_time_sec,15.859184,15.474512,15.649341,15.284113,15.122679,15.688785,16.279500,16.274693,18.092407,15.229514,15.630714,15.547597,16.193859,15.286440,15.093267,15.204200,14.884525,15.326042,15.515742,15.526343,14.923074,15.177911,15.490221,18.817461
detect_races_time_sec,11.158639,10.799286,10.765556,10.287740,10.372939,10.501880,10.532830,10.995954,10.392299,10.355466,10.620338,10.311612,10.732042,10.351669,10.160629,10.216526,10.104065,10.309300,10.257528,10.187327,11.172016,12.546137,10.545286,9.982680
extract_traces_time_sec,1.073025,0.553745,0.506772,0.382464,0.378275,0.376624,0.261663,0.246763,0.198506,0.178680,0.161390,0.103354,1.049191,0.521666,0.448554,0.380324,0.380402,0.351321,0.266315,0.229583,0.202303,0.231336,0.159137,0.113662
find_reactive_cmds_time_sec,0.012658,0.013388,0.013825,0.012064,0.011419,0.013964,0.011859,0.012700,0.011832,0.011467,0.011927,0.010508,0.011660,0.011873,0.013283,0.011424,0.012326,0.011664,0.012056,0.011776,0.011517,0.012018,0.012322,0.013104
find_proactive_cmds_time_sec,0.106427,0.113792,0.108873,0.094650,0.092061,0.114980,0.101421,0.120882,0.096937,0.096974,0.107265,0.098933,0.099452,0.103891,0.096154,0.095289,0.092327,0.105168,0.096739,0.097110,0.094628,0.113376,0.101159,0.113280
find_covered_races_time,0.077199,0.154988,0.190380,0.220912,0.240102,0.308376,0.344355,0.376349,0.373824,0.376551,0.405730,0.617467,0.075363,0.150093,0.187786,0.225998,0.258734,0.295573,0.372552,0.372550,0.407538,0.484741,0.442209,0.790227
per_packet_inconsistent_time_sec,0.003063,0.072516,0.156972,0.221770,0.270118,0.304809,0.399995,0.433860,0.435683,0.502582,0.549335,0.940076,0.004015,0.074378,0.150291,0.228299,0.274262,0.319881,0.447955,0.423171,0.509332,0.513493,0.544865,0.976899
find_inconsistent_update_time_sec,-0.000065,-0.002160,-0.004982,-0.006257,-0.008145,-0.009563,-0.018022,-0.020234,-0.020341,-0.023125,-0.025715,-0.049938,-0.000094,-0.002129,-0.004977,-0.008457,-0.011573,-0.012818,-0.021123,-0.024045,-0.031316,-0.026491,-0.027767,-0.063928
