key/t,False-0,False-1,False-2,False-3,False-4,False-5,False-6,False-7,False-8,False-9,False-10,False-inf,True-0,True-1,True-2,True-3,True-4,True-5,True-6,True-7,True-8,True-9,True-10,True-inf
total_time_sec,44.206851,43.604904,43.678574,43.598608,50.641316,44.486206,44.714273,50.105889,49.533816,47.766656,44.246610,250.304447,28.442093,30.207449,32.829611,35.237474,34.429962,32.095771,33.368895,31.896708,37.571014,33.943967,39.364292,48.451927
load_time_sec,25.162570,25.029712,24.760723,25.159266,25.613509,25.864139,25.444946,29.244197,24.820718,29.556046,25.399056,14.034379,17.183736,18.347359,17.600890,20.442932,17.375434,17.395637,19.443505,19.261939,20.595883,19.866910,25.186289,26.169595
detect_races_time_sec,17.395275,17.231298,17.651820,17.110923,23.668527,17.152290,17.791355,19.320009,22.385097,16.665561,16.857161,233.901274,9.831076,11.068225,13.884460,13.346222,15.874294,13.489234,13.012486,11.486681,15.795537,12.770947,13.112652,19.623537
extract_traces_time_sec,1.347967,0.808627,0.652730,0.585589,0.539505,0.503947,0.388991,0.348306,0.508673,0.271439,0.252623,0.177201,1.253701,0.485737,0.723903,0.660324,0.585696,0.313957,0.229012,0.217415,0.231610,0.171466,0.146596,0.185553
find_reactive_cmds_time_sec,0.020854,0.021022,0.020911,0.021020,0.020665,0.021837,0.021543,0.021403,0.034718,0.020431,0.025103,0.021716,0.012391,0.012540,0.021917,0.022133,0.021446,0.013342,0.012685,0.022637,0.012872,0.013089,0.012425,0.024119
find_proactive_cmds_time_sec,0.137835,0.135079,0.138262,0.138126,0.131484,0.140669,0.138893,0.158076,0.208504,0.134932,0.140903,0.148356,0.080626,0.086649,0.143106,0.134608,0.136476,0.088787,0.079615,0.139948,0.081518,0.086687,0.084893,0.161999
find_covered_races_time,0.137820,0.248420,0.268266,0.318541,0.346776,0.421385,0.445917,0.476235,0.788485,0.491189,0.874103,0.757116,0.077785,0.142705,0.332413,0.352567,0.237528,0.351782,0.286834,0.429959,0.447240,0.628479,0.333186,0.691030
per_packet_inconsistent_time_sec,0.004383,0.125653,0.177504,0.253077,0.307028,0.365822,0.455013,0.504870,0.755841,0.588797,0.631448,1.180129,0.002684,0.061751,0.117937,0.265650,0.187400,0.416610,0.283798,0.309405,0.372041,0.378536,0.455398,1.471723
find_inconsistent_update_time_sec,-0.000101,-0.005045,-0.008311,-0.012016,-0.013776,-0.016061,-0.027558,-0.032742,-0.031727,-0.038213,-0.066140,-0.084223,-0.000065,-0.002450,-0.004949,-0.012987,-0.011654,-0.026368,-0.020901,-0.028670,-0.034277,-0.027817,-0.032804,-0.124319
