key/t,False-0,False-1,False-2,False-3,False-4,False-5,False-6,False-7,False-8,False-9,False-10,False-inf,True-0,True-1,True-2,True-3,True-4,True-5,True-6,True-7,True-8,True-9,True-10,True-inf
total_time_sec,29.285958,31.399638,33.952762,30.674060,31.453720,33.928657,32.043992,31.352978,31.088980,31.604432,32.616636,34.546247,28.968487,29.147935,30.938134,30.459278,30.006837,32.154767,32.684213,31.295469,31.582160,34.668918,33.330913,34.244352
load_time_sec,16.466693,16.171721,18.173105,16.406745,16.732450,19.241744,15.945240,16.275935,16.037273,15.964088,16.752918,16.976808,16.026620,15.851574,17.330402,16.279246,16.188886,16.897360,16.945692,15.852676,16.451423,17.833231,16.612672,15.900467
detect_races_time_sec,10.175356,11.938299,11.583289,10.203036,10.302036,9.969156,10.604018,10.114027,9.922186,9.860315,10.182003,10.625511,10.187169,9.853647,9.817645,10.045073,9.589769,10.015103,10.336256,10.269194,10.052386,11.223574,10.243814,11.670176
extract_traces_time_sec,0.840445,0.582922,0.631125,0.495963,0.233697,0.155674,0.145645,0.123138,0.111999,0.143395,0.101336,0.081699,0.883886,0.620705,0.589042,0.532394,0.172376,0.156991,0.148241,0.127046,0.107363,0.110684,0.101019,0.088831
find_reactive_cmds_time_sec,0.002687,0.002099,0.003838,0.002207,0.002736,0.003357,0.002091,0.002827,0.000435,0.004284,0.002126,0.002144,0.003519,0.002376,0.002349,0.003131,0.002136,0.002202,0.002309,0.002573,0.002410,0.003316,0.001846,0.002202
find_proactive_cmds_time_sec,0.144248,0.146597,0.272066,0.151846,0.479567,0.462830,0.460969,0.156641,0.148223,0.617897,0.184346,0.149138,0.166234,0.149099,0.151505,0.139866,0.455775,0.465426,0.508633,0.582937,0.138154,0.482941,0.170159,0.269820
find_covered_races_time,0.063421,0.169303,0.226815,0.227005,0.242297,0.272421,0.352714,0.365768,0.363344,0.382697,0.598839,0.643368,0.070773,0.165319,0.198279,0.229027,0.254255,0.285002,0.333272,0.391781,0.391774,0.445112,0.780225,0.850297
per_packet_inconsistent_time_sec,0.002759,0.162786,0.246101,0.277158,0.327177,0.357356,0.733987,0.454448,0.483999,0.601303,0.905300,0.880478,0.004240,0.166385,0.240013,0.285337,0.313708,0.417329,0.502474,0.465243,0.495199,0.536066,1.266128,0.933468
find_inconsistent_update_time_sec,-0.000069,-0.000249,-0.000514,-0.000557,-0.000689,-0.000675,-0.006734,-0.004058,-0.004000,-0.006506,-0.006666,-0.019724,-0.000068,-0.000262,-0.000767,-0.001751,-0.002496,-0.003084,-0.010422,-0.008015,-0.007783,-0.007888,-0.009738,-0.032211
