key/t,False-0,False-1,False-2,False-3,False-4,False-5,False-6,False-7,False-8,False-9,False-10,False-inf,True-0,True-1,True-2,True-3,True-4,True-5,True-6,True-7,True-8,True-9,True-10,True-inf
total_time_sec,39.699338,34.668394,33.873209,29.358723,29.651625,35.013832,31.781156,33.503265,37.166860,36.330866,34.237510,35.839764,36.695551,33.144297,33.913918,38.312483,33.867789,35.564140,31.562873,36.007034,37.325721,34.940949,33.316416,32.110712
load_time_sec,20.265563,20.054077,19.645700,16.935713,17.568234,20.676849,17.662994,20.574615,21.826841,18.876107,19.296962,20.693983,19.252829,18.948004,21.066269,21.641116,17.613551,21.710546,18.530620,19.809892,20.743255,19.536322,18.974057,17.570594
detect_races_time_sec,17.943310,13.399504,13.330165,11.170336,10.917687,12.886310,12.461942,11.543069,13.312543,15.430467,13.657762,13.041973,15.690224,13.212091,11.807164,15.335819,14.657517,11.936742,11.727013,14.593247,15.049781,13.121593,12.997748,12.525876
extract_traces_time_sec,1.293707,0.691558,0.445658,0.450252,0.380042,0.530753,0.406106,0.276038,0.366050,0.193005,0.179349,0.119588,1.481902,0.605255,0.570285,0.451091,0.620558,0.548362,0.263126,0.386526,0.221446,0.348661,0.178955,0.105537
find_reactive_cmds_time_sec,0.011600,0.022075,0.011572,0.014247,0.012918,0.027094,0.020453,0.012787,0.021229,0.011627,0.012930,0.011723,0.018533,0.012252,0.011913,0.012532,0.019872,0.021169,0.017800,0.022070,0.012151,0.030817,0.014150,0.011317
find_proactive_cmds_time_sec,0.104763,0.156740,0.096995,0.117400,0.105145,0.182658,0.153317,0.114408,0.160156,0.110220,0.106598,0.114687,0.157284,0.108833,0.107688,0.116585,0.130255,0.164396,0.137177,0.163993,0.099472,0.155236,0.126515,0.105216
find_covered_races_time,0.076601,0.256025,0.184319,0.274328,0.287254,0.370738,0.531535,0.411323,0.625665,0.733374,0.406468,0.605308,0.090408,0.175332,0.193162,0.384420,0.317669,0.541788,0.445449,0.570033,0.475614,0.806976,0.454119,0.645031
per_packet_inconsistent_time_sec,0.003673,0.086118,0.153783,0.382421,0.367089,0.330028,0.523026,0.546904,0.804788,0.919913,0.550491,1.206344,0.004230,0.080284,0.148872,0.357759,0.478434,0.608796,0.420181,0.436970,0.698358,0.905133,0.542303,1.080925
find_inconsistent_update_time_sec,-0.000083,-0.002254,-0.004972,-0.013963,-0.013192,-0.009358,-0.021740,-0.024055,-0.049518,-0.056086,-0.026895,-0.046109,-0.000101,-0.002202,-0.008510,-0.013062,-0.029866,-0.032292,-0.021458,-0.024253,-0.025594,-0.036116,-0.028521,-0.066167
