key/t,False-0,False-1,False-2,False-3,False-4,False-5,False-6,False-7,False-8,False-9,False-10,False-inf
total_time_sec,0.157696,0.162491,0.154928,0.157572,0.158015,0.155248,0.166879,0.161199,0.159487,0.161708,0.162308,0.162909
load_time_sec,0.101274,0.104048,0.100238,0.101098,0.100870,0.099907,0.106946,0.100161,0.099880,0.101220,0.100378,0.100542
detect_races_time_sec,0.020765,0.019599,0.019271,0.019326,0.018801,0.018773,0.019306,0.017971,0.017749,0.017861,0.017075,0.014831
extract_traces_time_sec,0.007596,0.008026,0.007563,0.007609,0.007292,0.007209,0.007660,0.006552,0.006554,0.006552,0.006294,0.004916
find_reactive_cmds_time_sec,0.000152,0.000135,0.000137,0.000132,0.000134,0.000134,0.000140,0.000129,0.000130,0.000133,0.000127,0.000124
find_proactive_cmds_time_sec,0.010414,0.011050,0.010879,0.010976,0.010569,0.010404,0.010600,0.014055,0.010521,0.010228,0.010471,0.010859
find_covered_races_time,0.017275,0.019408,0.016503,0.017991,0.019698,0.018235,0.021329,0.021071,0.023161,0.024039,0.025982,0.028019
per_packet_inconsistent_time_sec,0.000184,0.000188,0.000299,0.000400,0.000609,0.000544,0.000855,0.001211,0.001443,0.001623,0.001925,0.003551
find_inconsistent_update_time_sec,-0.000005,-0.000006,-0.000007,-0.000008,-0.000010,-0.000010,-0.000012,-0.000015,-0.000017,-0.000019,-0.000024,-0.000036
