key/t,False-0,False-1,False-2,False-3,False-4,False-5,False-6,False-7,False-8,False-9,False-10,False-inf
total_time_sec,0.161793,0.166212,0.165368,0.167856,0.165929,0.161131,0.180805,0.170339,0.168797,0.164533,0.168591,0.183900
load_time_sec,0.103891,0.109004,0.104440,0.110407,0.108174,0.103946,0.109492,0.111519,0.110578,0.103901,0.103786,0.117726
detect_races_time_sec,0.020230,0.019899,0.020222,0.019943,0.019749,0.019712,0.024258,0.018337,0.018260,0.017853,0.017628,0.015331
extract_traces_time_sec,0.008790,0.008032,0.007781,0.008143,0.007505,0.007476,0.007505,0.006869,0.006612,0.006567,0.008227,0.005102
find_reactive_cmds_time_sec,0.000159,0.000140,0.000134,0.000136,0.000138,0.000132,0.000138,0.000139,0.000132,0.000135,0.000194,0.000135
find_proactive_cmds_time_sec,0.010976,0.010837,0.010806,0.011092,0.010957,0.011063,0.012054,0.011385,0.010588,0.011373,0.012690,0.010761
find_covered_races_time,0.017521,0.018041,0.021605,0.017687,0.018744,0.018153,0.026275,0.020756,0.021221,0.023091,0.024149,0.031175
per_packet_inconsistent_time_sec,0.000189,0.000215,0.000338,0.000408,0.000621,0.000609,0.001028,0.001287,0.001358,0.001562,0.001865,0.003600
find_inconsistent_update_time_sec,-0.000006,-0.000007,-0.000007,-0.000008,-0.000010,-0.000010,-0.000017,-0.000016,-0.000016,-0.000018,-0.000022,-0.000036
