key/t,False-0,False-1,False-2,False-3,False-4,False-5,False-6,False-7,False-8,False-9,False-10,False-inf
total_time_sec,0.148895,0.149106,0.150974,0.114553,0.151029,0.152350,0.151887,0.153938,0.153581,0.152186,0.157354,0.158803
load_time_sec,0.095476,0.096029,0.097463,0.074140,0.097084,0.097451,0.097416,0.097323,0.096935,0.095891,0.098145,0.097157
detect_races_time_sec,0.021105,0.021102,0.021247,0.015784,0.020838,0.020929,0.020433,0.019797,0.019692,0.019101,0.018908,0.016347
extract_traces_time_sec,0.009582,0.009421,0.009566,0.007125,0.009272,0.009091,0.008911,0.008584,0.008498,0.007947,0.007886,0.006136
find_reactive_cmds_time_sec,0.000161,0.000165,0.000166,0.000120,0.000165,0.000164,0.000159,0.000181,0.000185,0.000162,0.000163,0.000157
find_proactive_cmds_time_sec,0.003554,0.003406,0.003531,0.002728,0.003566,0.003526,0.003543,0.003565,0.003579,0.003526,0.003536,0.003550
find_covered_races_time,0.018801,0.018766,0.018655,0.014363,0.019502,0.020589,0.020556,0.023201,0.023340,0.024015,0.026738,0.031870
per_packet_inconsistent_time_sec,0.000201,0.000200,0.000328,0.000280,0.000582,0.000580,0.000846,0.001259,0.001322,0.001512,0.001942,0.003535
find_inconsistent_update_time_sec,0.000007,0.000008,0.000009,0.000006,0.000011,0.000011,0.000014,0.000019,0.000020,0.000023,0.000027,0.000041
