key/t,False-0,False-1,False-2,False-3,False-4,False-5,False-6,False-7,False-8,False-9,False-10,False-inf
total_time_sec,0.142002,0.143881,0.150184,0.178543,0.152982,0.152342,0.165096,0.155013,0.146111,0.138868,0.157475,0.159222
load_time_sec,0.093774,0.095381,0.095795,0.109535,0.096586,0.096441,0.108682,0.096985,0.094820,0.086825,0.097187,0.096349
detect_races_time_sec,0.019261,0.019451,0.021657,0.029117,0.021320,0.021301,0.021126,0.020462,0.017825,0.017694,0.019453,0.016926
extract_traces_time_sec,0.008557,0.008586,0.009681,0.012161,0.009590,0.009409,0.009085,0.008543,0.007375,0.007199,0.008215,0.006266
find_reactive_cmds_time_sec,0.000195,0.000205,0.000230,0.000296,0.000257,0.000241,0.000234,0.000241,0.000205,0.000201,0.000248,0.000213
find_proactive_cmds_time_sec,0.003548,0.003555,0.003962,0.004589,0.004107,0.004184,0.004041,0.004238,0.003648,0.003666,0.004107,0.003960
find_covered_races_time,0.016430,0.016467,0.018466,0.022332,0.020448,0.020109,0.021001,0.023164,0.020973,0.021852,0.026266,0.031850
per_packet_inconsistent_time_sec,0.000215,0.000214,0.000370,0.000487,0.000646,0.000630,0.000896,0.001342,0.001232,0.001396,0.001956,0.003600
find_inconsistent_update_time_sec,0.000008,0.000008,0.000009,0.000012,0.000013,0.000012,0.000016,0.000022,0.000019,0.000021,0.000029,0.000043
