key/t,False-0,False-1,False-2,False-3,False-4,False-5,False-6,False-7,False-8,False-9,False-10,False-inf
total_time_sec,0.059800,0.058982,0.060655,0.058490,0.059913,0.059688,0.058905,0.058599,0.059004,0.058932,0.059263,0.059586
load_time_sec,0.035962,0.035278,0.036367,0.035767,0.036057,0.035857,0.035474,0.035853,0.036104,0.036000,0.036347,0.035880
detect_races_time_sec,0.012596,0.012585,0.012666,0.012546,0.012407,0.012371,0.012233,0.011736,0.011791,0.011719,0.011759,0.011654
extract_traces_time_sec,0.007035,0.006999,0.007131,0.006609,0.006899,0.006915,0.006588,0.006168,0.006111,0.006244,0.006188,0.006133
find_reactive_cmds_time_sec,0.000264,0.000264,0.000279,0.000204,0.000269,0.000269,0.000266,0.000268,0.000269,0.000264,0.000264,0.000268
find_proactive_cmds_time_sec,0.003784,0.003698,0.003800,0.003053,0.003772,0.003750,0.003692,0.003750,0.003834,0.003800,0.003814,0.003809
find_covered_races_time,0.000001,0.000001,0.000001,0.000000,0.000001,0.000001,0.000001,0.000001,0.000001,0.000000,0.000001,0.000001
per_packet_inconsistent_time_sec,0.000140,0.000139,0.000391,0.000295,0.000488,0.000505,0.000629,0.000800,0.000869,0.000879,0.000865,0.001797
find_inconsistent_update_time_sec,0.000008,0.000008,0.000011,0.000009,0.000011,0.000011,0.000012,0.000014,0.000014,0.000015,0.000014,0.000032
