key/t,False-0,False-1,False-2,False-3,False-4,False-5,False-6,False-7,False-8,False-9,False-10,False-inf
total_time_sec,0.101978,0.105834,0.101629,0.107814,0.101263,0.113305,0.102295,0.111068,0.109060,0.102818,0.105429,0.107757
load_time_sec,0.070125,0.070165,0.069580,0.076069,0.069562,0.080580,0.070494,0.073701,0.077421,0.070731,0.073926,0.074842
detect_races_time_sec,0.011717,0.011766,0.011682,0.011687,0.011631,0.011494,0.011182,0.012594,0.010829,0.010980,0.010878,0.011111
extract_traces_time_sec,0.005010,0.005081,0.004927,0.004942,0.004828,0.005000,0.004616,0.005364,0.004238,0.004350,0.004209,0.004284
find_reactive_cmds_time_sec,0.000216,0.000214,0.000217,0.000229,0.000215,0.000217,0.000218,0.000257,0.000215,0.000213,0.000214,0.000212
find_proactive_cmds_time_sec,0.011838,0.014926,0.011934,0.011759,0.011577,0.012505,0.011930,0.014835,0.012124,0.011998,0.011999,0.012072
find_covered_races_time,0.002920,0.003503,0.002932,0.002767,0.002943,0.003067,0.003272,0.003601,0.003475,0.003792,0.003482,0.003930
per_packet_inconsistent_time_sec,0.000116,0.000138,0.000321,0.000324,0.000466,0.000403,0.000532,0.000673,0.000709,0.000714,0.000679,0.001252
find_inconsistent_update_time_sec,-0.000007,-0.000007,-0.000008,-0.000008,-0.000009,-0.000008,-0.000011,-0.000010,-0.000020,-0.000011,-0.000012,-0.000024
