key/t,False-0,False-1,False-2,False-3,False-4,False-5,False-6,False-7,False-8,False-9,False-10,False-inf,True-0,True-1,True-2,True-3,True-4,True-5,True-6,True-7,True-8,True-9,True-10,True-inf
total_time_sec,0.317382,0.326979,0.338499,0.317710,0.319549,0.318707,0.315102,0.312385,0.388349,0.392966,0.352617,0.315659,0.314263,0.356524,0.320496,0.307178,0.311091,0.309484,0.303706,0.335351,0.323033,0.319365,0.304588,0.379123
load_time_sec,0.188678,0.193670,0.207750,0.187557,0.190699,0.188926,0.186447,0.182327,0.232891,0.214172,0.215950,0.189529,0.196420,0.218385,0.197367,0.187138,0.190409,0.189244,0.185126,0.205568,0.198102,0.199761,0.187512,0.225173
detect_races_time_sec,0.027889,0.027705,0.027823,0.027571,0.028072,0.027120,0.025755,0.024541,0.028858,0.024055,0.027723,0.023089,0.027149,0.031237,0.026989,0.027382,0.027922,0.027781,0.025397,0.028232,0.027040,0.026543,0.027074,0.031793
extract_traces_time_sec,0.011483,0.010704,0.010871,0.011253,0.009738,0.009317,0.009114,0.008493,0.010235,0.007731,0.009102,0.007039,0.008363,0.009345,0.008029,0.007766,0.007494,0.006575,0.006339,0.007408,0.006722,0.005735,0.005539,0.006632
find_reactive_cmds_time_sec,0.000370,0.000359,0.000327,0.000339,0.000321,0.000339,0.000325,0.000353,0.000363,0.000335,0.000247,0.000609,0.000352,0.000378,0.000337,0.000321,0.000332,0.000317,0.000320,0.000346,0.000326,0.000342,0.000325,0.000474
find_proactive_cmds_time_sec,0.076066,0.079916,0.076607,0.077072,0.075310,0.077860,0.076778,0.079806,0.094412,0.124282,0.081813,0.074786,0.075567,0.088060,0.079137,0.076039,0.075612,0.076043,0.075704,0.082219,0.079375,0.075026,0.072679,0.091976
find_covered_races_time,0.012647,0.014193,0.014556,0.013278,0.014668,0.014001,0.015673,0.015333,0.019810,0.020384,0.016575,0.017928,0.005864,0.008171,0.007138,0.007643,0.008214,0.008365,0.009378,0.009422,0.009545,0.009669,0.009398,0.017378
per_packet_inconsistent_time_sec,0.000216,0.000396,0.000531,0.000604,0.000706,0.001108,0.000975,0.001486,0.001454,0.001899,0.001168,0.002637,0.000515,0.000901,0.001199,0.000847,0.001069,0.001120,0.001402,0.001888,0.001879,0.002243,0.002019,0.005578
find_inconsistent_update_time_sec,-0.000007,-0.000009,-0.000008,-0.000009,-0.000009,-0.000010,-0.000009,-0.000012,-0.000014,-0.000108,-0.000012,-0.000017,-0.000007,-0.000014,0.000000,-0.000012,-0.000013,-0.000014,-0.000014,-0.000016,-0.000016,-0.000017,-0.000016,-0.000069
