key/t,False-0,False-1,False-2,False-3,False-4,False-5,False-6,False-7,False-8,False-9,False-10,False-inf,True-0,True-1,True-2,True-3,True-4,True-5,True-6,True-7,True-8,True-9,True-10,True-inf
total_time_sec,0.172585,0.167790,0.164041,0.166751,0.169272,0.165779,0.164289,0.165636,0.164994,0.164240,0.172546,0.168249,0.161602,0.165476,0.167510,0.168062,0.168502,0.171018,0.222221,0.188139,0.165975,0.168315,0.159804,0.170323
load_time_sec,0.125854,0.124006,0.120488,0.123154,0.124181,0.121174,0.118683,0.119924,0.120376,0.119700,0.124171,0.121913,0.118220,0.124544,0.125981,0.128365,0.126842,0.128356,0.180685,0.137655,0.123408,0.125865,0.119508,0.124790
detect_races_time_sec,0.018343,0.016645,0.016936,0.016948,0.016495,0.016249,0.016845,0.016508,0.015739,0.015906,0.018131,0.016691,0.021338,0.019839,0.019964,0.018624,0.020324,0.020576,0.019282,0.023068,0.020303,0.018868,0.018034,0.019504
extract_traces_time_sec,0.007678,0.005662,0.004322,0.004236,0.004441,0.004153,0.004052,0.003935,0.003871,0.004420,0.004260,0.003875,0.006094,0.003829,0.003595,0.003273,0.003249,0.003276,0.003350,0.004726,0.003281,0.003240,0.003229,0.003200
find_reactive_cmds_time_sec,0.000057,0.000060,0.000054,0.000055,0.000058,0.000061,0.000053,0.000055,0.000055,0.000060,0.000062,0.000055,0.000058,0.000063,0.000075,0.000058,0.000058,0.000057,0.000059,0.000075,0.000055,0.000057,0.000057,0.000062
find_proactive_cmds_time_sec,0.012194,0.011837,0.012252,0.012457,0.012810,0.013093,0.013538,0.013217,0.012981,0.012354,0.012743,0.012479,0.012548,0.013159,0.013421,0.012894,0.012707,0.013313,0.013111,0.015205,0.012619,0.013576,0.012368,0.012998
find_covered_races_time,0.008204,0.009032,0.009262,0.009083,0.010305,0.009980,0.009984,0.010637,0.010649,0.010376,0.011766,0.011260,0.003154,0.003394,0.003592,0.003816,0.004111,0.004180,0.004337,0.005236,0.004588,0.004619,0.004833,0.006808
per_packet_inconsistent_time_sec,0.000195,0.000487,0.000656,0.000755,0.000927,0.001014,0.001066,0.001299,0.001258,0.001357,0.001338,0.001914,0.000141,0.000597,0.000827,0.000981,0.001148,0.001207,0.001344,0.002079,0.001656,0.002027,0.001701,0.002857
find_inconsistent_update_time_sec,-0.000005,-0.000006,-0.000006,-0.000007,-0.000007,-0.000008,-0.000008,-0.000010,-0.000009,-0.000010,-0.000009,-0.000013,-0.000005,-0.000009,-0.000010,-0.000009,-0.000011,-0.000012,-0.000011,-0.000014,-0.000012,-0.000015,-0.000013,-0.000047
