key/t,False-0,False-1,False-2,False-3,False-4,False-5,False-6,False-7,False-8,False-9,False-10,False-inf
total_time_sec,0.180113,0.180966,0.186554,0.184756,0.185280,0.180300,0.179355,0.180433,0.187398,0.197475,0.179421,0.179757
load_time_sec,0.130172,0.130311,0.136265,0.128539,0.134861,0.129472,0.130009,0.130123,0.136391,0.139758,0.129196,0.128615
detect_races_time_sec,0.020765,0.020881,0.020819,0.020221,0.019957,0.019888,0.019748,0.019230,0.018739,0.019644,0.017955,0.017821
extract_traces_time_sec,0.007833,0.007645,0.007341,0.007282,0.007092,0.006603,0.006413,0.005860,0.005643,0.009004,0.005285,0.005294
find_reactive_cmds_time_sec,0.000230,0.000231,0.000236,0.000260,0.000227,0.000226,0.000231,0.000230,0.000232,0.000349,0.000225,0.000229
find_proactive_cmds_time_sec,0.010658,0.010536,0.010845,0.012940,0.010909,0.010529,0.010845,0.010727,0.011096,0.012748,0.011166,0.011108
find_covered_races_time,0.010231,0.010942,0.010559,0.014745,0.011561,0.012711,0.011143,0.012971,0.013764,0.014254,0.014010,0.013758
per_packet_inconsistent_time_sec,0.000187,0.000378,0.000449,0.000711,0.000631,0.000828,0.000921,0.001248,0.001481,0.001660,0.001535,0.002860
find_inconsistent_update_time_sec,-0.000006,-0.000008,-0.000008,-0.000011,-0.000010,-0.000011,-0.000011,-0.000013,-0.000015,-0.000017,-0.000016,-0.000028
