key/t,False-0,False-1,False-2,False-3,False-4,False-5,False-6,False-7,False-8,False-9,False-10,False-inf,True-0,True-1,True-2,True-3,True-4,True-5,True-6,True-7,True-8,True-9,True-10,True-inf
total_time_sec,0.214883,0.207794,0.203688,0.201119,0.206718,0.210651,0.214844,0.197991,0.203758,0.202946,0.206976,0.212230,0.198639,0.201414,0.199314,0.208861,0.194017,0.198065,0.202507,0.195039,0.196753,0.203368,0.204145,0.204093
load_time_sec,0.159970,0.150193,0.148605,0.145676,0.152198,0.154324,0.160662,0.144248,0.146623,0.149858,0.151340,0.152760,0.151082,0.153227,0.150221,0.159412,0.143564,0.150419,0.154610,0.145005,0.143031,0.153312,0.152248,0.145806
detect_races_time_sec,0.023033,0.022439,0.022624,0.021891,0.021439,0.023538,0.021363,0.020321,0.022848,0.019848,0.020174,0.021114,0.022414,0.022310,0.022523,0.023879,0.022314,0.022244,0.022102,0.023990,0.023650,0.023608,0.025322,0.021690
extract_traces_time_sec,0.008491,0.009907,0.008096,0.007677,0.007390,0.007556,0.006918,0.006330,0.006506,0.005731,0.005795,0.005879,0.006703,0.006779,0.006758,0.005558,0.005595,0.005467,0.005172,0.005431,0.004666,0.004527,0.004642,0.004681
find_reactive_cmds_time_sec,0.000248,0.000316,0.000276,0.000269,0.000244,0.000255,0.000274,0.000251,0.000242,0.000245,0.000245,0.000247,0.000266,0.000298,0.000320,0.000247,0.000273,0.000251,0.000245,0.000277,0.000499,0.000243,0.000245,0.000289
find_proactive_cmds_time_sec,0.011854,0.012347,0.011882,0.012248,0.011555,0.011998,0.012387,0.011616,0.011612,0.011711,0.011194,0.012590,0.012458,0.012357,0.012435,0.012666,0.014549,0.011863,0.011619,0.011722,0.015469,0.011700,0.012201,0.014436
find_covered_races_time,0.011063,0.012242,0.011700,0.012738,0.013202,0.012162,0.012197,0.013921,0.014502,0.014163,0.016418,0.017254,0.005497,0.005916,0.006246,0.006191,0.006489,0.006431,0.007423,0.007036,0.007483,0.007775,0.007411,0.012819
per_packet_inconsistent_time_sec,0.000173,0.000301,0.000438,0.000562,0.000627,0.000766,0.000983,0.001241,0.001355,0.001327,0.001747,0.002326,0.000168,0.000476,0.000737,0.000854,0.001146,0.001337,0.001280,0.001521,0.001896,0.002146,0.002005,0.004262
find_inconsistent_update_time_sec,-0.000005,-0.000006,-0.000006,-0.000007,-0.000006,-0.000007,-0.000008,-0.000009,-0.000009,-0.000020,-0.000011,-0.000014,-0.000005,-0.000009,-0.000013,-0.000011,-0.000012,-0.000011,-0.000011,-0.000016,-0.000014,-0.000013,-0.000012,-0.000056
