key/t,False-0,False-1,False-2,False-3,False-4,False-5,False-6,False-7,False-8,False-9,False-10,False-inf
total_time_sec,0.078617,0.087889,0.079585,0.079502,0.079435,0.089775,0.087904,0.088077,0.088125,0.096595,0.086621,0.088564
load_time_sec,0.053458,0.059609,0.053908,0.053850,0.053922,0.060771,0.060094,0.060302,0.060355,0.064675,0.060000,0.059929
detect_races_time_sec,0.011438,0.013020,0.011507,0.011517,0.011318,0.012906,0.012385,0.012075,0.011991,0.014510,0.011933,0.011811
extract_traces_time_sec,0.006650,0.007356,0.006704,0.006653,0.006507,0.007419,0.006888,0.006647,0.006570,0.007424,0.006506,0.006503
find_reactive_cmds_time_sec,0.000256,0.000280,0.000261,0.000243,0.000255,0.000323,0.000265,0.000277,0.000266,0.000294,0.000310,0.000271
find_proactive_cmds_time_sec,0.003813,0.004191,0.003977,0.003838,0.003998,0.004460,0.004200,0.004258,0.004214,0.004543,0.003735,0.004174
find_covered_races_time,0.002848,0.003249,0.002836,0.003005,0.002975,0.003342,0.003465,0.003757,0.003946,0.004308,0.003445,0.004387
per_packet_inconsistent_time_sec,0.000134,0.000160,0.000369,0.000374,0.000436,0.000526,0.000582,0.000733,0.000755,0.000805,0.000668,0.001439
find_inconsistent_update_time_sec,0.000008,0.000010,0.000009,0.000010,0.000011,0.000013,0.000012,0.000014,0.000015,0.000022,0.000013,0.000036
