key/t,False-0,False-1,False-2,False-3,False-4,False-5,False-6,False-7,False-8,False-9,False-10,False-inf,True-0,True-1,True-2,True-3,True-4,True-5,True-6,True-7,True-8,True-9,True-10,True-inf
total_time_sec,0.201873,0.200239,0.206029,0.201194,0.202834,0.204152,0.201812,0.207256,0.204302,0.204019,0.210123,0.196611,0.196761,0.194282,0.191419,0.188828,0.191729,0.192175,0.189980,0.195990,0.192615,0.196018,0.198691,0.210895
load_time_sec,0.146194,0.144424,0.148209,0.145864,0.146523,0.148720,0.146078,0.152018,0.150249,0.149916,0.154930,0.140773,0.148890,0.147119,0.144184,0.141061,0.143110,0.145849,0.140828,0.145794,0.144435,0.147079,0.150589,0.150646
detect_races_time_sec,0.023078,0.022393,0.024534,0.023092,0.022350,0.021617,0.021283,0.021234,0.020103,0.020338,0.019626,0.019224,0.023539,0.022886,0.022297,0.022768,0.022307,0.021523,0.022521,0.022844,0.022533,0.022729,0.022179,0.025177
extract_traces_time_sec,0.008987,0.008321,0.008620,0.007923,0.007900,0.007617,0.007478,0.007070,0.006095,0.005904,0.006060,0.005957,0.006556,0.005883,0.005868,0.005768,0.005677,0.005454,0.005627,0.005188,0.004834,0.004665,0.004649,0.004790
find_reactive_cmds_time_sec,0.000301,0.000265,0.000271,0.000280,0.000269,0.000273,0.000274,0.000360,0.000259,0.000259,0.000324,0.000260,0.000262,0.000257,0.000265,0.000280,0.000267,0.000277,0.000439,0.000279,0.000253,0.000256,0.000258,0.000276
find_proactive_cmds_time_sec,0.011220,0.011710,0.011698,0.011333,0.012160,0.011800,0.011652,0.011453,0.011938,0.011693,0.012371,0.011763,0.011869,0.011571,0.012153,0.011785,0.012128,0.011840,0.011438,0.011758,0.011647,0.011020,0.010949,0.013189
find_covered_races_time,0.011856,0.012672,0.012160,0.012110,0.012907,0.013212,0.013992,0.013998,0.014125,0.014494,0.015380,0.016263,0.005314,0.006002,0.005911,0.006361,0.007162,0.006107,0.007629,0.008651,0.007112,0.008105,0.007899,0.012443
per_packet_inconsistent_time_sec,0.000187,0.000394,0.000481,0.000539,0.000666,0.000856,0.000998,0.001064,0.001474,0.001351,0.001371,0.002307,0.000280,0.000512,0.000684,0.000749,0.001023,0.001070,0.001398,0.001418,0.001751,0.002088,0.002077,0.004249
find_inconsistent_update_time_sec,-0.000006,-0.000007,-0.000006,-0.000006,-0.000007,-0.000008,-0.000008,-0.000009,-0.000010,-0.000010,-0.000010,-0.000014,-0.000006,-0.000009,-0.000009,-0.000010,-0.000011,-0.000010,-0.000020,-0.000012,-0.000012,-0.000013,-0.000025,-0.000076
