key/t,False-0,False-1,False-2,False-3,False-4,False-5,False-6,False-7,False-8,False-9,False-10,False-inf
total_time_sec,0.088174,0.087755,0.087452,0.086190,0.087619,0.088070,0.075451,0.085789,0.087182,0.086072,0.087044,0.087544
load_time_sec,0.061001,0.060667,0.060282,0.059390,0.060466,0.060605,0.055125,0.059572,0.060420,0.059716,0.060320,0.060118
detect_races_time_sec,0.012868,0.012693,0.012582,0.012508,0.012339,0.012446,0.009112,0.011678,0.011794,0.011731,0.011846,0.011618
extract_traces_time_sec,0.007107,0.007158,0.007064,0.006897,0.006838,0.006839,0.005072,0.006131,0.006254,0.006102,0.006192,0.006122
find_reactive_cmds_time_sec,0.000274,0.000278,0.000267,0.000266,0.000268,0.000277,0.000206,0.000264,0.000270,0.000272,0.000268,0.000266
find_proactive_cmds_time_sec,0.003786,0.003812,0.003813,0.003705,0.003753,0.003876,0.002958,0.003705,0.003808,0.003700,0.003774,0.003783
find_covered_races_time,0.002984,0.002993,0.003063,0.003048,0.003471,0.003513,0.002542,0.003717,0.003883,0.003800,0.003885,0.004226
per_packet_inconsistent_time_sec,0.000136,0.000135,0.000362,0.000357,0.000464,0.000492,0.000419,0.000699,0.000729,0.000728,0.000735,0.001367
find_inconsistent_update_time_sec,0.000008,0.000009,0.000010,0.000010,0.000011,0.000011,0.000009,0.000013,0.000014,0.000014,0.000014,0.000034
