key/t,False-0,False-1,False-2,False-3,False-4,False-5,False-6,False-7,False-8,False-9,False-10,False-inf
total_time_sec,23.515384,24.544125,24.520169,25.142287,25.970934,25.509217,25.664454,25.895453,25.882896,26.733600,27.160960,31.588203
load_time_sec,4.415989,4.593282,4.831310,4.830933,4.585329,4.592968,4.513750,4.490340,4.571897,4.586887,4.623946,4.576477
detect_races_time_sec,18.617752,19.096389,18.526756,18.842495,19.634347,18.502257,18.719014,18.783689,18.358648,18.417405,18.574147,18.304842
extract_traces_time_sec,0.192009,0.177632,0.164693,0.150678,0.149732,0.130435,0.123309,0.115611,0.106526,0.101428,0.102286,0.065490
find_reactive_cmds_time_sec,0.136140,0.134922,0.136336,0.135253,0.136898,0.136851,0.134413,0.134165,0.133884,0.132004,0.134353,0.130568
find_proactive_cmds_time_sec,0.143181,0.147039,0.144051,0.143737,0.144167,0.144838,0.142462,0.141430,0.142489,0.139796,0.142808,0.139957
find_covered_races_time,0.008719,0.191927,0.289009,0.342884,0.387938,0.359193,0.385017,0.360225,0.337086,0.318442,0.320665,0.255965
per_packet_inconsistent_time_sec,0.001452,0.046183,0.078386,0.108123,0.140975,0.174267,0.223561,0.237909,0.262654,0.285439,0.306934,0.546202
find_inconsistent_update_time_sec,0.000129,0.156724,0.349608,0.588163,0.791519,1.468387,1.422905,1.632059,1.969683,2.752177,2.955802,7.568647
