key/t,False-0,False-1,False-2,False-3,False-4,False-5,False-6,False-7,False-8,False-9,False-10,False-inf
total_time_sec,43.110457,66.642634,100.209102,134.351469,168.710183,202.630235,239.580335,277.840844,311.127177,331.000257,372.330062,821.941311
load_time_sec,8.302210,8.389000,8.074216,8.381223,8.422375,8.501053,8.401010,8.369612,8.192757,7.879235,7.856084,8.626342
detect_races_time_sec,33.302339,33.618200,32.590074,32.929804,33.380869,33.785823,32.838968,32.058568,32.044517,30.439666,29.846512,25.752711
extract_traces_time_sec,0.269118,0.252957,0.212503,0.211448,0.196248,0.188144,0.173326,0.155020,0.147082,0.136541,0.140874,0.100710
find_reactive_cmds_time_sec,0.530594,0.529031,0.496919,0.501619,0.506169,0.527273,0.513546,0.468107,0.492824,0.476808,0.464254,0.442378
find_proactive_cmds_time_sec,0.672936,0.606415,0.623304,0.635650,0.613306,0.664297,0.617398,0.585525,0.626108,0.553537,0.568668,0.547004
find_covered_races_time,0.012499,0.220262,0.364361,0.426501,0.460283,0.492024,0.461425,0.414278,0.443196,0.392170,0.409840,0.355829
per_packet_inconsistent_time_sec,0.018631,0.097729,0.186425,0.269724,0.343259,0.446888,0.512107,0.592322,0.664923,0.682169,0.757953,1.388277
find_inconsistent_update_time_sec,-0.002066,-22.928991,-57.661249,-90.995447,-124.787586,-158.024679,-196.062495,-235.197346,-268.515715,-290.440074,-332.285826,-784.728004
