key/t,False-0,False-1,False-2,False-3,False-4,False-5,False-6,False-7,False-8,False-9,False-10,False-inf
total_time_sec,21.912390,33.474521,50.673951,65.129528,80.640331,96.353892,115.361977,133.486128,150.330492,163.718069,179.563977,405.036158
load_time_sec,2.751122,2.710116,2.717774,2.674165,2.997627,2.711102,2.877714,2.707461,2.916513,3.005390,2.680530,2.670169
detect_races_time_sec,18.160584,17.808692,18.519300,18.368870,18.035168,18.000936,18.430543,18.494306,18.291479,17.856719,17.804397,17.730140
extract_traces_time_sec,0.186805,0.171412,0.158366,0.145772,0.135318,0.125683,0.118140,0.112697,0.104915,0.099880,0.092765,0.064818
find_reactive_cmds_time_sec,0.363775,0.342010,0.341313,0.335410,0.335530,0.326351,0.326079,0.324528,0.321393,0.317737,0.313565,0.294378
find_proactive_cmds_time_sec,0.438035,0.420825,0.417537,0.412979,0.415556,0.406212,0.414184,0.409301,0.402442,0.412974,0.393605,0.382742
find_covered_races_time,0.000002,0.000001,0.000002,0.000002,0.000001,0.000001,0.000001,0.000001,0.000002,0.000002,0.000002,0.000001
per_packet_inconsistent_time_sec,0.011073,0.072200,0.123600,0.172777,0.220123,0.277657,0.403542,0.370899,0.555432,0.433533,0.471547,0.877754
find_inconsistent_update_time_sec,0.000982,11.949213,28.396009,43.019504,58.500948,74.505897,92.791720,111.066881,127.738261,141.591778,157.807511,383.016098
