key/t,False-0,False-1,False-2,False-3,False-4,False-5,False-6,False-7,False-8,False-9,False-10,False-inf,True-0,True-1,True-2,True-3,True-4,True-5,True-6,True-7,True-8,True-9,True-10,True-inf
total_time_sec,5.671086,5.735618,5.737607,6.864956,9.864112,8.789108,10.927893,12.163970,12.199913,13.160208,13.206046,16.199014,6.355472,6.637225,7.003795,8.262959,10.510999,10.396737,11.647300,12.346638,13.580328,15.101330,15.416574,13.551151
load_time_sec,3.001089,2.864784,2.847454,2.859176,4.053580,2.758494,3.350995,3.134568,2.967743,3.111763,3.327868,2.760241,2.937847,2.780489,2.965557,3.208186,3.081192,2.867036,2.769650,2.892224,2.800650,2.941590,2.904760,2.765762
detect_races_time_sec,0.486270,0.486647,0.461622,0.479993,0.470162,0.464802,0.514708,0.627489,0.496057,0.477079,0.495859,0.496265,0.507553,0.500193,0.478064,0.513512,0.953736,0.489004,0.486968,0.483597,0.472942,0.473736,0.461001,0.424874
extract_traces_time_sec,0.105248,0.088470,0.073903,0.071302,0.070315,0.069342,0.074063,0.080557,0.088975,0.073851,0.067528,0.082930,0.100140,0.092415,0.073217,0.071933,0.082770,0.073483,0.069324,0.073325,0.094669,0.070047,0.077469,0.066864
find_reactive_cmds_time_sec,0.000037,0.000034,0.000033,0.000034,0.000033,0.000034,0.000033,0.000032,0.000054,0.000036,0.000034,0.000037,0.000015,0.000035,0.000035,0.000034,0.000035,0.000034,0.000083,0.000035,0.000036,0.000033,0.000035,0.000034
find_proactive_cmds_time_sec,0.099694,0.095150,0.091147,0.094283,0.092865,0.096063,0.104562,0.124578,0.117381,0.104927,0.096166,0.095426,0.099187,0.103657,0.090615,0.089723,0.115443,0.095568,0.094220,0.109256,0.134997,0.106703,0.102608,0.086958
find_covered_races_time,1.011647,1.068484,1.144016,1.230633,1.356697,1.389964,1.502756,1.517371,1.745292,1.788148,1.788775,2.349433,1.739851,2.079346,2.255272,2.956353,4.354639,4.803334,5.847953,6.456574,7.422892,8.288004,8.700684,5.680788
per_packet_inconsistent_time_sec,0.001845,0.004025,0.008916,0.030250,0.052804,0.080777,0.118198,0.136952,0.228204,0.227962,0.268495,0.433573,0.002011,0.006181,0.010336,0.030925,0.050441,0.082585,0.105570,0.137638,0.192849,0.245691,0.256729,0.416046
find_inconsistent_update_time_sec,-0.000010,-0.000010,-0.000013,-0.000026,-0.000041,-0.000055,-0.000090,-0.000085,-0.000101,-0.000120,-0.000131,-0.000215,-0.000010,-0.000056,-0.000063,-0.000073,-0.000089,0.000000,0.000000,-0.000131,-0.000146,-0.000211,-0.000177,-0.000266
