key/t,False-0,False-1,False-2,False-3,False-4,False-5,False-6,False-7,False-8,False-9,False-10,False-inf,True-0,True-1,True-2,True-3,True-4,True-5,True-6,True-7,True-8,True-9,True-10,True-inf
total_time_sec,4.284421,4.356354,4.594618,4.707700,6.157547,4.687951,4.744320,4.969409,5.004049,5.156222,5.242277,5.973842,5.258073,6.498136,5.860640,7.825563,7.308926,7.978748,9.129735,10.440202,10.411931,11.283845,11.679098,9.360524
load_time_sec,2.667933,2.695314,2.793452,2.904897,3.291522,2.764154,2.673963,2.827565,2.708011,2.702777,2.665982,2.730815,2.761982,3.949208,2.759904,3.010886,2.794237,2.731138,2.711008,2.794459,2.760526,2.727171,2.829118,2.831924
detect_races_time_sec,0.481230,0.477717,0.479998,0.476768,0.888247,0.458662,0.440524,0.451246,0.453052,0.441208,0.442396,0.418884,0.497253,0.482403,0.489246,0.928742,0.490522,0.484127,0.458945,0.462657,0.461999,0.457780,0.451866,0.433176
extract_traces_time_sec,0.091686,0.085876,0.081415,0.070192,0.122778,0.068853,0.066673,0.064273,0.063051,0.067126,0.064485,0.068000,0.098866,0.082984,0.083403,0.133234,0.068560,0.065335,0.066159,0.070602,0.068005,0.063814,0.066766,0.071456
find_reactive_cmds_time_sec,0.000034,0.000082,0.000036,0.000034,0.000047,0.000034,0.000032,0.000034,0.000036,0.000037,0.000033,0.000000,0.000691,0.000033,0.000000,0.000046,0.000034,0.000035,0.000000,0.000038,0.000000,0.000000,0.000033,0.000032
find_proactive_cmds_time_sec,0.088013,0.082994,0.094620,0.083556,0.142628,0.086582,0.092440,0.085937,0.082053,0.085160,0.085085,0.088783,0.091377,0.089590,0.096155,0.152236,0.086916,0.086694,0.087600,0.093214,0.089303,0.082642,0.081360,0.095685
find_covered_races_time,0.953880,1.009763,1.138068,1.144764,1.612447,1.235335,1.362892,1.413454,1.518531,1.645007,1.739744,2.267217,1.805853,1.887186,2.421833,3.570474,3.818951,4.529513,5.693672,6.876384,6.840068,7.738189,8.001954,5.503374
per_packet_inconsistent_time_sec,0.001645,0.004563,0.006979,0.027424,0.099745,0.074241,0.107688,0.126782,0.179178,0.214753,0.244384,0.400000,0.002005,0.006643,0.010076,0.029945,0.049577,0.081760,0.112193,0.141736,0.191841,0.214024,0.246269,0.424522
find_inconsistent_update_time_sec,0.000000,-0.000010,-0.000012,-0.000029,-0.000081,-0.000054,-0.000072,-0.000081,-0.000102,-0.000118,-0.000133,-0.000106,-0.000010,-0.000055,0.000000,0.000000,-0.000090,-0.000108,-0.000120,-0.001020,-0.000149,-0.000171,-0.000188,-0.000309
