key/t,False-0,False-1,False-2,False-3,False-4,False-5,False-6,False-7,False-8,False-9,False-10,False-inf,True-0,True-1,True-2,True-3,True-4,True-5,True-6,True-7,True-8,True-9,True-10,True-inf
total_time_sec,6.208786,5.760921,5.300306,5.953340,5.768973,6.111962,5.857367,6.707137,6.687661,5.644247,7.214842,8.276407,5.607888,6.491794,6.621069,7.075615,9.369399,9.700719,9.759851,11.474707,14.173748,14.072422,15.203440,12.293767
load_time_sec,4.243136,2.907432,3.400191,3.548530,3.260097,3.433258,3.529077,4.011558,3.809046,2.867712,3.709293,3.377521,3.211299,3.523244,3.334483,3.261302,3.526667,3.083311,2.838382,3.117180,3.277151,3.547806,2.903527,3.151408
detect_races_time_sec,0.708074,0.522362,0.481095,0.778352,0.684739,0.521392,0.494618,0.591428,0.618214,0.498042,0.899683,0.451546,0.491434,0.518184,0.596504,0.570467,0.563469,0.803417,0.466038,0.560583,0.607014,0.480660,0.573522,0.451883
extract_traces_time_sec,0.098106,0.084549,0.074577,0.090147,0.129219,0.078210,0.074923,0.100886,0.088553,0.117264,0.071386,0.067351,0.112153,0.086986,0.085365,0.081300,0.083402,0.074655,0.065655,0.067509,0.111385,0.089651,0.095841,0.071889
find_reactive_cmds_time_sec,0.000036,0.000035,0.000038,0.000040,0.000050,0.000043,0.000040,0.000048,0.000045,0.000037,0.000035,0.000045,0.000034,0.000035,0.000038,0.000042,0.000045,0.000035,0.000013,0.000039,0.000050,0.000075,0.000032,0.000038
find_proactive_cmds_time_sec,0.086057,0.088118,0.089415,0.092236,0.136596,0.092797,0.096625,0.117698,0.132658,0.118178,0.120488,0.095215,0.087322,0.087462,0.099308,0.109913,0.110609,0.092969,0.085375,0.088505,0.105963,0.139592,0.102262,0.089549
find_covered_races_time,1.071566,2.154321,1.247927,1.413234,1.507143,1.833600,1.537572,1.720164,1.849757,1.817749,1.968633,3.534052,1.703547,2.268867,2.495758,3.018768,4.974082,5.570039,6.190048,7.511527,9.854389,9.538565,11.254364,8.047697
per_packet_inconsistent_time_sec,0.001765,0.004058,0.007001,0.030727,0.051053,0.152509,0.124388,0.165217,0.189248,0.225077,0.444975,0.750155,0.002052,0.006921,0.009506,0.033708,0.110891,0.076148,0.114178,0.129230,0.217579,0.275835,0.273614,0.480995
find_inconsistent_update_time_sec,-0.000008,-0.000011,-0.000022,-0.000033,-0.000040,-0.000100,-0.000082,-0.000094,-0.000101,-0.000140,-0.000294,-0.000465,-0.000011,-0.000057,-0.000065,-0.000077,-0.000178,-0.000107,-0.000124,-0.000106,-0.000175,-0.000198,-0.000238,-0.000268
