key/t,False-0,False-1,False-2,False-3,False-4,False-5,False-6,False-7,False-8,False-9,False-10,False-inf,True-0,True-1,True-2,True-3,True-4,True-5,True-6,True-7,True-8,True-9,True-10,True-inf
total_time_sec,5.369041,5.484345,5.674298,5.915083,6.000082,6.176249,6.398132,7.615278,9.973518,7.565267,7.175949,8.544245,6.233890,6.325601,7.623511,9.707686,8.745259,9.564587,10.820145,12.281798,12.182573,14.259124,13.517584,11.606241
load_time_sec,2.753080,2.746272,2.843878,2.721514,2.814795,2.733161,2.770465,3.549448,5.412310,2.680939,2.626871,2.701744,2.700177,2.681470,3.994037,2.721311,2.806472,2.790530,2.836893,2.761465,2.658665,2.656650,2.896285,2.839403
detect_races_time_sec,0.471977,0.468073,0.476017,0.520348,0.447267,0.463448,0.483668,0.441426,0.564230,0.429078,0.434366,0.418896,0.496435,0.479264,0.492083,0.521584,0.567364,0.483377,0.483920,0.473481,0.454805,0.464062,0.458689,0.424979
extract_traces_time_sec,0.092712,0.078773,0.072795,0.072160,0.063429,0.064009,0.069409,0.066043,0.071529,0.064042,0.067076,0.064342,0.112629,0.080240,0.069190,0.082130,0.069672,0.063703,0.062354,0.065612,0.067562,0.071485,0.067834,0.078635
find_reactive_cmds_time_sec,0.000034,0.000000,0.000041,0.000033,0.000030,0.000034,0.000032,0.000000,0.000039,0.000032,0.000033,0.000039,0.000042,0.000033,0.000038,0.000000,0.000033,0.000000,0.000032,0.000034,0.000034,0.000034,0.000033,0.000035
find_proactive_cmds_time_sec,0.087915,0.089898,0.093172,0.083689,0.087787,0.087383,0.090263,0.094127,0.092912,0.083960,0.086631,0.085194,0.148611,0.082806,0.087644,0.111035,0.092929,0.096327,0.087444,0.086989,0.096917,0.087475,0.082470,0.116107
find_covered_races_time,0.990487,1.072148,1.112604,1.161080,1.232618,1.241180,1.338558,1.555217,1.631539,1.740464,1.662850,2.244660,1.834525,1.989925,1.967182,3.879774,3.905685,4.453961,5.376517,6.916197,6.911101,8.639515,7.512671,5.213988
per_packet_inconsistent_time_sec,0.001796,0.004226,0.008683,0.028541,0.050111,0.077259,0.108582,0.145085,0.190108,0.251418,0.253864,0.439950,0.001950,0.006309,0.008979,0.067521,0.048727,0.074818,0.104031,0.138136,0.177288,0.225517,0.241487,0.396232
find_inconsistent_update_time_sec,-0.000010,-0.000011,-0.000024,-0.000027,-0.000042,-0.000049,-0.000086,-0.000078,-0.000105,-0.000117,-0.000136,-0.000221,-0.000016,-0.000058,-0.000064,-0.000147,-0.000086,-0.000099,-0.000196,-0.000126,-0.000145,-0.000165,-0.000216,-0.000252
