key/t,False-0,False-1,False-2,False-3,False-4,False-5,False-6,False-7,False-8,False-9,False-10,False-inf,True-0,True-1,True-2,True-3,True-4,True-5,True-6,True-7,True-8,True-9,True-10,True-inf
total_time_sec,11.606241,14.259124,12.182573,12.281798,10.820145,9.564587,8.745259,9.707686,7.623511,13.517584,6.325601,6.233890,8.544245,7.565267,9.973518,7.615278,6.398132,6.176249,6.000082,5.915083,5.674298,7.175949,5.484345,5.369041
load_time_sec,2.839403,2.656650,2.658665,2.761465,2.836893,2.790530,2.806472,2.721311,3.994037,2.896285,2.681470,2.700177,2.701744,2.680939,5.412310,3.549448,2.770465,2.733161,2.814795,2.721514,2.843878,2.626871,2.746272,2.753080
detect_races_time_sec,0.424979,0.464062,0.454805,0.473481,0.483920,0.483377,0.567364,0.521584,0.492083,0.458689,0.479264,0.496435,0.418896,0.429078,0.564230,0.441426,0.483668,0.463448,0.447267,0.520348,0.476017,0.434366,0.468073,0.471977
extract_traces_time_sec,0.078635,0.071485,0.067562,0.065612,0.062354,0.063703,0.069672,0.082130,0.069190,0.067834,0.080240,0.112629,0.064342,0.064042,0.071529,0.066043,0.069409,0.064009,0.063429,0.072160,0.072795,0.067076,0.078773,0.092712
find_reactive_cmds_time_sec,0.000035,0.000034,0.000034,0.000034,0.000032,0.000000,0.000033,0.000000,0.000038,0.000033,0.000033,0.000042,0.000039,0.000032,0.000039,0.000000,0.000032,0.000034,0.000030,0.000033,0.000041,0.000033,0.000000,0.000034
find_proactive_cmds_time_sec,0.116107,0.087475,0.096917,0.086989,0.087444,0.096327,0.092929,0.111035,0.087644,0.082470,0.082806,0.148611,0.085194,0.083960,0.092912,0.094127,0.090263,0.087383,0.087787,0.083689,0.093172,0.086631,0.089898,0.087915
find_covered_races_time,5.213988,8.639515,6.911101,6.916197,5.376517,4.453961,3.905685,3.879774,1.967182,7.512671,1.989925,1.834525,2.244660,1.740464,1.631539,1.555217,1.338558,1.241180,1.232618,1.161080,1.112604,1.662850,1.072148,0.990487
per_packet_inconsistent_time_sec,0.396232,0.225517,0.177288,0.138136,0.104031,0.074818,0.048727,0.067521,0.008979,0.241487,0.006309,0.001950,0.439950,0.251418,0.190108,0.145085,0.108582,0.077259,0.050111,0.028541,0.008683,0.253864,0.004226,0.001796
find_inconsistent_update_time_sec,-0.000252,-0.000165,-0.000145,-0.000126,-0.000196,-0.000099,-0.000086,-0.000147,-0.000064,-0.000216,-0.000058,-0.000016,-0.000221,-0.000117,-0.000105,-0.000078,-0.000086,-0.000049,-0.000042,-0.000027,-0.000024,-0.000136,-0.000011,-0.000010
