key/t,False-0,False-1,False-2,False-3,False-4,False-5,False-6,False-7,False-8,False-9,False-10,False-inf,True-0,True-1,True-2,True-3,True-4,True-5,True-6,True-7,True-8,True-9,True-10,True-inf
total_time_sec,8.556010,5.404486,5.616498,6.211781,6.038493,6.299721,6.709318,6.653073,7.168394,8.125161,7.902792,8.686601,5.939454,6.401819,6.580810,7.478870,8.936257,9.733823,10.926749,11.598343,12.577965,13.194531,14.024756,11.853460
load_time_sec,4.036753,2.732313,2.806931,3.015335,2.809791,2.768197,3.001328,2.694771,2.752551,3.011209,2.676442,2.749331,2.674388,2.848391,2.790117,2.751621,2.806332,2.765919,2.804995,2.752135,2.894966,2.787247,2.814312,2.731351
detect_races_time_sec,1.021318,0.470833,0.481847,0.556626,0.466406,0.484279,0.473653,0.458817,0.440944,0.492792,0.434037,0.424054,0.494480,0.551610,0.473202,0.497298,0.468633,0.470369,0.502354,0.479820,0.502770,0.452006,0.454120,0.429333
extract_traces_time_sec,0.165563,0.086158,0.074110,0.065838,0.067071,0.070813,0.073057,0.072059,0.068743,0.096548,0.071208,0.069218,0.095330,0.080607,0.070107,0.066749,0.068173,0.063750,0.070848,0.068320,0.087554,0.063673,0.069416,0.065221
find_reactive_cmds_time_sec,0.000051,0.000035,0.000035,0.000032,0.000036,0.000034,0.000032,0.000036,0.000033,0.000282,0.000035,0.000000,0.000035,0.000030,0.000031,0.000035,0.000036,0.000033,0.000037,0.000033,0.000082,0.000033,0.000037,0.000034
find_proactive_cmds_time_sec,0.133143,0.088470,0.095929,0.086047,0.090292,0.088327,0.107417,0.097207,0.097733,0.126832,0.102279,0.088097,0.084958,0.084455,0.091380,0.087608,0.093591,0.083501,0.097150,0.085822,0.109046,0.085922,0.093109,0.087388
find_covered_races_time,1.430016,1.058293,1.099481,1.218056,1.212879,1.313190,1.352390,1.414699,1.717032,2.071547,2.108605,2.319902,1.663387,1.908006,2.051959,2.827634,4.125139,4.763403,5.712470,6.318481,6.957270,7.607014,8.167858,5.605057
per_packet_inconsistent_time_sec,0.003025,0.005781,0.006994,0.030093,0.052156,0.077510,0.111034,0.136466,0.206779,0.261787,0.278083,0.430858,0.001783,0.007113,0.009873,0.032745,0.051859,0.088188,0.128388,0.141055,0.179116,0.222208,0.266897,0.411357
find_inconsistent_update_time_sec,-0.000013,0.000000,-0.000014,-0.000027,0.000000,-0.000055,-0.000117,-0.000083,-0.000035,-0.000132,-0.000147,-0.000215,-0.000009,0.000000,-0.000070,-0.000081,-0.000087,-0.000108,-0.000177,-0.000126,-0.000407,-0.000190,-0.000176,-0.000257
