key/t,False-0,False-1,False-2,False-3,False-4,False-5,False-6,False-7,False-8,False-9,False-10,False-inf
total_time_sec,0.213877,0.232542,0.253832,0.276699,0.264302,0.262450,0.283175,0.286181,0.281670,0.298195,0.293621,0.287496
load_time_sec,0.118668,0.122288,0.120656,0.127470,0.122256,0.117408,0.122834,0.121411,0.117880,0.116400,0.118766,0.131574
detect_races_time_sec,0.040092,0.038638,0.041801,0.038630,0.037166,0.036837,0.036579,0.036076,0.036740,0.039271,0.034657,0.032032
extract_traces_time_sec,0.016493,0.014889,0.014070,0.016049,0.013324,0.013230,0.014001,0.015952,0.011726,0.010373,0.009940,0.007428
find_reactive_cmds_time_sec,0.000208,0.000166,0.000160,0.000163,0.000157,0.000158,0.000340,0.000203,0.000153,0.000147,0.000147,0.000142
find_proactive_cmds_time_sec,0.011191,0.010782,0.010886,0.011184,0.011065,0.011320,0.013246,0.011427,0.010758,0.011848,0.011930,0.010818
find_covered_races_time,0.026846,0.043026,0.062369,0.076546,0.073087,0.077268,0.087730,0.092929,0.095777,0.109981,0.107118,0.088105
per_packet_inconsistent_time_sec,0.000339,0.002694,0.003837,0.006584,0.007177,0.006147,0.008374,0.008111,0.008558,0.010089,0.010980,0.017289
find_inconsistent_update_time_sec,-0.000006,-0.000015,-0.000018,-0.000030,-0.000028,-0.000043,-0.000032,-0.000037,-0.000039,-0.000049,-0.000048,-0.000072
