key/t,False-0,False-1,False-2,False-3,False-4,False-5,False-6,False-7,False-8,False-9,False-10,False-inf,True-0,True-1,True-2,True-3,True-4,True-5,True-6,True-7,True-8,True-9,True-10,True-inf
total_time_sec,0.459559,0.451842,0.529798,0.501573,0.502980,0.515307,0.553285,0.523661,0.533304,0.629673,0.647947,0.676840,0.489312,0.452664,0.458204,0.506211,0.514968,0.514336,0.534051,0.528137,0.546279,0.570898,0.617415,0.666164
load_time_sec,0.165524,0.146545,0.176984,0.165079,0.148930,0.150261,0.170380,0.144892,0.145825,0.180138,0.153548,0.149744,0.144140,0.150037,0.145348,0.147932,0.144461,0.142938,0.153136,0.145261,0.144543,0.142433,0.148698,0.143657
detect_races_time_sec,0.038248,0.026259,0.030142,0.026938,0.026444,0.028850,0.027787,0.027190,0.026832,0.040591,0.026370,0.024486,0.028586,0.027890,0.027201,0.026279,0.025699,0.026230,0.026863,0.027405,0.025449,0.024912,0.027236,0.024998
extract_traces_time_sec,0.017312,0.007527,0.008951,0.007216,0.009828,0.009011,0.007799,0.007791,0.007226,0.014594,0.007607,0.007927,0.015046,0.007431,0.007666,0.007748,0.008149,0.007904,0.008525,0.008119,0.008011,0.007586,0.007796,0.008008
find_reactive_cmds_time_sec,0.000074,0.000072,0.000082,0.000073,0.000071,0.000070,0.000068,0.000067,0.000074,0.000116,0.000068,0.000070,0.000066,0.000065,0.000064,0.000070,0.000060,0.000062,0.000062,0.000068,0.000063,0.000061,0.000096,0.000061
find_proactive_cmds_time_sec,0.093160,0.080219,0.095992,0.085532,0.083890,0.085705,0.081605,0.083844,0.082613,0.078985,0.094447,0.079996,0.137314,0.079260,0.079868,0.082662,0.079836,0.081272,0.080658,0.078296,0.083131,0.080567,0.080507,0.077848
find_covered_races_time,0.023437,0.029010,0.040394,0.037505,0.040868,0.043503,0.044653,0.046303,0.046747,0.053241,0.078993,0.052942,0.031630,0.027253,0.033317,0.042870,0.051827,0.050552,0.056763,0.063990,0.064946,0.068347,0.073088,0.068709
per_packet_inconsistent_time_sec,0.000342,0.001171,0.001291,0.001899,0.001860,0.002035,0.002398,0.002285,0.002853,0.005066,0.005188,0.006831,0.000327,0.000924,0.001367,0.002955,0.001965,0.002146,0.002756,0.002440,0.003803,0.005082,0.003979,0.007326
find_inconsistent_update_time_sec,-0.000009,-0.000010,-0.000013,-0.000013,-0.000014,-0.000015,-0.000016,-0.000017,-0.000018,-0.000020,-0.000023,-0.000033,-0.000008,-0.000011,-0.000010,-0.000059,-0.000037,-0.000037,-0.000038,-0.000038,-0.000039,-0.000043,-0.000044,-0.000061
