key/t,False-0,False-1,False-2,False-3,False-4,False-5,False-6,False-7,False-8,False-9,False-10,False-inf
total_time_sec,0.208161,0.230326,0.241956,0.254069,0.250484,0.269457,0.263948,0.273806,0.279637,0.280611,0.296186,0.268326
load_time_sec,0.114868,0.119962,0.113756,0.114753,0.113770,0.121426,0.113556,0.114591,0.116039,0.114183,0.116123,0.113645
detect_races_time_sec,0.037605,0.037513,0.036653,0.036638,0.036276,0.037046,0.035767,0.035492,0.035046,0.034671,0.034815,0.030978
extract_traces_time_sec,0.015928,0.014547,0.013718,0.012904,0.012871,0.013727,0.012272,0.012069,0.011453,0.010203,0.009836,0.007207
find_reactive_cmds_time_sec,0.000160,0.000158,0.000153,0.000153,0.000154,0.000196,0.000153,0.000150,0.000147,0.000146,0.000146,0.000134
find_proactive_cmds_time_sec,0.010795,0.011101,0.010299,0.010538,0.010705,0.011272,0.010885,0.010406,0.011184,0.011252,0.011440,0.010530
find_covered_races_time,0.028434,0.044504,0.063373,0.074195,0.071627,0.080047,0.084130,0.092866,0.097443,0.100391,0.111942,0.088080
per_packet_inconsistent_time_sec,0.000331,0.002493,0.003953,0.004829,0.005026,0.005683,0.007121,0.008163,0.008249,0.009689,0.011801,0.017647
find_inconsistent_update_time_sec,-0.000006,-0.000014,-0.000019,-0.000023,-0.000024,-0.000028,-0.000031,-0.000037,-0.000043,-0.000044,-0.000050,-0.000073
