key/t,False-0,False-1,False-2,False-3,False-4,False-5,False-6,False-7,False-8,False-9,False-10,False-inf,True-0,True-1,True-2,True-3,True-4,True-5,True-6,True-7,True-8,True-9,True-10,True-inf
total_time_sec,0.672321,0.721511,0.695420,0.738795,0.758942,0.814872,0.834920,0.882540,1.182679,0.999991,1.002713,1.314897,0.677479,0.713570,0.702664,0.756674,0.766525,0.820628,0.833814,0.856068,0.902162,0.938447,0.951976,1.170371
load_time_sec,0.235355,0.243619,0.231203,0.239843,0.233281,0.233808,0.234236,0.235534,0.268268,0.241765,0.232995,0.239589,0.234469,0.237456,0.234284,0.250156,0.231479,0.235448,0.232023,0.232751,0.232833,0.231836,0.230906,0.234809
detect_races_time_sec,0.035839,0.039908,0.035172,0.034461,0.034692,0.033944,0.033708,0.034303,0.035290,0.032123,0.032128,0.030016,0.036608,0.034897,0.034857,0.035422,0.033652,0.033329,0.033372,0.033320,0.032376,0.033280,0.031777,0.029643
extract_traces_time_sec,0.024152,0.024184,0.021430,0.020834,0.023909,0.019903,0.019115,0.019189,0.020217,0.017780,0.017568,0.015025,0.027541,0.024959,0.021287,0.023938,0.020275,0.020390,0.019220,0.020121,0.018324,0.018055,0.017538,0.015439
find_reactive_cmds_time_sec,0.000278,0.000285,0.000273,0.000270,0.000301,0.000260,0.000266,0.000261,0.000272,0.000276,0.000258,0.000263,0.000288,0.000283,0.000269,0.000268,0.000270,0.000267,0.000266,0.000276,0.000260,0.000265,0.000260,0.000272
find_proactive_cmds_time_sec,0.104399,0.107693,0.104870,0.105049,0.105738,0.109043,0.105491,0.105697,0.105868,0.105993,0.105207,0.105601,0.103377,0.109886,0.104947,0.105079,0.105140,0.105638,0.105291,0.105165,0.104292,0.103721,0.103469,0.160061
find_covered_races_time,0.051660,0.058014,0.054684,0.054435,0.056926,0.059662,0.059777,0.061602,0.071833,0.064511,0.064779,0.075772,0.052472,0.055184,0.055598,0.055690,0.066403,0.080902,0.083918,0.096759,0.118036,0.127001,0.127925,0.113945
per_packet_inconsistent_time_sec,0.000586,0.001127,0.001537,0.001952,0.002588,0.003712,0.004342,0.005153,0.006282,0.006418,0.006940,0.011548,0.000586,0.001165,0.001539,0.002166,0.002690,0.003842,0.004286,0.004481,0.005300,0.005982,0.006092,0.009490
find_inconsistent_update_time_sec,-0.000009,-0.000010,-0.000011,-0.000012,-0.000014,-0.000017,-0.000018,-0.000019,-0.000022,-0.000023,-0.000024,-0.000038,-0.000010,-0.000010,-0.000011,-0.000014,-0.000033,-0.000035,-0.000036,-0.000037,-0.000041,-0.000044,-0.000044,-0.000056
