key/t,False-0,False-1,False-2,False-3,False-4,False-5,False-6,False-7,False-8,False-9,False-10,False-inf
total_time_sec,0.209230,0.223524,0.225456,0.251413,0.252998,0.239331,0.266976,0.275988,0.280650,0.317182,0.280917,0.244796
load_time_sec,0.113584,0.112767,0.110381,0.110659,0.110339,0.104465,0.111277,0.111253,0.112317,0.133385,0.114054,0.100631
detect_races_time_sec,0.041673,0.040795,0.035801,0.039482,0.039889,0.036142,0.038901,0.038341,0.038406,0.043770,0.034516,0.031102
extract_traces_time_sec,0.020159,0.018224,0.015664,0.016269,0.016399,0.015352,0.015879,0.014850,0.014728,0.014334,0.012461,0.009322
find_reactive_cmds_time_sec,0.000304,0.000306,0.000270,0.000280,0.000284,0.000283,0.000280,0.000270,0.000279,0.000267,0.000254,0.000210
find_proactive_cmds_time_sec,0.004190,0.004162,0.003852,0.004042,0.004061,0.004050,0.004112,0.003981,0.004100,0.004011,0.003863,0.003647
find_covered_races_time,0.028890,0.044820,0.056109,0.075605,0.076846,0.073691,0.089718,0.099037,0.102091,0.111170,0.105647,0.084211
per_packet_inconsistent_time_sec,0.000406,0.002414,0.003342,0.005030,0.005133,0.005299,0.006753,0.008193,0.008662,0.010169,0.010044,0.015576
find_inconsistent_update_time_sec,0.000009,0.000020,0.000022,0.000031,0.000031,0.000034,0.000040,0.000048,0.000051,0.000061,0.000063,0.000082
