key/t,False-0,False-1,False-2,False-3,False-4,False-5,False-6,False-7,False-8,False-9,False-10,False-inf,True-0,True-1,True-2,True-3,True-4,True-5,True-6,True-7,True-8,True-9,True-10,True-inf
total_time_sec,0.633808,0.770414,0.943151,1.072581,0.956425,1.005305,0.943517,0.896305,0.961575,0.839227,0.894974,1.001470,0.648770,1.061309,0.814916,0.828136,0.959169,1.151062,1.147564,0.966567,0.971202,0.942819,0.959538,1.238344
load_time_sec,0.305520,0.366562,0.518682,0.404558,0.408976,0.344753,0.313319,0.322828,0.441498,0.299085,0.311881,0.359550,0.309824,0.483193,0.294598,0.349859,0.354357,0.286521,0.486744,0.415264,0.290063,0.294866,0.297147,0.475277
detect_races_time_sec,0.096736,0.099848,0.114451,0.092348,0.103814,0.093658,0.099169,0.147053,0.092413,0.089831,0.091624,0.099534,0.103765,0.089614,0.100974,0.098259,0.169499,0.182870,0.094160,0.091411,0.090055,0.089433,0.097534,0.128031
extract_traces_time_sec,0.041620,0.039116,0.036415,0.039417,0.035529,0.033849,0.036126,0.033165,0.031200,0.029320,0.029036,0.026191,0.043326,0.070065,0.037450,0.035969,0.075473,0.067050,0.032566,0.031104,0.030244,0.028902,0.038530,0.021441
find_reactive_cmds_time_sec,0.000525,0.000530,0.000506,0.000512,0.000503,0.000513,0.000519,0.000522,0.000495,0.000485,0.000504,0.000465,0.000534,0.000484,0.000523,0.000522,0.000492,0.000501,0.000507,0.000484,0.000483,0.000458,0.000493,0.000442
find_proactive_cmds_time_sec,0.105761,0.108046,0.108665,0.147706,0.110062,0.105310,0.099954,0.109947,0.109548,0.105199,0.109314,0.113461,0.108762,0.175118,0.155415,0.110526,0.131120,0.172724,0.138390,0.106671,0.106433,0.103508,0.121888,0.109404
find_covered_races_time,0.082778,0.151176,0.156476,0.376969,0.286656,0.398496,0.364028,0.263762,0.267933,0.291658,0.313261,0.318679,0.081717,0.237813,0.217784,0.220615,0.216604,0.427646,0.379637,0.303403,0.436798,0.402544,0.378599,0.463904
per_packet_inconsistent_time_sec,0.000814,0.005066,0.007884,0.010992,0.010808,0.028647,0.030313,0.018928,0.018387,0.023538,0.039246,0.083429,0.000790,0.004959,0.008102,0.012248,0.011484,0.013607,0.015411,0.018075,0.016990,0.022943,0.025180,0.039642
find_inconsistent_update_time_sec,-0.000009,-0.000025,-0.000025,-0.000030,-0.000030,-0.000036,-0.000043,-0.000054,-0.000053,-0.000067,-0.000060,-0.000115,-0.000010,-0.000018,-0.000024,-0.000093,-0.000099,-0.000099,-0.000102,-0.000107,-0.000098,-0.000120,-0.000121,-0.000158
