key/t,False-0,False-1,False-2,False-3,False-4,False-5,False-6,False-7,False-8,False-9,False-10,False-inf,True-0,True-1,True-2,True-3,True-4,True-5,True-6,True-7,True-8,True-9,True-10,True-inf
total_time_sec,1.563103,1.241634,1.256257,1.029721,0.995403,1.112403,1.055092,1.218962,1.180909,1.358610,1.088554,0.925887,1.629039,1.345661,1.345022,1.257541,1.176127,1.428990,1.223770,1.081546,1.172955,1.192773,1.165705,0.850280
load_time_sec,0.314582,0.260402,0.305058,0.274127,0.267395,0.374030,0.277844,0.307263,0.252984,0.319377,0.340401,0.388443,0.344242,0.247980,0.251037,0.253993,0.289913,0.299317,0.269678,0.375963,0.281331,0.248265,0.432002,0.285617
detect_races_time_sec,0.053151,0.054371,0.036257,0.064830,0.054896,0.057500,0.059973,0.057335,0.113525,0.054629,0.090011,0.100041,0.055019,0.054174,0.065743,0.089402,0.061561,0.054481,0.047163,0.054391,0.057693,0.053553,0.102328,0.063032
extract_traces_time_sec,0.016270,0.015701,0.016294,0.017566,0.015320,0.021961,0.030608,0.018339,0.014925,0.015691,0.032128,0.026448,0.013493,0.015014,0.017079,0.015571,0.016462,0.015946,0.013137,0.015215,0.015873,0.015124,0.016654,0.029024
find_reactive_cmds_time_sec,0.000108,0.000102,0.000106,0.000095,0.000100,0.000107,0.000107,0.000137,0.000063,0.000101,0.000111,0.000101,0.000106,0.000109,0.000113,0.000104,0.000119,0.000126,0.000095,0.000106,0.000106,0.000106,0.000106,0.000100
find_proactive_cmds_time_sec,0.113163,0.111732,0.112676,0.115165,0.114297,0.124959,0.129970,0.120265,0.247455,0.112826,0.189448,0.111144,0.125572,0.171812,0.146317,0.178361,0.114976,0.136839,0.103598,0.112453,0.178681,0.104365,0.136762,0.125014
find_covered_races_time,0.165984,0.167674,0.208474,0.135928,0.141025,0.130238,0.130532,0.103343,0.167387,0.211125,0.069210,0.055253,0.200001,0.211801,0.208232,0.143437,0.122550,0.224397,0.092337,0.096118,0.099932,0.138125,0.122229,0.062935
per_packet_inconsistent_time_sec,0.016462,0.007694,0.008149,0.005233,0.005108,0.004825,0.005898,0.003807,0.002426,0.009066,0.001950,0.000580,0.033199,0.008054,0.022173,0.005261,0.004945,0.004452,0.003401,0.003182,0.004313,0.008388,0.001523,0.000862
find_inconsistent_update_time_sec,-0.000117,-0.000076,-0.000077,-0.000070,-0.000068,-0.000068,-0.000077,-0.000066,-0.000016,-0.000080,-0.000014,-0.000009,-0.000060,-0.000039,-0.000031,-0.000026,-0.000029,-0.000023,-0.000019,-0.000018,-0.000019,-0.000038,-0.000012,-0.000010
