key/t,False-0,False-1,False-2,False-3,False-4,False-5,False-6,False-7,False-8,False-9,False-10,False-inf
total_time_sec,0.140971,0.135606,0.135848,0.138141,0.138206,0.138156,0.136841,0.138033,0.138963,0.142606,0.139827,0.139919
load_time_sec,0.075894,0.072320,0.072354,0.074234,0.073986,0.073327,0.072402,0.073328,0.074409,0.076461,0.073859,0.072797
detect_races_time_sec,0.041216,0.039865,0.039377,0.039178,0.039061,0.039003,0.038371,0.037992,0.037678,0.037930,0.037162,0.034298
extract_traces_time_sec,0.019700,0.017472,0.016822,0.015999,0.016250,0.015985,0.015380,0.014747,0.014285,0.013653,0.013501,0.010167
find_reactive_cmds_time_sec,0.000212,0.000194,0.000193,0.000196,0.000188,0.000192,0.000183,0.000197,0.000185,0.000196,0.000198,0.000175
find_proactive_cmds_time_sec,0.003584,0.003447,0.003434,0.003501,0.003494,0.003487,0.003440,0.003501,0.003468,0.003578,0.003526,0.003619
find_covered_races_time,0.000001,0.000001,0.000001,0.000001,0.000001,0.000001,0.000001,0.000001,0.000001,0.000001,0.000001,0.000001
per_packet_inconsistent_time_sec,0.000347,0.002280,0.003632,0.004992,0.005186,0.006116,0.007014,0.008209,0.008876,0.010723,0.011512,0.018762
find_inconsistent_update_time_sec,0.000008,0.000017,0.000022,0.000030,0.000030,0.000033,0.000040,0.000044,0.000050,0.000054,0.000058,0.000085
