key/t,False-0,False-1,False-2,False-3,False-4,False-5,False-6,False-7,False-8,False-9,False-10,False-inf,True-0,True-1,True-2,True-3,True-4,True-5,True-6,True-7,True-8,True-9,True-10,True-inf
total_time_sec,0.613493,0.465498,0.424300,0.732803,0.835865,0.831569,0.892383,0.846653,0.595409,0.706355,0.626140,0.592727,0.380277,0.457037,0.402672,0.544410,0.455426,0.459757,0.474661,0.471062,0.574134,0.549311,0.680037,0.480506
load_time_sec,0.313619,0.216960,0.187590,0.249628,0.363289,0.354677,0.372876,0.345593,0.304871,0.302410,0.323862,0.313160,0.183848,0.220002,0.180826,0.238399,0.180375,0.184367,0.183759,0.181670,0.227623,0.175904,0.218150,0.188546
detect_races_time_sec,0.092426,0.080646,0.051416,0.105725,0.101674,0.096712,0.097009,0.095592,0.047481,0.053223,0.061695,0.050537,0.051659,0.059310,0.048965,0.062956,0.051673,0.048240,0.047104,0.045243,0.096546,0.058339,0.052285,0.042366
extract_traces_time_sec,0.043803,0.024005,0.020305,0.039181,0.039694,0.034609,0.035490,0.032842,0.018983,0.018514,0.015168,0.013453,0.024113,0.024113,0.020946,0.025754,0.020175,0.019066,0.018483,0.016184,0.020038,0.018198,0.017933,0.012161
find_reactive_cmds_time_sec,0.000993,0.000757,0.000314,0.000667,0.001966,0.000527,0.000536,0.000483,0.000286,0.000272,0.000254,0.000234,0.000312,0.000337,0.000268,0.000346,0.000278,0.000264,0.000279,0.000249,0.000296,0.000280,0.000266,0.000231
find_proactive_cmds_time_sec,0.124275,0.086688,0.082972,0.142102,0.138528,0.131631,0.142829,0.135771,0.082859,0.128541,0.075790,0.079601,0.085088,0.092759,0.076765,0.105049,0.078929,0.079979,0.080738,0.077316,0.078732,0.090505,0.087955,0.079953
find_covered_races_time,0.037912,0.053969,0.076627,0.188562,0.181384,0.200070,0.229063,0.219231,0.131854,0.191760,0.137338,0.115856,0.034764,0.056608,0.071150,0.106345,0.116153,0.121010,0.135606,0.141121,0.141699,0.191177,0.277249,0.136619
per_packet_inconsistent_time_sec,0.000421,0.002400,0.005026,0.006853,0.009237,0.013251,0.014478,0.017076,0.009010,0.011557,0.011965,0.019796,0.000446,0.003857,0.003702,0.005474,0.007753,0.006742,0.008599,0.009185,0.009094,0.014796,0.026014,0.020487
find_inconsistent_update_time_sec,-0.000008,-0.000021,-0.000016,-0.000034,-0.000040,-0.000039,-0.000047,-0.000027,-0.000027,-0.000034,-0.000034,-0.000053,-0.000009,-0.000013,-0.000015,-0.000050,-0.000053,-0.000054,-0.000058,-0.000060,-0.000070,-0.000073,-0.000134,-0.000103
