key/t,False-0,False-1,False-2,False-3,False-4,False-5,False-6,False-7,False-8,False-9,False-10,False-inf,True-0,True-1,True-2,True-3,True-4,True-5,True-6,True-7,True-8,True-9,True-10,True-inf
total_time_sec,0.441442,0.462588,0.587614,0.528080,0.524476,0.538289,0.564876,0.532805,0.567642,0.600039,0.680190,0.866728,0.459161,0.455106,0.492974,0.663799,0.682265,0.529344,0.560138,0.536727,0.579598,0.602535,0.666316,0.713020
load_time_sec,0.150849,0.152839,0.162277,0.156156,0.151180,0.153460,0.154770,0.148543,0.151275,0.154899,0.190722,0.161695,0.158146,0.149800,0.151947,0.195593,0.152629,0.150414,0.152381,0.146081,0.151885,0.146510,0.163376,0.172859
detect_races_time_sec,0.028388,0.027543,0.030085,0.029089,0.030367,0.027127,0.027745,0.025669,0.027784,0.026703,0.028558,0.036120,0.031698,0.028127,0.027194,0.064321,0.026855,0.027961,0.026236,0.029026,0.028687,0.028928,0.028349,0.027271
extract_traces_time_sec,0.013446,0.008316,0.009496,0.007610,0.007537,0.007248,0.009115,0.008125,0.008237,0.008182,0.008862,0.008980,0.012981,0.007474,0.008822,0.017387,0.008603,0.007521,0.008335,0.007821,0.008318,0.007847,0.008037,0.007725
find_reactive_cmds_time_sec,0.000065,0.000067,0.000072,0.000070,0.000073,0.000067,0.000070,0.000070,0.000066,0.000034,0.000068,0.000071,0.000066,0.000061,0.000066,0.000075,0.000070,0.000062,0.000061,0.000064,0.000069,0.000066,0.000063,0.000069
find_proactive_cmds_time_sec,0.087139,0.083199,0.086524,0.089337,0.088857,0.086946,0.086002,0.085785,0.083218,0.080254,0.083748,0.089855,0.089715,0.086199,0.086427,0.144319,0.084922,0.084167,0.087336,0.082304,0.084024,0.088007,0.084009,0.088793
find_covered_races_time,0.027386,0.028605,0.045800,0.040605,0.042850,0.043921,0.045714,0.046898,0.050080,0.054388,0.060079,0.056870,0.026981,0.028158,0.035502,0.044305,0.050036,0.050688,0.060495,0.057721,0.064126,0.069332,0.083992,0.072941
per_packet_inconsistent_time_sec,0.000356,0.000888,0.009185,0.001560,0.001818,0.002237,0.002232,0.002544,0.003049,0.003386,0.003779,0.007768,0.001132,0.001173,0.001414,0.001673,0.001964,0.002088,0.002439,0.002381,0.002941,0.004323,0.005515,0.007497
find_inconsistent_update_time_sec,-0.000008,-0.000011,-0.000012,-0.000013,-0.000014,-0.000253,-0.000016,-0.000016,-0.000017,-0.000020,-0.000021,-0.000035,-0.000010,-0.000009,-0.000012,-0.000034,-0.000034,-0.000036,-0.000038,-0.000037,-0.000038,-0.000042,0.000000,-0.000061
