key/t,False-0,False-1,False-2,False-3,False-4,False-5,False-6,False-7,False-8,False-9,False-10,False-inf
total_time_sec,0.203807,0.209532,0.254613,0.203538,0.209967,0.206500,0.206496,0.215536,0.213990,0.216403,0.214738,0.210649
load_time_sec,0.097358,0.097664,0.137901,0.096369,0.098771,0.096057,0.095166,0.097313,0.095877,0.096917,0.095274,0.097687
detect_races_time_sec,0.070402,0.069375,0.070900,0.066437,0.066874,0.066094,0.065640,0.066460,0.065661,0.065866,0.065695,0.065221
extract_traces_time_sec,0.022756,0.018032,0.014149,0.006891,0.006291,0.006075,0.005484,0.005404,0.005289,0.005354,0.005228,0.005023
find_reactive_cmds_time_sec,0.000114,0.000101,0.000102,0.000100,0.000106,0.000102,0.000099,0.000104,0.000101,0.000105,0.000099,0.000110
find_proactive_cmds_time_sec,0.003642,0.003630,0.004053,0.003790,0.003856,0.003733,0.003707,0.003666,0.003731,0.003773,0.003668,0.003817
find_covered_races_time,0.009272,0.019204,0.024841,0.025886,0.029009,0.029156,0.030716,0.035676,0.036059,0.036506,0.036373,0.027288
per_packet_inconsistent_time_sec,0.000245,0.001500,0.002607,0.003910,0.004896,0.005116,0.005520,0.006716,0.007069,0.007675,0.008192,0.011158
find_inconsistent_update_time_sec,0.000009,0.000016,0.000049,0.000145,0.000154,0.000157,0.000154,0.000188,0.000191,0.000197,0.000199,0.000333
