key/t,False-0,False-1,False-2,False-3,False-4,False-5,False-6,False-7,False-8,False-9,False-10,False-inf,True-0,True-1,True-2,True-3,True-4,True-5,True-6,True-7,True-8,True-9,True-10,True-inf
total_time_sec,1.336784,1.400560,1.451110,1.446959,1.458251,1.462012,1.438406,1.495910,1.489030,1.477466,1.410966,1.425169,1.278559,1.322065,1.349029,1.361777,1.347095,1.349983,1.338135,1.354991,1.356388,1.342054,1.418325,1.327389
load_time_sec,0.399201,0.402611,0.412755,0.396507,0.399913,0.396077,0.393031,0.413645,0.412592,0.390959,0.397694,0.393593,0.380272,0.374802,0.366527,0.371582,0.367305,0.367082,0.370750,0.372889,0.367024,0.371041,0.376601,0.367635
detect_races_time_sec,0.855649,0.862995,0.856587,0.838642,0.856712,0.859004,0.843060,0.881978,0.870608,0.895283,0.830857,0.851729,0.825690,0.815534,0.812684,0.797041,0.795199,0.791512,0.791294,0.797717,0.808571,0.786432,0.852456,0.781823
extract_traces_time_sec,0.054820,0.037418,0.029017,0.020803,0.014073,0.011506,0.008596,0.007987,0.007680,0.006567,0.006395,0.004602,0.049151,0.035866,0.026404,0.017374,0.011533,0.009684,0.007851,0.007473,0.006989,0.006176,0.006410,0.004189
find_reactive_cmds_time_sec,0.000129,0.000115,0.000115,0.000112,0.000114,0.000115,0.000108,0.000115,0.000229,0.000106,0.000111,0.000108,0.000115,0.000146,0.000106,0.000109,0.000101,0.000097,0.000099,0.000108,0.000105,0.000097,0.000107,0.000135
find_proactive_cmds_time_sec,0.016331,0.014491,0.015200,0.015042,0.015126,0.015234,0.018551,0.016708,0.016019,0.014902,0.014268,0.014291,0.013269,0.013582,0.013873,0.014165,0.013435,0.013930,0.014388,0.014859,0.014187,0.014171,0.014688,0.015072
find_covered_races_time,0.010320,0.077753,0.126568,0.157538,0.146656,0.148397,0.135513,0.131532,0.132450,0.115566,0.103766,0.075159,0.009774,0.077558,0.119238,0.144688,0.136599,0.138200,0.118507,0.121476,0.114124,0.111347,0.109226,0.075259
per_packet_inconsistent_time_sec,0.000276,0.004892,0.010284,0.017285,0.023323,0.029584,0.036443,0.040850,0.045749,0.050095,0.053202,0.077815,0.000222,0.004316,0.009629,0.015896,0.021513,0.027383,0.032608,0.037119,0.041583,0.048299,0.053315,0.072926
find_inconsistent_update_time_sec,-0.000012,-0.000231,-0.000529,-0.000970,-0.002235,-0.002040,-0.003031,-0.003037,-0.003643,-0.003935,-0.004619,-0.007815,-0.000011,-0.000200,-0.000507,-0.000861,-0.001348,-0.002043,-0.002568,-0.003286,-0.003752,-0.004430,-0.005466,-0.010287
