key/t,False-0,False-1,False-2,False-3,False-4,False-5,False-6,False-7,False-8,False-9,False-10,False-inf
total_time_sec,0.223200,0.221303,0.232938,0.225584,0.235983,0.226368,0.228082,0.239058,0.225026,0.236081,0.236210,0.238612
load_time_sec,0.117244,0.110489,0.112506,0.108936,0.120129,0.113790,0.112468,0.112938,0.107989,0.113313,0.110817,0.122605
detect_races_time_sec,0.066606,0.065847,0.065358,0.064295,0.066842,0.062731,0.063090,0.065089,0.061992,0.061384,0.068255,0.059673
extract_traces_time_sec,0.019316,0.014601,0.014953,0.007293,0.005662,0.005008,0.004864,0.004523,0.004323,0.004301,0.004571,0.004009
find_reactive_cmds_time_sec,0.000128,0.000091,0.000104,0.000129,0.000102,0.000090,0.000107,0.000087,0.000107,0.000089,0.000084,0.000087
find_proactive_cmds_time_sec,0.010908,0.011091,0.012940,0.012638,0.011477,0.011205,0.011553,0.011571,0.011080,0.011443,0.010877,0.011426
find_covered_races_time,0.008738,0.017718,0.024315,0.028199,0.026801,0.028336,0.029482,0.036797,0.032090,0.037517,0.033272,0.029525
per_packet_inconsistent_time_sec,0.000223,0.001421,0.002682,0.003920,0.004791,0.005024,0.006260,0.007797,0.007225,0.007814,0.008111,0.010946
find_inconsistent_update_time_sec,-0.000007,-0.000013,-0.000047,-0.000137,-0.000147,-0.000146,-0.000204,-0.000219,-0.000184,-0.000187,-0.000189,-0.000308
