key/t,False-0,False-1,False-2,False-3,False-4,False-5,False-6,False-7,False-8,False-9,False-10,False-inf
total_time_sec,1.344617,1.413432,1.450102,1.525147,1.496362,1.457541,1.473533,1.486494,1.416899,1.438160,1.389469,1.373455
load_time_sec,0.380137,0.367907,0.381847,0.391319,0.390395,0.379692,0.403497,0.419080,0.368630,0.375539,0.374311,0.385957
detect_races_time_sec,0.892808,0.913534,0.894050,0.917104,0.908753,0.891514,0.881252,0.868972,0.855696,0.874154,0.837051,0.804150
extract_traces_time_sec,0.048861,0.037686,0.024753,0.018793,0.011792,0.010045,0.009827,0.008557,0.008484,0.007249,0.005838,0.004366
find_reactive_cmds_time_sec,0.000105,0.000119,0.000106,0.000134,0.000101,0.000094,0.000105,0.000108,0.000120,0.000100,0.000091,0.000110
find_proactive_cmds_time_sec,0.012954,0.013693,0.016746,0.014474,0.013820,0.012976,0.014116,0.015583,0.017312,0.014467,0.013993,0.013566
find_covered_races_time,0.009426,0.076271,0.122549,0.163380,0.148819,0.134009,0.127094,0.133618,0.119302,0.109893,0.102888,0.080882
per_packet_inconsistent_time_sec,0.000255,0.003918,0.009513,0.018994,0.021419,0.027160,0.034951,0.037738,0.044155,0.051265,0.050982,0.077067
find_inconsistent_update_time_sec,-0.000012,-0.000237,-0.000468,-0.000890,-0.001206,-0.001979,-0.002631,-0.002779,-0.003132,-0.005394,-0.004247,-0.007288
