key/t,False-0,False-1,False-2,False-3,False-4,False-5,False-6,False-7,False-8,False-9,False-10,False-inf
total_time_sec,0.163820,0.210305,0.162196,0.159424,0.158461,0.206606,0.207002,0.169765,0.217148,0.163810,0.165264,0.159063
load_time_sec,0.084074,0.096838,0.074755,0.075596,0.074340,0.095415,0.094682,0.076420,0.098188,0.073316,0.073754,0.072905
detect_races_time_sec,0.052599,0.069808,0.051448,0.051413,0.050756,0.066081,0.066215,0.052307,0.066069,0.049565,0.049615,0.049278
extract_traces_time_sec,0.017005,0.018086,0.010853,0.005373,0.004821,0.006139,0.005524,0.004260,0.005330,0.004050,0.004022,0.003797
find_reactive_cmds_time_sec,0.000101,0.000137,0.000107,0.000106,0.000106,0.000139,0.000138,0.000106,0.000129,0.000101,0.000101,0.000098
find_proactive_cmds_time_sec,0.003255,0.004046,0.003420,0.003485,0.003441,0.004318,0.004130,0.003468,0.004196,0.003478,0.003475,0.003400
find_covered_races_time,0.006602,0.019832,0.019347,0.020213,0.021104,0.029132,0.030668,0.027667,0.035877,0.027312,0.027855,0.020944
per_packet_inconsistent_time_sec,0.000168,0.001530,0.002212,0.003104,0.003752,0.005197,0.005464,0.005274,0.007135,0.005816,0.006244,0.008362
find_inconsistent_update_time_sec,0.000007,0.000016,0.000042,0.000121,0.000127,0.000169,0.000169,0.000253,0.000212,0.000161,0.000187,0.000269
