key/t,False-0,False-1,False-2,False-3,False-4,False-5,False-6,False-7,False-8,False-9,False-10,False-inf
total_time_sec,1.225261,1.248845,1.309095,1.341595,1.325825,1.289041,1.307523,1.305062,1.296766,1.281429,1.280271,1.265705
load_time_sec,0.345430,0.342828,0.349346,0.354423,0.352500,0.343363,0.353125,0.345899,0.355142,0.345078,0.343493,0.352407
detect_races_time_sec,0.811265,0.785892,0.790152,0.801053,0.783579,0.768252,0.775978,0.777496,0.762038,0.761580,0.756407,0.730886
extract_traces_time_sec,0.045132,0.030802,0.023355,0.016085,0.012307,0.009362,0.007935,0.006653,0.006299,0.006590,0.005683,0.003948
find_reactive_cmds_time_sec,0.000102,0.000097,0.000098,0.000094,0.000108,0.000088,0.000092,0.000087,0.000091,0.000088,0.000085,0.000086
find_proactive_cmds_time_sec,0.013531,0.012387,0.012930,0.012620,0.012682,0.012545,0.012735,0.012821,0.013127,0.014488,0.013310,0.012574
find_covered_races_time,0.009485,0.071775,0.122175,0.138846,0.137499,0.123248,0.119671,0.116066,0.110078,0.099660,0.091342,0.078068
per_packet_inconsistent_time_sec,0.000271,0.004805,0.010497,0.017564,0.025595,0.030275,0.035634,0.043131,0.046768,0.050395,0.065504,0.080529
find_inconsistent_update_time_sec,-0.000013,-0.000220,-0.000505,-0.000874,-0.001504,-0.001874,-0.002314,-0.002868,-0.003188,-0.003513,-0.004409,-0.007170
