key/t,False-0,False-1,False-2,False-3,False-4,False-5,False-6,False-7,False-8,False-9,False-10,False-inf,True-0,True-1,True-2,True-3,True-4,True-5,True-6,True-7,True-8,True-9,True-10,True-inf
total_time_sec,13.407290,14.081185,14.117892,14.467943,14.934116,15.735430,15.780614,15.482553,15.898712,15.782498,15.531866,22.420459,14.686742,15.162074,15.292524,17.317862,22.875957,29.895642,34.008406,34.348932,33.192781,36.336028,39.008372,28.279142
load_time_sec,6.239308,6.372677,6.348010,6.495399,6.769789,6.483651,6.370656,6.541617,6.440295,6.504687,6.227020,6.691212,6.644008,6.534311,6.525020,6.352896,7.092238,6.687411,6.335243,8.560906,6.301436,6.211543,6.352049,6.484336
detect_races_time_sec,1.135337,1.129950,1.143026,1.102386,1.098322,1.244190,1.081319,1.060724,1.040054,1.073999,1.060383,0.993493,1.170517,1.121150,1.189056,1.142825,1.409454,1.094228,1.103878,1.094094,1.063679,1.048703,1.061205,1.036581
extract_traces_time_sec,0.621625,0.591814,0.565167,0.510571,0.229837,0.236721,0.191256,0.173338,0.155400,0.164853,0.166379,0.165985,0.721569,0.599402,0.561286,0.529866,0.240601,0.220744,0.183840,0.175552,0.157823,0.157446,0.159144,0.161369
find_reactive_cmds_time_sec,0.000035,0.000035,0.000034,0.000037,0.000033,0.000729,0.000000,0.000000,0.000038,0.000035,0.000342,0.000034,0.000035,0.000035,0.000033,0.000035,0.000035,0.000036,0.000034,0.000000,0.000040,0.000035,0.000036,0.000038
find_proactive_cmds_time_sec,0.092025,0.091560,0.091252,0.099452,0.374181,0.337746,0.099423,0.089236,0.090053,0.098520,0.105659,0.098698,0.092128,0.104144,0.093353,0.097552,0.371619,0.362414,0.094170,0.093211,0.089208,0.093834,0.104639,0.101245
find_covered_races_time,5.313390,5.882870,5.953564,6.202572,6.349099,7.238594,7.774295,7.259002,7.498767,7.402597,7.331616,12.242947,6.053815,6.784899,6.902806,9.130294,13.641810,21.333972,26.003091,24.066936,25.116330,28.279352,30.704187,18.248976
per_packet_inconsistent_time_sec,0.005523,0.012232,0.016788,0.057462,0.112779,0.193706,0.263555,0.358487,0.673958,0.537789,0.640279,2.227595,0.004624,0.018017,0.020861,0.064264,0.120006,0.196682,0.287984,0.358041,0.464043,0.544856,0.626846,2.246045
find_inconsistent_update_time_sec,-0.000009,-0.000012,-0.000015,-0.000025,-0.000041,-0.000059,-0.000075,-0.000097,-0.000110,0.000000,-0.000151,-0.000458,-0.000009,-0.000079,-0.000071,-0.000091,0.000000,-0.000117,-0.000126,-0.000154,-0.000174,-0.000200,-0.000207,-0.000518
