key/t,False-0,False-1,False-2,False-3,False-4,False-5,False-6,False-7,False-8,False-9,False-10,False-inf,True-0,True-1,True-2,True-3,True-4,True-5,True-6,True-7,True-8,True-9,True-10,True-inf
total_time_sec,16.525428,17.538257,18.774732,18.415240,18.058014,19.389418,18.610480,19.593519,20.106181,20.101049,20.003748,28.684215,17.295863,18.034122,18.114871,23.447721,28.546780,28.822900,40.292864,37.231658,38.691313,44.117257,49.084541,37.142128
load_time_sec,6.449002,7.153075,6.343751,6.365177,6.476359,6.334236,6.380260,7.057981,6.513982,6.479742,6.429185,6.274053,6.940252,6.320503,6.646067,9.846224,6.336816,6.424239,11.326346,6.295827,8.163817,7.869381,6.303469,9.171642
detect_races_time_sec,1.159659,1.174632,1.144861,1.107781,1.115907,1.337540,1.060519,1.095496,1.105101,1.062167,1.072447,0.947545,1.157518,1.149691,1.161856,1.098599,1.997604,1.063851,1.120362,1.043622,1.080654,1.531707,1.032077,1.003112
extract_traces_time_sec,0.893093,0.592375,0.539593,0.538432,0.245216,0.233203,0.196865,0.185453,0.168552,0.155746,0.155635,0.147494,0.634278,0.730882,0.596299,0.522669,0.271218,0.213660,0.193073,0.180135,0.163878,0.159928,0.149144,0.156607
find_reactive_cmds_time_sec,0.000024,0.000035,0.000035,0.000035,0.000034,0.000036,0.000036,0.000042,0.000036,0.000036,0.000053,0.000034,0.000035,0.000065,0.000035,0.000034,0.000044,0.000035,0.000037,0.000033,0.000034,0.000037,0.000034,0.000035
find_proactive_cmds_time_sec,0.154039,0.099844,0.094577,0.107064,0.355184,0.367296,0.098556,0.114530,0.110274,0.102133,0.103077,0.091349,0.105156,0.119730,0.100867,0.101712,0.399987,0.354520,0.111328,0.105569,0.109989,0.099418,0.098411,0.095043
find_covered_races_time,5.612811,5.991750,8.241625,7.782785,6.958856,7.654913,7.468055,7.233585,8.363086,7.784915,7.538669,12.414048,6.140588,6.843086,7.291025,9.321551,15.130168,17.646025,24.299046,25.734741,25.017907,29.672185,36.303315,18.635138
per_packet_inconsistent_time_sec,0.004724,0.016655,0.018205,0.057881,0.106143,0.386073,0.286827,0.373553,0.486413,0.571446,0.662887,2.471359,0.004207,0.023442,0.020331,0.064019,0.119903,0.193449,0.280387,0.376911,0.510590,0.563933,0.726503,2.252252
find_inconsistent_update_time_sec,-0.000009,0.000000,0.000000,-0.000030,-0.000040,-0.000118,-0.000078,-0.000105,-0.000114,-0.000132,-0.000153,-0.000530,-0.000009,-0.000167,-0.000072,-0.000090,-0.000102,-0.000112,-0.000152,-0.000143,-0.000162,-0.000179,0.000000,-0.000511
