key/t,False-0,False-1,False-2,False-3,False-4,False-5,False-6,False-7,False-8,False-9,False-10,False-inf,True-0,True-1,True-2,True-3,True-4,True-5,True-6,True-7,True-8,True-9,True-10,True-inf
total_time_sec,15.682477,16.314465,16.031436,17.104545,17.217200,18.026587,18.367616,22.287889,25.336584,19.175047,20.500243,29.343196,16.755860,16.929342,16.872066,19.550156,24.460063,29.574651,32.805444,36.110934,40.358110,44.306986,43.413826,35.625220
load_time_sec,6.385466,6.234501,6.260716,6.369469,6.605332,6.152217,6.698474,8.988838,6.320470,6.466044,6.780646,6.763047,6.460181,6.200740,6.254344,6.104007,6.733625,6.911014,6.350140,6.638838,6.511849,6.416596,6.619522,6.917941
detect_races_time_sec,1.114967,1.081694,1.089923,1.088710,1.080519,1.049496,1.033247,1.086526,1.046472,1.031573,1.155994,1.059895,1.145337,1.167619,1.096197,1.124033,1.122697,1.130561,1.073604,1.072362,1.053019,1.068850,1.137820,0.970233
extract_traces_time_sec,0.612873,0.560830,0.552019,0.506041,0.237189,0.212989,0.207036,0.185825,0.148751,0.151901,0.160740,0.156091,0.669540,0.580055,0.545628,0.492661,0.245707,0.219156,0.188546,0.201245,0.153814,0.149753,0.158534,0.161982
find_reactive_cmds_time_sec,0.000000,0.000036,0.000035,0.000039,0.000034,0.000033,0.000034,0.000034,0.000037,0.000035,0.000035,0.000054,0.000072,0.000034,0.000037,0.000034,0.000034,0.000036,0.000055,0.000036,0.000034,0.000000,0.000034,0.000034
find_proactive_cmds_time_sec,0.090253,0.099464,0.096537,0.102627,0.341739,0.346158,0.106306,0.122516,0.096192,0.100060,0.103727,0.102713,0.102447,0.090979,0.090272,0.096133,0.336178,0.337305,0.101153,0.110802,0.102487,0.095887,0.100379,0.102081
find_covered_races_time,5.350354,6.177094,5.833025,6.536019,6.358453,7.322022,7.251599,8.087182,9.848642,7.339889,7.677582,12.006426,6.036020,6.698694,6.737898,9.006064,13.354858,17.584414,21.866663,24.167588,28.299218,32.360153,30.886789,18.126423
per_packet_inconsistent_time_sec,0.004423,0.010668,0.015992,0.054953,0.104676,0.206053,0.266754,0.367726,0.862783,0.561208,0.637076,2.447236,0.006544,0.019012,0.021567,0.064165,0.117467,0.199509,0.275112,0.357657,0.465529,0.588852,0.695896,2.237927
find_inconsistent_update_time_sec,-0.000015,-0.000012,-0.000014,-0.000025,-0.000041,-0.000069,-0.000076,-0.000093,-0.000249,-0.000130,-0.000158,-0.000505,-0.000021,-0.000084,-0.000087,-0.000117,-0.000110,-0.000133,-0.000134,-0.000167,-0.000186,-0.000204,-0.000242,-0.000861
