key/t,False-0,False-1,False-2,False-3,False-4,False-5,False-6,False-7,False-8,False-9,False-10,False-inf,True-0,True-1,True-2,True-3,True-4,True-5,True-6,True-7,True-8,True-9,True-10,True-inf
total_time_sec,16.521696,16.997414,17.196849,21.433511,24.757118,25.618714,32.139607,28.645486,32.875594,42.056469,41.151798,59.702911,18.734360,20.972036,18.624639,26.358111,30.393342,31.742091,43.641653,37.339593,40.908024,42.536584,53.156241,36.554102
load_time_sec,6.453059,6.380883,6.815063,7.235832,6.946882,6.581508,9.270885,6.796742,9.452943,7.080864,8.239103,7.038650,6.894868,8.384805,6.709262,6.984570,7.255142,6.829267,6.873171,6.508584,7.020015,6.805736,7.504604,6.819026
detect_races_time_sec,1.163615,1.156561,1.140741,1.186048,1.168608,1.158736,2.158931,1.356396,1.580214,1.930340,1.379393,1.079584,1.223828,1.631678,1.157451,1.659379,1.108127,1.191735,1.109976,1.067733,1.468333,1.098390,1.142027,0.998246
extract_traces_time_sec,0.648817,0.618752,0.562047,0.557046,0.250879,0.225336,0.373789,0.183517,0.168631,0.307005,0.196181,0.162512,0.719392,0.614004,0.626992,0.658183,0.242463,0.258938,0.196634,0.176427,0.223363,0.163729,0.183587,0.164323
find_reactive_cmds_time_sec,0.000035,0.000035,0.000036,0.000042,0.000041,0.000036,0.001100,0.000000,0.000033,0.000000,0.000059,0.000037,0.000036,0.000038,0.000039,0.000052,0.000039,0.000045,0.000050,0.000034,0.000096,0.000035,0.000052,0.000035
find_proactive_cmds_time_sec,0.096630,0.103453,0.103788,0.115941,0.395627,0.385186,0.184695,0.109064,0.114081,0.172286,0.153917,0.133958,0.186950,0.103161,0.110728,0.142665,0.372930,0.430534,0.125807,0.104033,0.148181,0.099585,0.117978,0.118922
find_covered_races_time,5.652747,6.436344,6.198750,7.279703,6.920315,7.501804,9.203517,7.681563,9.185159,14.585268,14.384044,13.832771,7.064761,7.721174,7.280471,13.537942,16.594212,19.170574,31.875830,25.343715,27.332327,29.948078,36.730501,19.528068
per_packet_inconsistent_time_sec,0.004198,0.011121,0.017276,0.064650,0.113655,0.215411,0.285566,0.378407,0.495282,0.964976,1.236195,2.445013,0.004860,0.017048,0.021794,0.141443,0.253024,0.379907,0.302720,0.373667,0.487316,0.554322,0.842781,2.228017
find_inconsistent_update_time_sec,-0.000009,-0.000012,-0.000014,-0.000029,-0.000044,-0.000070,-0.000097,-0.000093,-0.000111,-0.000294,-0.000350,-0.000485,0.000000,-0.000072,-0.000075,-0.000155,-0.000196,-0.000271,-0.000126,-0.000146,-0.000164,-0.000251,-0.000403,-0.000524
