key/t,False-0,False-1,False-2,False-3,False-4,False-5,False-6,False-7,False-8,False-9,False-10,False-inf,True-0,True-1,True-2,True-3,True-4,True-5,True-6,True-7,True-8,True-9,True-10,True-inf
total_time_sec,19.430246,15.619743,16.383504,15.599884,20.005714,19.200986,18.176856,19.389547,16.864763,17.024494,18.257466,29.083158,18.248008,20.409569,17.536990,20.388145,30.530181,29.394750,35.872835,38.629749,38.514445,45.958726,46.536368,37.258017
load_time_sec,8.136377,7.279205,6.481069,7.041310,9.328025,7.611843,7.480731,8.780301,7.058720,6.985644,6.612031,7.864469,6.455096,9.121653,7.161506,7.180917,7.210520,7.305938,6.545214,6.967078,7.693220,7.336949,7.337207,7.310872
detect_races_time_sec,1.532664,1.147137,1.277834,1.111568,1.118766,1.214929,1.104076,1.065005,1.110336,1.068324,1.043662,1.167202,1.265049,1.758132,1.313691,1.134704,1.193864,1.433003,1.166016,1.094735,1.654409,1.676031,1.072507,1.581938
extract_traces_time_sec,1.107799,0.591237,0.688788,0.574460,0.242802,0.229786,0.197516,0.288518,0.150981,0.158545,0.158535,0.171288,0.664546,0.951630,0.724486,0.537611,0.261216,0.243089,0.202660,0.172981,0.157962,0.198910,0.206366,0.299587
find_reactive_cmds_time_sec,0.000053,0.000037,0.000039,0.000037,0.000038,0.000036,0.000037,0.000056,0.000080,0.000036,0.000039,0.000034,0.000039,0.000051,0.000036,0.000038,0.000036,0.000000,0.000036,0.000038,0.000041,0.000038,0.000043,0.000049
find_proactive_cmds_time_sec,0.156788,0.098815,0.105612,0.097616,0.361361,0.380962,0.103859,0.149835,0.095681,0.106095,0.104827,0.098041,0.102556,0.157088,0.133748,0.100887,0.400772,0.379891,0.094943,0.097843,0.111086,0.149127,0.117209,0.181250
find_covered_races_time,8.491097,6.481397,7.795849,6.715421,8.851089,9.559141,9.021280,8.684093,8.026902,8.187938,9.575975,17.229140,9.756269,8.402937,8.181556,11.373195,21.209956,19.654263,27.312026,29.923729,28.446247,36.084382,37.177719,25.481962
per_packet_inconsistent_time_sec,0.005406,0.021842,0.034164,0.059408,0.103556,0.204183,0.269215,0.421578,0.421902,0.517693,0.762193,2.552435,0.004406,0.017969,0.021840,0.060667,0.253570,0.378278,0.551621,0.373146,0.451269,0.512969,0.625052,2.401775
find_inconsistent_update_time_sec,-0.000012,-0.000020,-0.000128,-0.000025,-0.000040,-0.000065,-0.000088,-0.000121,-0.000116,-0.000164,-0.000162,-0.000497,-0.000010,-0.000071,-0.000080,-0.000086,-0.000198,-0.000231,-0.000266,-0.000161,-0.000170,-0.000267,-0.000222,-0.000546
