key/t,False-0,False-1,False-2,False-3,False-4,False-5,False-6,False-7,False-8,False-9,False-10,False-inf,True-0,True-1,True-2,True-3,True-4,True-5,True-6,True-7,True-8,True-9,True-10,True-inf
total_time_sec,3.604943,3.968202,4.392246,3.930651,4.339821,3.451373,3.303006,3.260012,3.018089,3.934797,3.113431,2.882585,3.924488,3.769368,3.580224,3.921129,3.389554,3.095728,3.311869,3.234339,3.151639,4.006524,2.721559,2.684411
load_time_sec,1.620554,1.585463,2.007102,1.816904,2.081208,1.672721,1.701915,1.702535,1.637111,1.639198,1.868990,1.863657,1.855231,1.861329,1.768437,1.943928,1.713279,1.615292,1.828280,1.736328,1.808537,1.696162,1.610184,1.673528
detect_races_time_sec,0.258568,0.269296,0.285506,0.290245,0.312537,0.280803,0.292591,0.278141,0.368171,0.288450,0.297323,0.294555,0.277615,0.274479,0.273645,0.417075,0.297338,0.273389,0.277238,0.353276,0.278195,0.277642,0.278935,0.298211
extract_traces_time_sec,0.032389,0.033284,0.041978,0.045069,0.049943,0.046596,0.047678,0.048658,0.057945,0.034633,0.057315,0.057321,0.036751,0.034989,0.036594,0.050380,0.042207,0.045056,0.045951,0.059519,0.054322,0.035761,0.051586,0.065708
find_reactive_cmds_time_sec,0.000791,0.000569,0.000559,0.000570,0.000861,0.000596,0.000562,0.000595,0.000590,0.001752,0.000608,0.000571,0.000545,0.000505,0.000552,0.000547,0.000561,0.000550,0.000597,0.000968,0.000601,0.000494,0.000569,0.000607
find_proactive_cmds_time_sec,0.076780,0.085034,0.087351,0.092823,0.123920,0.086402,0.088031,0.094241,0.088308,0.086169,0.085311,0.080590,0.084092,0.082443,0.084100,0.097121,0.084678,0.079598,0.080406,0.094680,0.088666,0.089372,0.079352,0.086358
find_covered_races_time,0.235750,0.322324,0.361679,0.381613,0.383453,0.270997,0.215765,0.151158,0.101705,0.330691,0.104821,0.068885,0.189572,0.186932,0.181125,0.172349,0.159574,0.139948,0.127706,0.140567,0.119580,0.272272,0.088496,0.073018
per_packet_inconsistent_time_sec,0.089313,0.075263,0.069790,0.063353,0.054062,0.042546,0.033859,0.030733,0.014837,0.087459,0.011779,0.001000,0.101466,0.081639,0.072912,0.060892,0.057353,0.039364,0.032843,0.029932,0.028651,0.188528,0.009738,0.001191
find_inconsistent_update_time_sec,-0.000193,-0.000195,-0.000187,-0.000172,-0.000191,-0.000166,-0.000144,-0.000119,-0.000028,-0.000186,-0.000021,-0.000011,-0.000091,-0.000072,-0.000065,-0.000054,-0.000056,-0.000042,-0.000036,-0.000034,-0.000023,-0.000172,-0.000017,-0.000011
