key/t,False-0,False-1,False-2,False-3,False-4,False-5,False-6,False-7,False-8,False-9,False-10,False-inf,True-0,True-1,True-2,True-3,True-4,True-5,True-6,True-7,True-8,True-9,True-10,True-inf
total_time_sec,2.110706,2.217682,2.292656,3.335810,4.032953,3.093918,2.334714,2.655558,2.313113,2.668256,3.599255,3.672110,3.446158,2.661750,2.095741,2.500032,2.303577,3.025728,3.285364,2.485792,2.591862,3.122274,2.783202,4.468309
load_time_sec,1.621885,1.690512,1.748188,2.697047,2.920072,2.409785,1.710242,2.007308,1.681592,2.016220,2.319046,2.413798,2.953710,1.686799,1.577352,1.918283,1.646951,2.139795,1.825639,1.689043,1.783963,2.184603,1.945741,3.070417
detect_races_time_sec,0.279584,0.290803,0.285845,0.319901,0.574710,0.331221,0.288778,0.288229,0.267387,0.266817,0.552201,0.530264,0.282291,0.505036,0.275299,0.278638,0.274286,0.452207,0.534045,0.281880,0.272494,0.384185,0.281967,0.528527
extract_traces_time_sec,0.057553,0.053637,0.054073,0.056575,0.081321,0.050198,0.042944,0.041362,0.036601,0.034805,0.069401,0.061758,0.056632,0.123673,0.051928,0.047332,0.044731,0.045867,0.071166,0.042123,0.040041,0.036708,0.035881,0.064375
find_reactive_cmds_time_sec,0.000585,0.000589,0.000591,0.000606,0.001020,0.000630,0.000561,0.000599,0.000541,0.000534,0.000954,0.001115,0.001157,0.001223,0.000604,0.000558,0.000577,0.000535,0.000914,0.000526,0.000516,0.000527,0.000530,0.000935
find_proactive_cmds_time_sec,0.077624,0.081031,0.085884,0.090548,0.137259,0.092465,0.085471,0.085585,0.082540,0.084494,0.141398,0.132841,0.081313,0.153554,0.077151,0.078997,0.077966,0.082713,0.124215,0.083908,0.084058,0.086073,0.086023,0.138749
find_covered_races_time,0.071952,0.091445,0.101398,0.131472,0.251061,0.167273,0.154504,0.170587,0.177141,0.184347,0.359316,0.357010,0.069715,0.173570,0.098030,0.150450,0.222136,0.261159,0.606834,0.323061,0.338017,0.344262,0.333825,0.457739
per_packet_inconsistent_time_sec,0.001476,0.009614,0.016619,0.039564,0.067377,0.042259,0.052115,0.061792,0.067209,0.080920,0.156815,0.175052,0.001292,0.017807,0.015316,0.025607,0.036742,0.043000,0.122177,0.064882,0.072549,0.085685,0.098992,0.207125
find_inconsistent_update_time_sec,-0.000012,-0.000016,-0.000022,-0.000051,-0.000077,-0.000049,-0.000056,-0.000058,-0.000063,-0.000081,-0.000090,-0.000217,-0.000011,-0.000036,-0.000025,-0.000128,-0.000151,-0.000168,-0.000317,-0.000321,-0.000187,-0.000194,-0.000205,-0.000387
