key/t,False-0,False-1,False-2,False-3,False-4,False-5,False-6,False-7,False-8,False-9,False-10,False-inf,True-0,True-1,True-2,True-3,True-4,True-5,True-6,True-7,True-8,True-9,True-10,True-inf
total_time_sec,5.768913,5.387128,3.126854,3.351808,3.933212,4.332340,7.036259,3.921062,4.195845,4.595701,4.428197,4.775555,3.020332,2.893152,2.945426,3.170093,3.251269,3.478874,3.701260,3.735193,4.047911,3.987358,4.027127,4.707702
load_time_sec,3.557205,3.003985,1.739582,1.801771,1.831459,2.107638,2.808889,1.671093,1.707175,1.697058,1.667784,1.745362,1.916004,1.701432,1.650492,1.682724,1.692015,1.725911,1.691346,1.755119,1.770748,1.762563,1.725867,2.266916
detect_races_time_sec,0.642593,0.646416,0.289453,0.289549,0.363664,0.301692,0.536360,0.272866,0.272689,0.272344,0.272655,0.272644,0.347975,0.291788,0.298677,0.291394,0.294169,0.282586,0.282964,0.283764,0.279948,0.295384,0.287279,0.294376
extract_traces_time_sec,0.122393,0.107052,0.054770,0.050293,0.050421,0.049322,0.066169,0.038567,0.039366,0.042672,0.035051,0.034995,0.066023,0.081739,0.050813,0.048482,0.043181,0.046329,0.091869,0.043350,0.038303,0.038227,0.036760,0.049949
find_reactive_cmds_time_sec,0.001216,0.001182,0.000611,0.000609,0.000638,0.000600,0.000635,0.000820,0.000506,0.000544,0.000505,0.000544,0.000591,0.001014,0.000614,0.000555,0.000872,0.000554,0.000549,0.000558,0.000526,0.000529,0.000520,0.000520
find_proactive_cmds_time_sec,0.141134,0.136851,0.089346,0.083598,0.092190,0.091838,0.140925,0.087360,0.085453,0.095323,0.083959,0.092734,0.101237,0.117442,0.084456,0.079391,0.078591,0.084922,0.089624,0.088059,0.086971,0.085993,0.086120,0.098284
find_covered_races_time,0.168851,0.191999,0.106654,0.115606,0.138125,0.206102,0.282356,0.161943,0.181136,0.243295,0.187692,0.228003,0.090458,0.092431,0.104730,0.179450,0.209835,0.273788,0.326340,0.332251,0.449026,0.343180,0.343174,0.275474
per_packet_inconsistent_time_sec,0.002345,0.019903,0.014510,0.025464,0.030006,0.051713,0.133294,0.055991,0.066203,0.081682,0.086395,0.089016,0.001220,0.008714,0.014730,0.026718,0.032969,0.039523,0.055838,0.060005,0.076251,0.080814,0.091784,0.106132
find_inconsistent_update_time_sec,-0.000018,-0.000031,-0.000044,-0.000029,-0.000036,-0.000086,-0.000124,-0.000056,-0.000063,-0.000076,-0.000074,-0.000081,-0.000010,-0.000021,-0.000026,-0.000139,-0.000140,-0.000153,-0.000164,-0.000175,-0.000466,-0.000183,-0.000182,-0.000207
