key/t,False-0,False-1,False-2,False-3,False-4,False-5,False-6,False-7,False-8,False-9,False-10,False-inf,True-0,True-1,True-2,True-3,True-4,True-5,True-6,True-7,True-8,True-9,True-10,True-inf
total_time_sec,2.624097,2.717536,2.870800,3.201396,3.176798,3.388054,3.639676,3.528094,3.561672,3.851059,4.030281,6.194125,5.125904,5.542898,5.655583,6.040328,6.220493,6.447399,6.772631,3.494955,3.619812,3.764253,3.764256,3.752687
load_time_sec,1.644333,1.597773,1.645568,1.735402,1.690445,1.753543,1.687663,1.734508,1.672402,1.720074,1.824855,3.302606,3.231825,3.427955,3.355673,3.243414,3.239486,3.239316,3.271220,1.640612,1.604830,1.740589,1.640460,1.782398
detect_races_time_sec,0.285005,0.276359,0.280001,0.348741,0.285983,0.277104,0.399888,0.276422,0.271684,0.279501,0.301084,0.537193,0.600360,0.591238,0.596368,0.625623,0.594686,0.611025,0.608252,0.263173,0.278603,0.269508,0.269364,0.267368
extract_traces_time_sec,0.055159,0.057130,0.050475,0.070843,0.047529,0.043601,0.045722,0.041803,0.038463,0.038726,0.040233,0.062966,0.112201,0.100767,0.096649,0.092587,0.089103,0.081249,0.082029,0.037752,0.064949,0.033961,0.035920,0.032165
find_reactive_cmds_time_sec,0.000592,0.000628,0.000557,0.000717,0.000583,0.000610,0.000602,0.000568,0.000581,0.001006,0.000617,0.000844,0.001066,0.001405,0.001100,0.001074,0.001001,0.001308,0.001013,0.000515,0.000911,0.000458,0.000783,0.000484
find_proactive_cmds_time_sec,0.078414,0.084101,0.078391,0.080883,0.088731,0.084336,0.090322,0.091019,0.089603,0.106703,0.117463,0.119800,0.130018,0.124622,0.135652,0.136731,0.128380,0.124394,0.131739,0.080363,0.084018,0.079502,0.086793,0.080864
find_covered_races_time,0.067745,0.088825,0.101262,0.116331,0.130688,0.149122,0.177512,0.164690,0.185558,0.204680,0.196094,0.389410,0.142564,0.176626,0.198597,0.315502,0.443630,0.534397,0.620655,0.329520,0.339281,0.331063,0.330204,0.242229
per_packet_inconsistent_time_sec,0.001207,0.009277,0.013945,0.025308,0.029307,0.053279,0.057813,0.059084,0.072276,0.083840,0.092866,0.214122,0.002066,0.017519,0.032737,0.060515,0.071857,0.096632,0.116643,0.059849,0.067738,0.080423,0.085626,0.088542
find_inconsistent_update_time_sec,-0.000011,-0.000017,-0.000021,-0.000030,-0.000034,-0.000042,-0.000052,-0.000055,-0.000082,-0.000073,-0.000085,-0.000300,-0.000015,-0.000049,-0.000047,-0.000231,-0.000277,-0.000626,-0.000316,-0.000169,-0.000177,-0.000189,-0.000229,-0.000190
