key/t,False-0,False-1,False-2,False-3,False-4,False-5,False-6,False-7,False-8,False-9,False-10,False-inf,True-0,True-1,True-2,True-3,True-4,True-5,True-6,True-7,True-8,True-9,True-10,True-inf
total_time_sec,2.684411,2.721559,3.151639,3.234339,3.311869,3.095728,3.389554,3.921129,3.580224,3.769368,4.006524,3.924488,2.882585,3.113431,3.018089,3.260012,3.303006,3.451373,4.339821,3.930651,4.392246,3.968202,3.934797,3.604943
load_time_sec,1.673528,1.610184,1.808537,1.736328,1.828280,1.615292,1.713279,1.943928,1.768437,1.861329,1.696162,1.855231,1.863657,1.868990,1.637111,1.702535,1.701915,1.672721,2.081208,1.816904,2.007102,1.585463,1.639198,1.620554
detect_races_time_sec,0.298211,0.278935,0.278195,0.353276,0.277238,0.273389,0.297338,0.417075,0.273645,0.274479,0.277642,0.277615,0.294555,0.297323,0.368171,0.278141,0.292591,0.280803,0.312537,0.290245,0.285506,0.269296,0.288450,0.258568
extract_traces_time_sec,0.065708,0.051586,0.054322,0.059519,0.045951,0.045056,0.042207,0.050380,0.036594,0.034989,0.035761,0.036751,0.057321,0.057315,0.057945,0.048658,0.047678,0.046596,0.049943,0.045069,0.041978,0.033284,0.034633,0.032389
find_reactive_cmds_time_sec,0.000607,0.000569,0.000601,0.000968,0.000597,0.000550,0.000561,0.000547,0.000552,0.000505,0.000494,0.000545,0.000571,0.000608,0.000590,0.000595,0.000562,0.000596,0.000861,0.000570,0.000559,0.000569,0.001752,0.000791
find_proactive_cmds_time_sec,0.086358,0.079352,0.088666,0.094680,0.080406,0.079598,0.084678,0.097121,0.084100,0.082443,0.089372,0.084092,0.080590,0.085311,0.088308,0.094241,0.088031,0.086402,0.123920,0.092823,0.087351,0.085034,0.086169,0.076780
find_covered_races_time,0.073018,0.088496,0.119580,0.140567,0.127706,0.139948,0.159574,0.172349,0.181125,0.186932,0.272272,0.189572,0.068885,0.104821,0.101705,0.151158,0.215765,0.270997,0.383453,0.381613,0.361679,0.322324,0.330691,0.235750
per_packet_inconsistent_time_sec,0.001191,0.009738,0.028651,0.029932,0.032843,0.039364,0.057353,0.060892,0.072912,0.081639,0.188528,0.101466,0.001000,0.011779,0.014837,0.030733,0.033859,0.042546,0.054062,0.063353,0.069790,0.075263,0.087459,0.089313
find_inconsistent_update_time_sec,-0.000011,-0.000017,-0.000023,-0.000034,-0.000036,-0.000042,-0.000056,-0.000054,-0.000065,-0.000072,-0.000172,-0.000091,-0.000011,-0.000021,-0.000028,-0.000119,-0.000144,-0.000166,-0.000191,-0.000172,-0.000187,-0.000195,-0.000186,-0.000193
