key/t,False-0,False-1,False-2,False-3,False-4,False-5,False-6,False-7,False-8,False-9,False-10,False-inf
total_time_sec,12.821277,14.362920,17.166339,19.076030,21.891648,25.706032,27.907327,31.365927,34.053517,38.476708,42.631134,68.313710
load_time_sec,2.480278,2.423954,2.424711,2.430727,2.676971,2.398632,2.417474,2.408714,2.393215,2.392794,2.440944,2.405078
detect_races_time_sec,9.510048,9.038557,9.070283,9.037208,9.080960,9.032471,9.045553,8.984922,8.891863,8.953242,9.174807,8.938354
extract_traces_time_sec,0.130553,0.124894,0.117498,0.113332,0.107599,0.103053,0.099678,0.099405,0.094375,0.092886,0.090975,0.085773
find_reactive_cmds_time_sec,0.298885,0.294900,0.290746,0.295233,0.285847,0.287236,0.287320,0.291969,0.283634,0.282229,0.284168,0.280572
find_proactive_cmds_time_sec,0.389093,0.383285,0.378926,0.379704,0.373096,0.376669,0.378372,0.378324,0.371533,0.369366,0.373681,0.369206
find_covered_races_time,0.000001,0.000003,0.000002,0.000002,0.000002,0.000001,0.000001,0.000001,0.000001,0.000001,0.000001,0.000002
per_packet_inconsistent_time_sec,0.011354,0.100494,0.160378,0.232007,0.323475,0.427605,0.520148,0.581703,0.600742,0.666356,0.733572,1.116768
find_inconsistent_update_time_sec,0.001048,1.996804,4.723753,6.587775,9.043641,13.080311,15.158750,18.620840,21.418122,25.719803,29.532956,55.117899
