key/t,False-0,False-1,False-2,False-3,False-4,False-5,False-6,False-7,False-8,False-9,False-10,False-inf
total_time_sec,20.567615,23.838848,29.556699,35.335906,39.382797,46.480274,52.034814,58.450108,67.730705,73.727106,80.857355,132.348650
load_time_sec,6.098586,5.992644,6.560518,6.267823,6.266318,6.116266,6.187050,6.125948,6.802713,6.377226,6.099818,5.887410
detect_races_time_sec,13.343534,12.760711,13.505416,13.871956,13.061745,13.253913,13.303577,13.086067,14.069200,13.621433,12.876745,12.133672
extract_traces_time_sec,0.179186,0.177445,0.166840,0.155739,0.141010,0.165746,0.132780,0.123174,0.128921,0.140480,0.115807,0.110214
find_reactive_cmds_time_sec,0.385483,0.380312,0.420888,0.417732,0.403491,0.442301,0.397871,0.389152,0.374703,0.456232,0.357133,0.386577
find_proactive_cmds_time_sec,0.524478,0.510593,0.524303,0.577617,0.528316,0.596429,0.526673,0.546936,0.511272,0.559944,0.481981,0.489561
find_covered_races_time,0.018748,0.192979,0.267286,0.377472,0.397273,0.401882,0.408877,0.467564,0.439266,0.482945,0.455703,0.350050
per_packet_inconsistent_time_sec,0.016281,0.158444,0.230662,0.418929,0.541018,0.661395,0.858083,0.912422,1.001216,1.052104,1.177924,1.609904
find_inconsistent_update_time_sec,-0.001278,-3.665664,-7.880736,-13.248590,-18.043575,-24.842283,-30.219854,-36.798794,-44.403343,-51.036686,-59.292190,-111.381195
