key/t,False-0,False-1,False-2,False-3,False-4,False-5,False-6,False-7,False-8,False-9,False-10,False-inf
total_time_sec,13.385816,15.662821,17.685140,20.977549,22.879042,27.423052,29.108263,36.763466,40.908781,44.659679,49.010872,68.994987
load_time_sec,3.424029,3.518206,3.486781,3.515813,3.493309,3.529948,3.489485,3.785756,3.476430,3.436141,3.443463,3.542990
detect_races_time_sec,9.119416,9.094431,9.016072,9.382185,8.955762,9.063080,8.888172,9.168493,9.051563,8.908419,8.905815,8.946448
extract_traces_time_sec,0.132295,0.123606,0.115964,0.112879,0.105668,0.104378,0.098543,0.096334,0.095110,0.091713,0.090562,0.093380
find_reactive_cmds_time_sec,0.293971,0.293222,0.301402,0.288648,0.288604,0.297744,0.289295,0.296325,0.295043,0.287257,0.286402,0.282581
find_proactive_cmds_time_sec,0.391894,0.382472,0.376476,0.386137,0.385580,0.387975,0.372975,0.388575,0.513232,0.375265,0.377683,0.368479
find_covered_races_time,0.011953,0.146554,0.213179,0.264518,0.274367,0.304344,0.303128,0.344868,0.481111,0.366707,0.361977,0.256644
per_packet_inconsistent_time_sec,0.011266,0.100240,0.143093,0.261192,0.316500,0.432816,0.458991,0.579734,0.636438,0.675203,0.722828,0.960040
find_inconsistent_update_time_sec,0.000976,2.004048,4.032129,6.766134,9.059210,13.302737,15.207627,22.103356,26.359803,30.518951,34.822089,54.544395
