key/t,False-0,False-1,False-2,False-3,False-4,False-5,False-6,False-7,False-8,False-9,False-10,False-inf,True-0,True-1,True-2,True-3,True-4,True-5,True-6,True-7,True-8,True-9,True-10,True-inf
total_time_sec,5.602592,6.382385,5.977142,7.467550,10.596962,9.038592,9.676755,10.303630,10.951771,11.726011,13.442663,14.931140,5.976182,5.979415,6.347717,8.195391,10.620708,9.976729,10.872063,11.900353,12.097058,12.815644,12.432059,10.817906
load_time_sec,2.900224,3.060294,3.031149,3.132687,3.834449,2.930505,2.855560,2.902839,2.952874,2.879699,2.947112,2.896457,2.867551,2.849972,3.219944,3.696621,2.943152,3.194461,2.910810,3.182621,2.955892,2.928317,2.902244,3.141823
detect_races_time_sec,0.484076,0.667810,0.566654,0.505401,0.962548,0.465830,0.460157,0.458473,0.466035,0.438956,0.542164,0.435777,0.513582,0.470708,0.469277,0.694870,0.869653,0.470731,0.439934,0.459457,0.469169,0.462848,0.453584,0.445789
extract_traces_time_sec,0.093519,0.172848,0.076933,0.077338,0.138723,0.074569,0.068877,0.078156,0.076140,0.072787,0.099894,0.077009,0.097559,0.082629,0.074974,0.093687,0.111035,0.089581,0.075510,0.074108,0.076545,0.073227,0.074416,0.069051
find_reactive_cmds_time_sec,0.000000,0.000077,0.000049,0.000034,0.000047,0.000043,0.000000,0.000000,0.000035,0.000035,0.000038,0.000034,0.000035,0.000036,0.000033,0.000060,0.000045,0.000413,0.000034,0.000000,0.000043,0.000036,0.000033,0.000045
find_proactive_cmds_time_sec,0.085181,0.152360,0.096201,0.101077,0.152799,0.097724,0.095127,0.093813,0.097958,0.096274,0.116555,0.093132,0.092704,0.090257,0.091479,0.119683,0.146289,0.110251,0.094736,0.092428,0.098567,0.099207,0.090429,0.091143
find_covered_races_time,1.026821,1.305641,1.126539,1.476043,2.561990,1.530974,1.693880,1.722902,1.782805,1.948013,2.237763,2.660088,1.370563,1.381394,1.418076,2.175150,4.717140,4.329085,5.428663,5.708540,6.192631,6.770067,6.244173,3.762232
per_packet_inconsistent_time_sec,0.001752,0.006275,0.005293,0.029742,0.060431,0.100185,0.148174,0.175953,0.222384,0.260647,0.308911,0.464753,0.001921,0.007844,0.008704,0.041889,0.129661,0.100060,0.157132,0.278761,0.229919,0.270951,0.330733,0.449685
find_inconsistent_update_time_sec,-0.000009,-0.000015,-0.000013,-0.000026,-0.000044,-0.000072,-0.000083,-0.000097,-0.000062,-0.000145,-0.000144,-0.000217,-0.000009,-0.000066,-0.000062,-0.000106,-0.000113,-0.000113,-0.000148,-0.000321,-0.000183,-0.000186,-0.000218,-0.000192
