key/t,False-0,False-1,False-2,False-3,False-4,False-5,False-6,False-7,False-8,False-9,False-10,False-inf,True-0,True-1,True-2,True-3,True-4,True-5,True-6,True-7,True-8,True-9,True-10,True-inf
total_time_sec,5.141303,5.003670,4.638111,4.779469,5.182582,5.308489,7.151959,6.370576,7.487813,5.905706,6.060105,6.406344,4.967643,5.392751,5.856604,5.957861,9.809463,10.201574,9.891463,15.253313,11.219738,9.890886,11.814428,8.340129
load_time_sec,3.294647,3.284321,2.930736,2.960029,2.929188,3.146357,4.547270,3.126215,4.187460,3.068662,3.077940,2.861294,3.071424,3.303216,3.766765,3.167599,3.798325,3.858077,3.687867,4.980996,3.158526,2.843535,3.454264,3.084115
detect_races_time_sec,0.613295,0.456260,0.459894,0.470201,0.455314,0.466517,0.564974,0.745715,0.505203,0.432473,0.422269,0.441646,0.473616,0.566297,0.510043,0.452389,0.715209,0.674580,0.493972,0.868312,0.441893,0.429493,0.419641,0.617929
extract_traces_time_sec,0.094993,0.081558,0.070942,0.071969,0.069974,0.071681,0.097365,0.083160,0.104965,0.067688,0.071886,0.072767,0.091673,0.087336,0.071410,0.072327,0.123948,0.078779,0.071038,0.126918,0.071493,0.070266,0.069781,0.085349
find_reactive_cmds_time_sec,0.000037,0.000037,0.000034,0.000036,0.000035,0.000046,0.000039,0.000044,0.000038,0.000039,0.000037,0.000038,0.000040,0.000034,0.000034,0.000037,0.000062,0.000039,0.000040,0.000055,0.000039,0.000033,0.000035,0.000034
find_proactive_cmds_time_sec,0.098611,0.092479,0.090819,0.085671,0.089960,0.088160,0.100586,0.104854,0.098637,0.126856,0.090504,0.087972,0.085881,0.093463,0.088972,0.085586,0.153629,0.098305,0.089850,0.138840,0.086827,0.089299,0.087338,0.100068
find_covered_races_time,1.037834,1.085227,1.079545,1.161804,1.569784,1.438186,1.706766,2.127568,2.193552,1.954443,2.108113,2.472655,1.243132,1.336181,1.411366,2.149217,4.956874,5.394007,5.404749,8.908841,7.062356,6.197385,7.484468,3.997177
per_packet_inconsistent_time_sec,0.001842,0.003742,0.006090,0.029695,0.068239,0.096969,0.134838,0.182882,0.397656,0.255375,0.289168,0.469702,0.001831,0.006123,0.007914,0.030586,0.061279,0.097631,0.143720,0.229094,0.398202,0.260655,0.298651,0.455134
find_inconsistent_update_time_sec,-0.000008,-0.000010,-0.000012,-0.000026,-0.000049,-0.000534,-0.000084,-0.000099,-0.000249,-0.000134,-0.000188,-0.000233,-0.000011,-0.000066,-0.000063,-0.000083,-0.000101,-0.000122,-0.000213,-0.000211,-0.000347,-0.000183,-0.000213,-0.000285
