key/t,False-0,False-1,False-2,False-3,False-4,False-5,False-6,False-7,False-8,False-9,False-10,False-inf,True-0,True-1,True-2,True-3,True-4,True-5,True-6,True-7,True-8,True-9,True-10,True-inf
total_time_sec,5.739981,5.963086,6.103503,6.675035,6.481277,7.756215,7.163061,7.694342,7.946892,11.703882,8.141592,9.998865,7.700954,5.777043,6.277573,10.232769,15.813099,13.185949,14.149460,24.276644,13.103453,11.848694,12.480492,10.342347
load_time_sec,2.933979,3.023581,3.195045,3.409911,2.873625,3.963926,2.889477,3.098794,3.105188,5.912363,2.924141,2.896091,3.092472,2.851489,3.214280,4.721213,3.385221,3.758506,3.604966,5.767514,2.896425,2.862302,3.040759,3.017995
detect_races_time_sec,0.485266,0.479990,0.545401,0.465870,0.473078,0.459467,0.495502,0.451001,0.516026,0.890904,0.439050,0.422133,0.819829,0.453327,0.479774,1.076105,1.173639,0.503918,0.528081,3.786527,0.465905,0.442113,0.435085,0.422289
extract_traces_time_sec,0.092821,0.090751,0.085244,0.080957,0.070658,0.078781,0.113429,0.071724,0.098445,0.133304,0.068739,0.075053,0.181216,0.075655,0.088093,0.140201,0.172444,0.086321,0.092211,0.738153,0.073241,0.073106,0.070544,0.072849
find_reactive_cmds_time_sec,0.000038,0.000044,0.000037,0.000035,0.000034,0.000034,0.000024,0.000035,0.000038,0.000042,0.000038,0.000036,0.000000,0.000033,0.000036,0.000047,0.000273,0.000035,0.000034,0.000097,0.000036,0.000037,0.000034,0.000033
find_proactive_cmds_time_sec,0.094035,0.086548,0.106536,0.096908,0.096588,0.096189,0.103616,0.090582,0.116853,0.143232,0.092168,0.092212,0.151452,0.085635,0.095103,0.153614,0.185303,0.097917,0.107588,0.810772,0.095224,0.096673,0.086716,0.108595
find_covered_races_time,1.061231,1.165281,1.140441,1.192659,1.495412,1.502770,1.681898,1.785028,1.848151,2.231028,2.005823,2.803262,2.318663,1.274183,1.312935,2.280472,7.978000,6.412143,6.548312,10.349016,6.428965,5.997103,6.274605,3.704111
per_packet_inconsistent_time_sec,0.001748,0.003586,0.006095,0.030715,0.070487,0.106758,0.144249,0.192929,0.228562,0.262737,0.327407,0.522806,0.001944,0.005921,0.007781,0.031619,0.196290,0.104470,0.178105,0.209415,0.225276,0.264020,0.292627,0.451250
find_inconsistent_update_time_sec,-0.000009,-0.000135,-0.000011,-0.000026,-0.000048,-0.000065,-0.000085,-0.000113,-0.000122,-0.000133,-0.000157,-0.000225,-0.000009,-0.000065,-0.000068,-0.000375,-0.000241,-0.000114,-0.000133,-0.000158,-0.000175,-0.000194,-0.000256,-0.000267
