key/t,False-0,False-1,False-2,False-3,False-4,False-5,False-6,False-7,False-8,False-9,False-10,False-inf,True-0,True-1,True-2,True-3,True-4,True-5,True-6,True-7,True-8,True-9,True-10,True-inf
total_time_sec,4.703426,4.566689,4.597970,4.664733,4.962437,5.087379,5.306179,5.437101,5.383599,5.578748,5.758514,6.527373,4.609431,4.832822,4.994679,5.582431,6.614661,7.735496,8.613184,8.845289,9.248048,9.440975,10.046236,7.713950
load_time_sec,2.925809,2.832327,2.839134,2.819674,2.917919,2.860854,2.843938,2.968564,2.803031,2.865759,2.818360,2.910451,2.822616,2.852945,2.944271,2.861753,2.816945,2.829983,2.844158,2.794376,2.736420,2.750938,2.839400,2.871498
detect_races_time_sec,0.481204,0.467847,0.466845,0.448096,0.456444,0.462459,0.452821,0.467699,0.437942,0.432066,0.443637,0.412244,0.471948,0.461129,0.465682,0.457678,0.456497,0.446437,0.452854,0.434001,0.421834,0.438411,0.555336,0.449846
extract_traces_time_sec,0.096732,0.091062,0.074739,0.072738,0.073637,0.076569,0.071371,0.069764,0.071499,0.070081,0.071113,0.068751,0.088004,0.083408,0.075149,0.067943,0.067868,0.072362,0.070569,0.065674,0.065280,0.069716,0.082733,0.072592
find_reactive_cmds_time_sec,0.000035,0.000036,0.000059,0.000034,0.000037,0.000035,0.000034,0.000032,0.000036,0.000034,0.000034,0.000032,0.000034,0.000034,0.000033,0.000033,0.000035,0.000038,0.000035,0.000039,0.000035,0.000040,0.000039,0.000034
find_proactive_cmds_time_sec,0.086196,0.087862,0.095629,0.085258,0.093222,0.091089,0.087917,0.088038,0.083708,0.079869,0.086244,0.086568,0.082279,0.087296,0.088236,0.084633,0.085727,0.087074,0.087942,0.082605,0.083128,0.084423,0.087465,0.092948
find_covered_races_time,1.111833,1.083203,1.114998,1.208866,1.356703,1.490403,1.710089,1.677433,1.766720,1.867235,2.033010,2.472727,1.142683,1.341835,1.413442,2.069535,3.127300,4.197304,5.014919,5.291452,5.730000,5.839962,6.153619,3.770252
per_packet_inconsistent_time_sec,0.001569,0.004291,0.006506,0.030067,0.064393,0.105868,0.140009,0.165437,0.220511,0.263521,0.305931,0.576600,0.001825,0.006119,0.007772,0.040727,0.060154,0.102108,0.142538,0.176949,0.211146,0.257264,0.327286,0.456475
find_inconsistent_update_time_sec,-0.000008,-0.000016,-0.000016,0.000000,-0.000043,-0.000064,0.000000,-0.000098,-0.000116,-0.000147,-0.000145,0.000000,-0.000009,-0.000028,-0.000061,-0.000090,-0.000100,-0.000190,-0.000129,-0.000154,-0.000168,-0.000186,-0.000314,-0.000267
