key/t,False-0,False-1,False-2,False-3,False-4,False-5,False-6,False-7,False-8,False-9,False-10,False-inf,True-0,True-1,True-2,True-3,True-4,True-5,True-6,True-7,True-8,True-9,True-10,True-inf
total_time_sec,10.248314,11.783023,11.838363,11.136865,10.282829,9.464274,8.411916,6.834715,5.796749,12.087357,5.668888,5.701372,9.424210,7.643609,8.885340,8.646018,9.468467,6.825832,6.423454,5.977357,5.516129,7.937703,5.896440,5.928152
load_time_sec,3.071495,2.776451,3.135742,2.825421,2.940453,2.778184,3.151374,2.912050,2.848398,2.830268,2.776484,2.869216,2.938334,2.872402,4.025444,3.004815,5.359717,2.869216,2.887300,2.923656,2.821101,2.871956,3.035954,3.273417
detect_races_time_sec,0.436952,0.436737,0.447382,0.443999,0.464820,0.476488,0.499650,0.495196,0.487504,0.452066,0.458880,0.465104,0.540942,0.432020,0.459054,0.477328,0.441314,0.506404,0.442946,0.477078,0.446121,0.433910,0.468180,0.465724
extract_traces_time_sec,0.077089,0.069272,0.072581,0.069210,0.093171,0.114692,0.071274,0.077072,0.073754,0.084147,0.079495,0.092783,0.083307,0.070209,0.077010,0.134437,0.072250,0.074544,0.072677,0.075330,0.072848,0.070381,0.083129,0.089037
find_reactive_cmds_time_sec,0.000036,0.000032,0.000000,0.000033,0.000046,0.000000,0.000000,0.000032,0.000051,0.000000,0.000034,0.000034,0.000065,0.000035,0.000037,0.000048,0.000037,0.000069,0.000033,0.000036,0.000033,0.000034,0.000043,0.000033
find_proactive_cmds_time_sec,0.088628,0.087783,0.090744,0.088511,0.100105,0.105435,0.095624,0.099940,0.090706,0.097517,0.087081,0.089616,0.093198,0.087253,0.103519,0.139921,0.090594,0.098971,0.089169,0.093564,0.088779,0.087528,0.098936,0.088584
find_covered_races_time,3.563990,5.935357,5.954448,5.652784,4.887632,4.208435,3.120359,1.991334,1.285712,6.042022,1.266185,1.198252,2.653334,1.863011,1.927525,1.699977,1.669468,1.509131,1.432533,1.170436,1.086509,2.014421,1.097899,1.004736
per_packet_inconsistent_time_sec,0.454099,0.280024,0.209948,0.176422,0.137577,0.098307,0.056248,0.028766,0.007962,0.308497,0.005786,0.001756,0.487225,0.276926,0.256682,0.190246,0.153684,0.107740,0.091400,0.028430,0.005376,0.316478,0.006246,0.001809
find_inconsistent_update_time_sec,-0.000269,0.000000,-0.000167,-0.000153,-0.000130,-0.000116,-0.000425,-0.000077,-0.000074,-0.000242,-0.000062,-0.000009,-0.000222,-0.000139,-0.000123,-0.000103,-0.000083,-0.000070,-0.000044,-0.000026,-0.000012,-0.000151,-0.000025,-0.000010
