key/t,False-0,False-1,False-2,False-3,False-4,False-5,False-6,False-7,False-8,False-9,False-10,False-inf,True-0,True-1,True-2,True-3,True-4,True-5,True-6,True-7,True-8,True-9,True-10,True-inf
total_time_sec,5.559390,5.188874,5.023672,5.441170,6.795701,5.576920,5.350200,4.931447,4.325622,5.174519,4.216973,5.185026,6.121171,5.314697,5.626819,4.452181,4.303055,4.910467,4.542181,3.738735,4.115553,5.151427,4.632142,3.850946
load_time_sec,2.342976,2.244540,2.037404,2.589856,3.076816,3.064232,2.828759,2.727477,2.192185,2.448318,2.566193,2.912847,2.473288,2.509668,3.280460,2.130214,2.228606,2.742060,2.350625,2.010699,2.115711,2.159539,2.764947,2.378964
detect_races_time_sec,0.742972,0.727476,0.567369,0.540924,0.821100,0.548483,0.536994,0.531439,0.694165,0.605740,0.504072,0.952567,0.505198,0.633641,0.498176,0.607777,0.484396,0.612158,0.696995,0.469590,0.508145,0.646060,0.513782,0.492410
extract_traces_time_sec,0.092146,0.043970,0.043722,0.043735,0.042876,0.043654,0.044763,0.066870,0.042717,0.051820,0.045146,0.090220,0.039227,0.044952,0.043450,0.073324,0.045569,0.047043,0.044117,0.042181,0.042146,0.073688,0.047256,0.070171
find_reactive_cmds_time_sec,0.000483,0.000495,0.000514,0.000484,0.000523,0.000515,0.000514,0.000510,0.000485,0.000484,0.000491,0.000474,0.000433,0.000481,0.000514,0.000473,0.000259,0.000534,0.000523,0.000504,0.000464,0.000481,0.000469,0.000533
find_proactive_cmds_time_sec,0.167905,0.128107,0.175162,0.114130,0.141860,0.140260,0.114846,0.119348,0.115150,0.142067,0.115650,0.328399,0.133613,0.116150,0.114872,0.128780,0.108261,0.117704,0.114541,0.111851,0.115287,0.233312,0.188348,0.160454
find_covered_races_time,0.208311,0.227935,0.372277,0.284532,0.158951,0.213606,0.128199,0.115240,0.145984,0.258992,0.097860,0.070585,0.294614,0.130880,0.133057,0.116127,0.107907,0.159889,0.102748,0.097651,0.156641,0.216239,0.082130,0.065137
per_packet_inconsistent_time_sec,0.105647,0.043680,0.054292,0.062043,0.071952,0.035643,0.030988,0.030498,0.025432,0.077409,0.015180,0.001888,0.167360,0.055130,0.049939,0.046544,0.042459,0.037060,0.028175,0.023932,0.032495,0.098376,0.014692,0.001808
find_inconsistent_update_time_sec,-0.000486,-0.000177,-0.000311,-0.000291,-0.000285,-0.000242,-0.000243,-0.000228,-0.017267,-0.000323,-0.000031,-0.000018,-0.000136,-0.000076,-0.000078,-0.000070,-0.000069,-0.000059,-0.000049,-0.000042,-0.000039,-0.000093,-0.000032,-0.000016
