key/t,False-0,False-1,False-2,False-3,False-4,False-5,False-6,False-7,False-8,False-9,False-10,False-inf,True-0,True-1,True-2,True-3,True-4,True-5,True-6,True-7,True-8,True-9,True-10,True-inf
total_time_sec,1.826937,1.862025,2.052922,2.057324,2.124861,2.079805,2.094383,2.182571,2.224910,2.198026,2.313638,2.444995,1.767195,1.869263,1.979272,2.081301,2.139486,2.101515,2.136333,2.394448,2.283447,2.334828,2.441782,2.625033
load_time_sec,1.064668,1.017887,1.090976,1.061565,1.083249,1.016766,1.018366,1.042845,1.062680,1.023605,1.112061,1.036599,1.016366,1.033541,1.087232,1.092144,1.151684,1.047301,1.031589,1.048061,1.098858,1.072838,1.133137,1.106665
detect_races_time_sec,0.247867,0.250778,0.251102,0.255662,0.268633,0.246925,0.243165,0.255172,0.249612,0.244866,0.250886,0.249542,0.257266,0.246874,0.247550,0.262086,0.252818,0.261229,0.247167,0.432956,0.253592,0.295278,0.259858,0.327668
extract_traces_time_sec,0.032812,0.022735,0.021479,0.022306,0.023148,0.020421,0.021626,0.024700,0.022023,0.022750,0.019823,0.021169,0.039227,0.023984,0.023420,0.021502,0.021906,0.020751,0.020431,0.041927,0.021804,0.024838,0.020797,0.021315
find_reactive_cmds_time_sec,0.000482,0.000196,0.000200,0.000202,0.000203,0.000198,0.000161,0.000211,0.000215,0.000210,0.000197,0.000202,0.000209,0.000207,0.000204,0.000156,0.000201,0.000206,0.000197,0.000416,0.000199,0.000509,0.000156,0.000245
find_proactive_cmds_time_sec,0.081434,0.082894,0.080276,0.081672,0.084105,0.082478,0.083965,0.097102,0.089898,0.086903,0.081506,0.095163,0.090813,0.082953,0.080497,0.081136,0.083585,0.078707,0.093586,0.113239,0.079825,0.094109,0.074374,0.078998
find_covered_races_time,0.027073,0.037204,0.043448,0.046225,0.046941,0.053626,0.052524,0.058558,0.074631,0.064992,0.074089,0.083951,0.028427,0.036901,0.041244,0.055338,0.057917,0.069145,0.073618,0.080605,0.093361,0.095672,0.097081,0.092154
per_packet_inconsistent_time_sec,0.000815,0.008748,0.010301,0.012889,0.015087,0.019917,0.022935,0.027246,0.028889,0.029699,0.037568,0.058954,0.000906,0.007386,0.011181,0.013723,0.015184,0.019230,0.020708,0.024199,0.026019,0.029906,0.030072,0.052576
find_inconsistent_update_time_sec,-0.000011,-0.000019,-0.000034,-0.000025,-0.000027,-0.000033,0.000000,-0.000037,-0.000087,-0.000043,-0.000045,-0.000071,-0.000011,-0.000019,-0.000023,-0.000111,-0.000131,-0.000145,-0.000153,-0.000153,-0.000158,-0.000192,-0.000167,-0.000156
