key/t,False-0,False-1,False-2,False-3,False-4,False-5,False-6,False-7,False-8,False-9,False-10,False-inf,True-0,True-1,True-2,True-3,True-4,True-5,True-6,True-7,True-8,True-9,True-10,True-inf
total_time_sec,1.914661,1.976217,2.137071,2.108303,2.300921,2.427388,2.423942,2.786185,4.841935,5.023064,4.940329,5.563236,2.085479,2.113951,2.037712,2.521877,2.146036,2.215055,2.993212,2.534962,2.650161,2.422864,2.368664,2.489704
load_time_sec,1.112928,1.102434,1.135628,1.121455,1.222714,1.092812,1.236588,1.148957,2.171957,2.285331,2.129025,2.235389,1.110233,1.116431,1.091642,1.459307,1.067931,1.098615,1.808293,1.124984,1.218011,1.129779,1.059210,1.108997
detect_races_time_sec,0.265217,0.258000,0.270721,0.253824,0.272866,0.295318,0.259087,0.261566,0.541869,0.544673,0.560712,0.566928,0.265846,0.283567,0.257461,0.278866,0.262721,0.248742,0.292560,0.303803,0.292001,0.263007,0.250982,0.254895
extract_traces_time_sec,0.039823,0.022858,0.026871,0.022050,0.027370,0.022135,0.021993,0.023883,0.050332,0.046883,0.044481,0.049389,0.037468,0.023200,0.022538,0.023422,0.022392,0.021986,0.022813,0.021155,0.030047,0.020698,0.021404,0.021433
find_reactive_cmds_time_sec,0.000200,0.000197,0.000206,0.000210,0.000205,0.000207,0.000204,0.000214,0.000389,0.000411,0.000382,0.000408,0.000639,0.000799,0.000050,0.000218,0.000200,0.000214,0.000204,0.000223,0.000264,0.000207,0.000230,0.000295
find_proactive_cmds_time_sec,0.082110,0.084567,0.107674,0.084536,0.089765,0.089697,0.084634,0.127358,0.155097,0.134570,0.147312,0.152041,0.089603,0.091105,0.084094,0.091560,0.089532,0.086496,0.077220,0.089121,0.133225,0.084013,0.084720,0.086384
find_covered_races_time,0.027716,0.035141,0.044348,0.044746,0.051914,0.066046,0.053193,0.109007,0.140193,0.148728,0.136392,0.182772,0.031030,0.038128,0.040841,0.058904,0.059498,0.071744,0.074847,0.080690,0.116203,0.093942,0.103111,0.097905
per_packet_inconsistent_time_sec,0.001182,0.007111,0.011803,0.012328,0.014694,0.018066,0.021392,0.045357,0.063149,0.069294,0.073932,0.123210,0.002053,0.008770,0.012166,0.013517,0.015586,0.020129,0.021829,0.023804,0.031251,0.028974,0.033032,0.047571
find_inconsistent_update_time_sec,-0.000013,-0.000019,-0.000023,-0.000025,-0.000027,-0.000038,-0.000034,-0.000080,-0.000095,-0.000095,-0.000094,-0.000149,0.000000,-0.000021,-0.000025,-0.000113,-0.000130,-0.000158,-0.000148,-0.000153,-0.000180,-0.000160,-0.000182,-0.000198
