key/t,False-0,False-1,False-2,False-3,False-4,False-5,False-6,False-7,False-8,False-9,False-10,False-inf,True-0,True-1,True-2,True-3,True-4,True-5,True-6,True-7,True-8,True-9,True-10,True-inf
total_time_sec,2.515193,2.545461,2.548883,2.551619,2.504060,2.885257,2.431566,2.541532,2.627185,2.382230,2.346474,2.400198,2.261689,2.415485,2.416824,2.318323,2.516922,2.349275,2.377868,2.359307,2.474983,2.438034,2.632949,2.350776
load_time_sec,1.807785,1.828828,1.828018,1.838052,1.798840,2.043384,1.720554,1.804438,1.941895,1.708123,1.649422,1.600375,1.646167,1.649803,1.732124,1.613489,1.733655,1.658804,1.666077,1.627949,1.726266,1.623950,1.828192,1.597621
detect_races_time_sec,0.411958,0.413984,0.410695,0.407573,0.410164,0.527202,0.382342,0.398167,0.372797,0.358396,0.369791,0.436595,0.340678,0.381188,0.365511,0.350622,0.388310,0.357487,0.362538,0.360135,0.352040,0.384511,0.364554,0.346033
extract_traces_time_sec,0.108047,0.102003,0.099861,0.096211,0.094117,0.093647,0.092458,0.101429,0.084041,0.083735,0.082280,0.073667,0.104687,0.166615,0.095718,0.091833,0.120512,0.085764,0.083597,0.079503,0.080502,0.084356,0.084862,0.072687
find_reactive_cmds_time_sec,0.001758,0.001840,0.001813,0.001830,0.001672,0.001815,0.001796,0.001805,0.001598,0.001605,0.001605,0.001620,0.001579,0.001765,0.001707,0.001598,0.002058,0.001534,0.001621,0.001418,0.001501,0.001590,0.001631,0.001487
find_proactive_cmds_time_sec,0.108872,0.112387,0.112723,0.109449,0.103145,0.108735,0.115307,0.112084,0.104488,0.104430,0.108107,0.102358,0.099647,0.131055,0.101842,0.101058,0.119333,0.098940,0.100027,0.102381,0.107904,0.100350,0.100657,0.095533
find_covered_races_time,0.075034,0.078324,0.082098,0.082758,0.077385,0.089101,0.093656,0.095009,0.091798,0.094259,0.099544,0.122523,0.067221,0.077755,0.108281,0.143228,0.129362,0.123694,0.136935,0.156221,0.171205,0.207460,0.204633,0.160914
per_packet_inconsistent_time_sec,0.001680,0.008023,0.013601,0.015665,0.018653,0.021287,0.025351,0.028505,0.030478,0.031582,0.035617,0.062897,0.001649,0.007240,0.011553,0.016304,0.023457,0.022785,0.026804,0.031407,0.035264,0.035513,0.048097,0.075891
find_inconsistent_update_time_sec,-0.000015,-0.000022,-0.000027,-0.000028,-0.000036,-0.000039,-0.000056,-0.000049,-0.000048,-0.000058,-0.000064,-0.000118,-0.000016,-0.000021,-0.000046,-0.000151,-0.000189,-0.000223,-0.000224,-0.000249,-0.000258,-0.000264,-0.000280,-0.000567
