key/t,False-0,False-1,False-2,False-3,False-4,False-5,False-6,False-7,False-8,False-9,False-10,False-inf,True-0,True-1,True-2,True-3,True-4,True-5,True-6,True-7,True-8,True-9,True-10,True-inf
total_time_sec,1.476746,1.471527,1.355924,1.356041,1.403085,1.422153,1.437327,1.474321,1.396973,1.466907,1.389657,1.399899,1.447819,1.408714,1.384914,1.434281,1.407009,1.522404,1.423237,1.405608,1.485623,1.414248,1.425270,1.527983
load_time_sec,1.079840,1.100425,0.973755,0.968928,1.007953,1.013235,1.042384,1.086049,1.007656,1.074647,0.979465,0.972987,1.034780,1.014294,1.001373,1.024744,0.993443,1.105059,0.995823,0.958851,1.018340,0.976012,0.969371,1.019986
detect_races_time_sec,0.205610,0.190824,0.201078,0.190671,0.197207,0.202833,0.197964,0.186290,0.188155,0.186602,0.193440,0.186075,0.207515,0.198290,0.198421,0.207723,0.191059,0.194035,0.193056,0.194291,0.195157,0.188617,0.187785,0.189005
extract_traces_time_sec,0.071853,0.063037,0.064910,0.064511,0.065578,0.064447,0.060930,0.060211,0.056982,0.056627,0.061744,0.056480,0.076274,0.070309,0.059020,0.061584,0.064320,0.058646,0.062257,0.060492,0.058888,0.056419,0.054705,0.058203
find_reactive_cmds_time_sec,0.000986,0.001431,0.000225,0.000854,0.000949,0.000876,0.000798,0.000798,0.000808,0.000772,0.000793,0.000785,0.000888,0.000877,0.000770,0.000834,0.000884,0.000750,0.000773,0.000738,0.000791,0.000815,0.000723,0.000808
find_proactive_cmds_time_sec,0.083988,0.078974,0.075998,0.086494,0.081622,0.087359,0.078481,0.078408,0.077791,0.079615,0.079099,0.077830,0.093860,0.086986,0.080137,0.080559,0.083757,0.084444,0.080387,0.084016,0.086972,0.077688,0.078824,0.092998
find_covered_races_time,0.033575,0.033153,0.033826,0.036879,0.039367,0.039172,0.043469,0.048340,0.048692,0.050127,0.053719,0.068279,0.033528,0.033532,0.038963,0.049623,0.060957,0.066485,0.075606,0.089200,0.105576,0.094372,0.109801,0.120212
per_packet_inconsistent_time_sec,0.000816,0.003594,0.006132,0.007655,0.010302,0.014139,0.013239,0.014149,0.016824,0.018429,0.021324,0.037333,0.000921,0.004377,0.006160,0.009079,0.012435,0.012821,0.015169,0.017852,0.019730,0.020126,0.023823,0.046341
find_inconsistent_update_time_sec,-0.000078,0.000000,0.000000,-0.000019,-0.000023,-0.000044,-0.000027,-0.000029,-0.000030,-0.000033,-0.000035,-0.000130,-0.000012,-0.000015,-0.000033,-0.000096,-0.000114,-0.000124,-0.000130,-0.000133,-0.000135,-0.000161,-0.000158,-0.000388
