key/t,False-0,False-1,False-2,False-3,False-4,False-5,False-6,False-7,False-8,False-9,False-10,False-inf,True-0,True-1,True-2,True-3,True-4,True-5,True-6,True-7,True-8,True-9,True-10,True-inf
total_time_sec,1.530401,1.764403,2.012528,2.337030,1.982971,1.960188,1.670493,1.560867,1.845582,2.570574,1.731698,1.531598,1.362364,1.480131,1.767793,1.637594,1.444869,1.659950,1.416103,1.488119,1.450295,1.851729,2.493055,1.539407
load_time_sec,1.139620,1.373349,1.531321,1.745044,1.244719,1.375459,1.269841,1.152416,1.310602,1.822340,1.063564,1.090897,0.977474,1.080708,1.180333,1.095496,1.015107,1.176213,0.985134,0.987643,1.007875,1.296038,1.671302,1.064209
detect_races_time_sec,0.196936,0.197319,0.249556,0.280033,0.380699,0.233812,0.198832,0.202651,0.272730,0.377900,0.310529,0.188206,0.195927,0.200932,0.307201,0.296939,0.202711,0.230877,0.191720,0.240921,0.189129,0.237811,0.342029,0.187971
extract_traces_time_sec,0.076114,0.071943,0.078156,0.098470,0.113537,0.111350,0.063658,0.064287,0.075033,0.105534,0.096581,0.058319,0.075391,0.075414,0.098177,0.085186,0.071693,0.087429,0.063999,0.067249,0.060718,0.097901,0.108296,0.061263
find_reactive_cmds_time_sec,0.001506,0.000891,0.000965,0.001548,0.001480,0.001450,0.000842,0.000864,0.001054,0.001560,0.001267,0.001449,0.000839,0.000875,0.001302,0.001106,0.000847,0.001710,0.000881,0.000831,0.000836,0.001459,0.000852,0.001592
find_proactive_cmds_time_sec,0.081883,0.084643,0.100131,0.130313,0.130834,0.137131,0.080137,0.079888,0.100973,0.128832,0.111294,0.085526,0.081405,0.084208,0.110512,0.089160,0.081421,0.083346,0.082677,0.082109,0.079055,0.094508,0.130306,0.089960
find_covered_races_time,0.033431,0.032628,0.044466,0.067902,0.088799,0.078744,0.043448,0.045626,0.061743,0.102704,0.102951,0.067669,0.030389,0.032968,0.059946,0.059508,0.061394,0.067564,0.076311,0.092220,0.092811,0.094203,0.189603,0.089895
per_packet_inconsistent_time_sec,0.000863,0.003580,0.007872,0.013664,0.022800,0.022149,0.013671,0.014767,0.023369,0.031628,0.045382,0.039430,0.000894,0.004977,0.010225,0.010065,0.011536,0.012650,0.015216,0.016974,0.019695,0.029612,0.050308,0.044027
find_inconsistent_update_time_sec,-0.000012,-0.000015,-0.000021,-0.000021,-0.000048,-0.000043,-0.000028,-0.000030,-0.000040,-0.000038,-0.000076,-0.000065,-0.000011,-0.000016,-0.000046,-0.000098,-0.000124,-0.000126,-0.000130,-0.000134,-0.000141,-0.000160,-0.000306,-0.000448
