key/t,False-0,False-1,False-2,False-3,False-4,False-5,False-6,False-7,False-8,False-9,False-10,False-inf,True-0,True-1,True-2,True-3,True-4,True-5,True-6,True-7,True-8,True-9,True-10,True-inf
total_time_sec,0.568459,0.505036,0.519761,0.519692,0.532109,0.535201,0.601256,0.544193,0.513702,0.744341,0.544872,0.511898,0.506826,0.470551,0.516915,0.474467,0.537594,0.497843,0.499821,0.510578,0.519144,0.502852,0.502188,0.504919
load_time_sec,0.371540,0.301169,0.314043,0.309029,0.308546,0.314791,0.372322,0.313791,0.292528,0.477533,0.316288,0.280507,0.295409,0.286112,0.290880,0.282559,0.330839,0.294957,0.291890,0.293480,0.303458,0.289344,0.285674,0.290929
detect_races_time_sec,0.079762,0.080059,0.080955,0.082151,0.082858,0.078583,0.083080,0.078054,0.078221,0.082612,0.076036,0.074909,0.108376,0.076018,0.079502,0.073975,0.083644,0.077052,0.076740,0.076440,0.075907,0.076246,0.073431,0.076211
extract_traces_time_sec,0.015564,0.013353,0.012126,0.011251,0.011819,0.011238,0.011407,0.011253,0.010517,0.010483,0.010357,0.010081,0.013238,0.012098,0.012416,0.011179,0.011432,0.011202,0.010887,0.010886,0.010175,0.010418,0.011379,0.010036
find_reactive_cmds_time_sec,0.000053,0.000053,0.000052,0.000051,0.000053,0.000072,0.000051,0.000057,0.000076,0.000052,0.000051,0.000049,0.000050,0.000049,0.000051,0.000051,0.000049,0.000051,0.000053,0.000050,0.000059,0.000051,0.000085,0.000049
find_proactive_cmds_time_sec,0.061067,0.059359,0.059571,0.059279,0.059001,0.063600,0.059867,0.060664,0.057884,0.067966,0.063059,0.056238,0.056595,0.055348,0.058234,0.057307,0.058609,0.056999,0.057963,0.058249,0.061577,0.058660,0.060460,0.055911
find_covered_races_time,0.040025,0.048775,0.050951,0.054766,0.066319,0.062824,0.069608,0.074599,0.067975,0.094015,0.071577,0.082307,0.032739,0.039588,0.072231,0.046477,0.049605,0.053726,0.057487,0.062909,0.061572,0.061042,0.063989,0.062947
per_packet_inconsistent_time_sec,0.000414,0.002219,0.002028,0.003128,0.003475,0.004055,0.004880,0.005733,0.006452,0.011605,0.007459,0.007759,0.000387,0.001304,0.003549,0.002881,0.003378,0.003819,0.004741,0.008524,0.006350,0.007047,0.007125,0.008788
find_inconsistent_update_time_sec,-0.000007,-0.000012,-0.000009,-0.000011,-0.000011,-0.000012,-0.000014,-0.000016,-0.000020,-0.000036,-0.000018,-0.000021,-0.000006,-0.000008,-0.000014,-0.000010,-0.000011,-0.000012,-0.000021,-0.000015,-0.000017,-0.000016,-0.000019,-0.000022
