key/t,False-0,False-1,False-2,False-3,False-4,False-5,False-6,False-7,False-8,False-9,False-10,False-inf,True-0,True-1,True-2,True-3,True-4,True-5,True-6,True-7,True-8,True-9,True-10,True-inf
total_time_sec,32.579734,32.090892,34.125124,34.453213,36.456044,32.685073,37.396554,32.515392,37.558453,37.974769,42.143311,41.923382,37.676254,35.959431,36.894473,46.042646,40.295517,36.871049,39.743197,35.700275,41.171165,37.267051,39.602917,43.514910
load_time_sec,24.154423,23.244166,24.267384,24.021670,25.557165,22.561638,26.747973,22.899344,24.836149,26.367681,29.388877,28.305076,27.898891,25.409814,26.124309,34.140992,28.478290,26.117249,26.884736,24.036496,28.408816,25.810555,27.188548,29.277121
detect_races_time_sec,6.555002,5.451739,6.694425,6.486237,6.922539,5.877253,6.748242,5.552612,7.275141,6.730281,6.792571,7.122137,7.224685,6.486540,6.751198,7.345511,6.319385,6.421110,7.866937,6.295869,7.143075,6.538801,7.063433,7.325380
extract_traces_time_sec,0.114739,0.091615,0.103269,0.081817,0.081308,0.177882,0.085624,0.081704,0.078476,0.113033,0.073248,0.089759,0.143262,0.143715,0.105100,0.191593,0.129446,0.099136,0.173019,0.092318,0.196545,0.077564,0.134682,0.087073
find_reactive_cmds_time_sec,0.003034,0.002748,0.003092,0.002986,0.003123,0.003339,0.003022,0.002831,0.003045,0.003801,0.002857,0.009669,0.002985,0.008705,0.004781,0.002645,0.002781,0.004876,0.010953,0.003453,0.002974,0.002964,0.005133,0.003883
find_proactive_cmds_time_sec,0.299823,0.358167,0.320852,0.442383,0.516190,0.330923,0.145517,0.165429,0.198874,0.186876,0.186538,0.210149,0.366601,0.419776,0.345714,0.459156,0.627444,0.372249,0.312639,0.369014,0.511809,0.171963,0.149044,0.174010
find_covered_races_time,0.031133,0.160076,0.070622,0.094434,0.116052,0.093791,0.100956,0.128837,0.167320,0.157277,0.301571,0.249918,0.028746,0.090351,0.072183,0.241519,0.167580,0.147250,0.142667,0.160646,0.219649,0.248288,0.295534,0.396088
per_packet_inconsistent_time_sec,0.003971,0.244466,0.129630,0.171776,0.175624,0.225450,0.398551,0.355932,0.692750,0.314613,0.480925,0.753789,0.003864,0.192633,0.141999,0.260088,0.304748,0.247795,0.209608,0.339237,0.286613,0.519618,0.616965,1.066965
find_inconsistent_update_time_sec,-0.000060,-0.000149,-0.000152,-0.000163,-0.000172,-0.000187,-0.000183,-0.000194,-0.000209,-0.000217,-0.000212,-0.000368,-0.000061,-0.000152,-0.000131,-0.003612,-0.002745,-0.004462,-0.003127,-0.003836,-0.003325,-0.004216,-0.005793,-0.010453
