key/t,False-0,False-1,False-2,False-3,False-4,False-5,False-6,False-7,False-8,False-9,False-10,False-inf,True-0,True-1,True-2,True-3,True-4,True-5,True-6,True-7,True-8,True-9,True-10,True-inf
total_time_sec,14.204243,14.067235,14.354336,14.413925,14.047092,14.136771,14.079666,14.045288,13.983982,13.726731,14.396248,14.533424,13.683686,14.320633,14.563852,14.531804,14.727937,14.216508,14.606075,14.448586,14.215654,14.565395,14.058823,14.127487
load_time_sec,11.057810,11.171579,11.376670,11.483994,11.127633,11.178108,10.926422,11.092600,10.905902,10.748243,11.431304,11.399809,10.779224,11.293856,11.550459,11.347183,11.735027,11.038360,11.362965,11.369955,11.102104,11.163051,11.033004,10.876491
detect_races_time_sec,2.746183,2.490344,2.523353,2.537727,2.486889,2.508266,2.667836,2.489979,2.595550,2.493444,2.460226,2.496433,2.523837,2.622575,2.607840,2.774477,2.551699,2.713142,2.717431,2.574607,2.599943,2.828205,2.461634,2.475116
extract_traces_time_sec,0.284934,0.273565,0.127971,0.086270,0.083642,0.081417,0.094141,0.080021,0.081078,0.080407,0.074396,0.063940,0.272427,0.278074,0.273479,0.253295,0.096905,0.084216,0.082312,0.086503,0.080458,0.092842,0.075903,0.072047
find_reactive_cmds_time_sec,0.007065,0.006144,0.008000,0.007169,0.005910,0.005870,0.006973,0.006511,0.006386,0.006439,0.005266,0.005718,0.005914,0.005868,0.006521,0.005704,0.006124,0.006961,0.006039,0.006890,0.005634,0.006679,0.006377,0.005751
find_proactive_cmds_time_sec,0.094673,0.100618,0.274017,0.252839,0.278090,0.286401,0.287938,0.274242,0.265903,0.262283,0.264909,0.260143,0.089696,0.094258,0.088412,0.089239,0.254748,0.264159,0.269901,0.267216,0.264068,0.286640,0.270967,0.286457
find_covered_races_time,0.011151,0.014053,0.021985,0.019992,0.026560,0.030821,0.039124,0.039248,0.047075,0.048444,0.054881,0.097645,0.010746,0.014469,0.017597,0.026338,0.036249,0.047343,0.053134,0.060839,0.067870,0.076955,0.081358,0.149615
per_packet_inconsistent_time_sec,0.002331,0.010848,0.022241,0.025836,0.038269,0.045458,0.057100,0.062571,0.081947,0.087341,0.105122,0.209529,0.001765,0.011444,0.019402,0.035039,0.046125,0.061001,0.110834,0.080885,0.093969,0.108873,0.126956,0.255199
find_inconsistent_update_time_sec,0.000000,-0.000049,-0.000062,-0.000060,-0.000063,-0.000391,-0.000094,-0.000080,-0.000104,-0.000091,-0.000105,-0.000168,-0.000048,-0.000051,-0.000106,-0.000442,-0.001021,-0.001287,-0.003376,-0.001644,-0.001569,-0.002150,-0.002582,-0.006760
