key/t,False-0,False-1,False-2,False-3,False-4,False-5,False-6,False-7,False-8,False-9,False-10,False-inf,True-0,True-1,True-2,True-3,True-4,True-5,True-6,True-7,True-8,True-9,True-10,True-inf
total_time_sec,43.514910,37.267051,41.171165,35.700275,39.743197,36.871049,40.295517,46.042646,36.894473,39.602917,35.959431,37.676254,41.923382,37.974769,37.558453,32.515392,37.396554,32.685073,36.456044,34.453213,34.125124,42.143311,32.090892,32.579734
load_time_sec,29.277121,25.810555,28.408816,24.036496,26.884736,26.117249,28.478290,34.140992,26.124309,27.188548,25.409814,27.898891,28.305076,26.367681,24.836149,22.899344,26.747973,22.561638,25.557165,24.021670,24.267384,29.388877,23.244166,24.154423
detect_races_time_sec,7.325380,6.538801,7.143075,6.295869,7.866937,6.421110,6.319385,7.345511,6.751198,7.063433,6.486540,7.224685,7.122137,6.730281,7.275141,5.552612,6.748242,5.877253,6.922539,6.486237,6.694425,6.792571,5.451739,6.555002
extract_traces_time_sec,0.087073,0.077564,0.196545,0.092318,0.173019,0.099136,0.129446,0.191593,0.105100,0.134682,0.143715,0.143262,0.089759,0.113033,0.078476,0.081704,0.085624,0.177882,0.081308,0.081817,0.103269,0.073248,0.091615,0.114739
find_reactive_cmds_time_sec,0.003883,0.002964,0.002974,0.003453,0.010953,0.004876,0.002781,0.002645,0.004781,0.005133,0.008705,0.002985,0.009669,0.003801,0.003045,0.002831,0.003022,0.003339,0.003123,0.002986,0.003092,0.002857,0.002748,0.003034
find_proactive_cmds_time_sec,0.174010,0.171963,0.511809,0.369014,0.312639,0.372249,0.627444,0.459156,0.345714,0.149044,0.419776,0.366601,0.210149,0.186876,0.198874,0.165429,0.145517,0.330923,0.516190,0.442383,0.320852,0.186538,0.358167,0.299823
find_covered_races_time,0.396088,0.248288,0.219649,0.160646,0.142667,0.147250,0.167580,0.241519,0.072183,0.295534,0.090351,0.028746,0.249918,0.157277,0.167320,0.128837,0.100956,0.093791,0.116052,0.094434,0.070622,0.301571,0.160076,0.031133
per_packet_inconsistent_time_sec,1.066965,0.519618,0.286613,0.339237,0.209608,0.247795,0.304748,0.260088,0.141999,0.616965,0.192633,0.003864,0.753789,0.314613,0.692750,0.355932,0.398551,0.225450,0.175624,0.171776,0.129630,0.480925,0.244466,0.003971
find_inconsistent_update_time_sec,-0.010453,-0.004216,-0.003325,-0.003836,-0.003127,-0.004462,-0.002745,-0.003612,-0.000131,-0.005793,-0.000152,-0.000061,-0.000368,-0.000217,-0.000209,-0.000194,-0.000183,-0.000187,-0.000172,-0.000163,-0.000152,-0.000212,-0.000149,-0.000060
