key/t,False-0,False-1,False-2,False-3,False-4,False-5,False-6,False-7,False-8,False-9,False-10,False-inf,True-0,True-1,True-2,True-3,True-4,True-5,True-6,True-7,True-8,True-9,True-10,True-inf
total_time_sec,14.859620,15.747423,15.064461,16.428998,16.112451,15.614313,15.566977,15.905679,16.171916,16.454529,15.977751,16.950601,15.013305,16.242121,17.227692,30.000952,15.511774,16.317396,16.818544,15.801387,15.996070,16.088561,16.620463,17.767934
load_time_sec,11.119549,11.269277,10.724240,11.819423,11.318702,10.958020,10.775554,11.114917,11.228048,11.244612,11.108608,11.451319,11.190293,11.703847,12.404668,22.334738,10.815227,11.508333,11.528059,10.851854,10.984253,10.918174,11.407743,11.314756
detect_races_time_sec,2.578289,2.652864,2.568894,2.672187,2.819787,2.580194,2.535950,2.616181,2.664643,2.755834,2.522225,2.591258,2.659315,2.771825,2.749495,5.286208,2.571242,2.636069,2.613352,2.578956,2.567626,2.758668,2.664975,2.590782
extract_traces_time_sec,0.062822,0.049749,0.042000,0.045680,0.041666,0.039089,0.040796,0.040057,0.039886,0.043163,0.039380,0.036200,0.063030,0.043179,0.046997,0.043602,0.040910,0.040627,0.041896,0.040198,0.036680,0.047174,0.040741,0.036004
find_reactive_cmds_time_sec,0.001238,0.001711,0.001083,0.001881,0.001087,0.001053,0.001150,0.001157,0.001569,0.001178,0.001153,0.001082,0.002214,0.001007,0.001077,0.001157,0.001083,0.001269,0.001031,0.001103,0.001356,0.001248,0.001218,0.001058
find_proactive_cmds_time_sec,0.275902,0.294065,0.280394,0.281084,0.273994,0.285017,0.107361,0.099939,0.104344,0.113360,0.110684,0.105311,0.280358,0.265319,0.352142,0.272174,0.282991,0.282379,0.281619,0.313251,0.265394,0.107585,0.104130,0.105074
find_covered_races_time,0.012269,0.047819,0.051404,0.053368,0.062509,0.062379,0.071100,0.075758,0.081717,0.088888,0.085145,0.141220,0.011694,0.043888,0.079150,0.062987,0.074572,0.098638,0.098208,0.106122,0.112958,0.126530,0.132157,0.153432
per_packet_inconsistent_time_sec,0.001766,0.130291,0.100566,0.114370,0.142573,0.138641,0.352333,0.347437,0.385714,0.192512,0.189239,0.451454,0.001751,0.084118,0.111381,0.116307,0.141709,0.175102,0.163037,0.185327,0.206947,0.364409,0.399003,0.640179
find_inconsistent_update_time_sec,-0.000043,-0.000156,-0.000082,0.000000,-0.000109,-0.000095,-0.000148,-0.000138,-0.000145,-0.000131,-0.000137,-0.000295,0.000000,-0.000088,-0.000087,-0.000951,-0.001204,-0.001512,-0.001689,-0.001679,-0.001952,-0.002463,-0.002267,-0.009935
