key/t,False-0,False-1,False-2,False-3,False-4,False-5,False-6,False-7,False-8,False-9,False-10,False-inf,True-0,True-1,True-2,True-3,True-4,True-5,True-6,True-7,True-8,True-9,True-10,True-inf
total_time_sec,18.481590,19.038267,18.428241,20.308578,20.292893,18.073576,21.322107,18.697247,18.505695,16.583062,17.051239,18.132672,17.571013,19.046512,17.347792,18.327079,19.527610,19.042744,17.377917,21.796049,19.442652,20.671868,20.077954,20.044461
load_time_sec,15.048715,15.049344,13.004672,16.727010,16.061073,13.856777,17.445741,15.086529,14.012427,13.286957,13.471820,14.145996,13.700599,15.383436,13.586516,14.101691,15.974395,15.193692,12.943012,17.664303,15.329780,16.546766,16.193339,16.360198
detect_races_time_sec,2.968509,3.530598,4.794035,3.057710,3.773810,3.486140,3.286366,2.907264,3.781582,2.765078,3.002928,3.271352,3.436628,3.168718,3.332492,3.794782,3.089520,3.024194,3.671537,3.455455,3.428446,3.481779,3.244062,2.915039
extract_traces_time_sec,0.319057,0.329149,0.171192,0.154301,0.104680,0.170954,0.083528,0.127800,0.130865,0.083766,0.093582,0.066068,0.312195,0.304798,0.276162,0.264428,0.098180,0.143159,0.085214,0.151575,0.144942,0.095622,0.089825,0.072409
find_reactive_cmds_time_sec,0.005603,0.006046,0.012286,0.010725,0.005599,0.013629,0.006336,0.009562,0.010495,0.006227,0.007109,0.005528,0.006450,0.006432,0.010445,0.006405,0.006479,0.012035,0.013610,0.011190,0.010738,0.007861,0.007231,0.005901
find_proactive_cmds_time_sec,0.124013,0.097521,0.397387,0.310490,0.283232,0.428619,0.330088,0.409162,0.409472,0.292100,0.315921,0.283086,0.100468,0.136543,0.103694,0.096050,0.267077,0.457438,0.399788,0.357290,0.364706,0.323219,0.303632,0.297036
find_covered_races_time,0.013439,0.015343,0.029102,0.021419,0.027408,0.052993,0.063148,0.060867,0.057653,0.055267,0.054811,0.107557,0.012183,0.026668,0.018747,0.026413,0.039699,0.086437,0.101890,0.066813,0.071223,0.085406,0.100990,0.119631
per_packet_inconsistent_time_sec,0.002165,0.010177,0.019460,0.026822,0.036979,0.064316,0.106690,0.095842,0.102999,0.093510,0.104905,0.252817,0.002400,0.019784,0.019589,0.036727,0.051228,0.123481,0.158900,0.087515,0.090746,0.129185,0.136295,0.266717
find_inconsistent_update_time_sec,-0.000051,-0.000049,-0.000070,-0.000063,-0.000075,-0.000106,-0.000158,-0.000173,-0.000158,-0.000118,-0.000127,-0.000227,-0.000054,-0.000081,-0.000108,-0.000529,-0.000995,-0.002251,-0.003908,-0.001866,-0.002031,-0.001990,-0.002539,-0.007486
