key/t,False-0,False-1,False-2,False-3,False-4,False-5,False-6,False-7,False-8,False-9,False-10,False-inf,True-0,True-1,True-2,True-3,True-4,True-5,True-6,True-7,True-8,True-9,True-10,True-inf
total_time_sec,20.031736,16.772745,15.905459,18.632672,20.291824,17.149746,16.402909,19.518241,20.327966,20.431815,17.757033,19.064562,17.583132,15.760371,15.721893,19.627155,23.139309,25.170301,26.026155,31.697358,28.877925,27.988171,26.349157,24.839485
load_time_sec,16.631323,13.638970,12.804925,13.346834,17.063989,13.308766,12.972249,15.472639,15.600895,16.224028,13.374204,13.625111,14.702938,12.602066,12.413162,16.576470,18.839210,20.593420,20.391155,25.230768,22.057659,21.837661,20.281919,19.058326
detect_races_time_sec,3.074016,2.783552,2.781772,4.782904,2.890144,3.332481,2.904789,3.518474,4.105172,3.592030,3.737423,4.618613,2.576449,2.834285,2.983603,2.716986,3.711918,4.073200,4.993797,5.794256,5.935962,5.416305,5.307365,4.856374
extract_traces_time_sec,0.206597,0.229742,0.094008,0.141538,0.080974,0.130460,0.125469,0.130434,0.139476,0.133521,0.129104,0.115270,0.206842,0.212157,0.199793,0.195657,0.130317,0.115447,0.141540,0.145418,0.174115,0.141713,0.138361,0.112357
find_reactive_cmds_time_sec,0.006803,0.007037,0.006642,0.010934,0.007043,0.010568,0.012199,0.010665,0.011956,0.011635,0.011856,0.012085,0.006382,0.006882,0.006600,0.006405,0.012747,0.012433,0.011791,0.012025,0.012492,0.012593,0.012339,0.011628
find_proactive_cmds_time_sec,0.098080,0.087946,0.181816,0.268833,0.190915,0.275773,0.254196,0.283654,0.291648,0.280797,0.286380,0.284060,0.076782,0.079650,0.077650,0.076209,0.302782,0.283879,0.284413,0.298022,0.380300,0.300083,0.301888,0.282350
find_covered_races_time,0.012857,0.015133,0.017494,0.034356,0.023534,0.044639,0.052685,0.051368,0.066231,0.068308,0.076756,0.137757,0.011755,0.015228,0.018346,0.022813,0.062339,0.037749,0.083528,0.094213,0.132855,0.116538,0.125567,0.153672
per_packet_inconsistent_time_sec,0.001993,0.010291,0.018722,0.047132,0.035133,0.046966,0.081160,0.050900,0.112390,0.121327,0.141112,0.271350,0.001916,0.010031,0.022606,0.032025,0.078087,0.052648,0.116672,0.119438,0.180661,0.159214,0.176976,0.352427
find_inconsistent_update_time_sec,-0.000036,-0.000043,-0.000050,-0.000097,-0.000063,-0.000063,-0.000121,-0.000075,-0.000149,-0.000125,-0.000153,-0.000274,-0.000037,-0.000042,-0.000102,-0.000559,-0.001863,-0.001487,-0.003213,-0.003172,-0.003829,-0.004013,-0.004695,-0.012297
