key/t,False-0,False-1,False-2,False-3,False-4,False-5,False-6,False-7,False-8,False-9,False-10,False-inf,True-0,True-1,True-2,True-3,True-4,True-5,True-6,True-7,True-8,True-9,True-10,True-inf
total_time_sec,16.429785,21.993461,16.431158,17.765158,17.139986,16.479643,16.350600,16.777522,17.670338,20.816060,20.151804,19.077565,16.941926,18.945653,21.401388,17.389165,18.674424,20.179174,17.154725,27.982943,17.803018,17.460487,18.266328,17.637618
load_time_sec,12.593273,14.050749,11.604484,11.735013,12.019089,11.569094,11.335866,11.582618,11.927118,14.203976,12.586054,12.349324,12.246599,14.315351,12.466020,11.987580,13.521933,12.335726,12.034649,21.063536,12.166804,11.743294,12.422993,11.788965
detect_races_time_sec,2.645133,5.756573,2.706888,2.733279,2.863144,2.690385,2.647902,2.674047,2.908243,3.245081,4.039912,3.009190,3.370582,2.799602,5.673658,3.074941,2.957163,3.868092,2.775314,4.306141,2.870704,2.982553,3.134503,2.862949
extract_traces_time_sec,0.069001,0.095025,0.046292,0.044501,0.045240,0.043511,0.043806,0.042834,0.041238,0.043289,0.050825,0.039579,0.093384,0.048752,0.089131,0.047905,0.044921,0.048839,0.043219,0.040250,0.049389,0.048426,0.047483,0.057850
find_reactive_cmds_time_sec,0.001091,0.002019,0.001134,0.001189,0.001126,0.000464,0.001107,0.001155,0.001153,0.001375,0.001758,0.001111,0.001171,0.001163,0.003494,0.001142,0.002252,0.001240,0.001127,0.001166,0.002027,0.001258,0.001303,0.001276
find_proactive_cmds_time_sec,0.284543,0.416042,0.299368,0.291176,0.290838,0.293202,0.109411,0.116034,0.100867,0.123926,0.135104,0.106554,0.349419,0.315990,0.443364,0.291327,0.295681,0.325256,0.290761,0.295933,0.305858,0.118882,0.114462,0.115451
find_covered_races_time,0.012752,0.059027,0.053982,0.060314,0.060982,0.066744,0.069615,0.078872,0.081227,0.100731,0.107396,0.153844,0.015310,0.047554,0.085765,0.068870,0.081424,0.128553,0.101676,0.112588,0.130788,0.136375,0.145098,0.159304
per_packet_inconsistent_time_sec,0.002270,0.100774,0.103703,0.118284,0.135740,0.152411,0.336851,0.339200,0.357286,0.192541,0.205678,0.491063,0.002513,0.091472,0.181424,0.125883,0.150421,0.345382,0.168750,0.188284,0.224641,0.433689,0.412012,0.468987
find_inconsistent_update_time_sec,-0.000045,-0.000132,-0.000082,-0.000122,-0.000110,0.000000,-0.000133,-0.000138,-0.000168,-0.000146,-0.000153,-0.000307,-0.000072,-0.000095,-0.000152,-0.001310,-0.001200,-0.003868,-0.001669,-0.001833,-0.002691,-0.003909,-0.003919,-0.005367
