key/t,False-0,False-1,False-2,False-3,False-4,False-5,False-6,False-7,False-8,False-9,False-10,False-inf,True-0,True-1,True-2,True-3,True-4,True-5,True-6,True-7,True-8,True-9,True-10,True-inf
total_time_sec,39.802995,56.467465,52.250812,47.416747,45.826235,38.862226,34.639674,27.061018,22.372125,57.817144,24.886197,22.678389,39.371437,54.015686,47.766048,44.401872,40.849809,38.667448,34.002603,28.991668,23.506752,56.055173,26.202819,22.862955
load_time_sec,7.461538,7.571778,8.353401,7.621240,9.155850,7.625607,8.076599,7.849071,7.670018,7.739094,7.548061,7.613116,7.411018,7.751673,7.697375,7.774600,7.588112,7.581300,7.868162,7.544469,8.082817,7.634728,8.362475,7.672666
detect_races_time_sec,1.689624,1.958809,1.928047,1.931608,2.315279,1.954420,2.233323,2.022475,2.080821,2.163883,2.531275,2.728919,1.794211,1.995479,1.901872,2.130997,2.053102,1.941890,2.047311,2.039400,2.292056,1.952055,2.531682,2.855511
extract_traces_time_sec,0.123790,0.467938,0.435530,0.479882,0.504168,0.457231,0.511620,0.494358,0.517664,0.521725,2.036918,4.209971,0.117987,0.567187,0.478815,0.477483,0.449777,0.442843,0.491590,0.483007,0.529853,0.461515,2.058521,4.324406
find_reactive_cmds_time_sec,0.001675,0.003863,0.003499,0.004544,0.003832,0.003724,0.005394,0.004993,0.004416,0.003604,0.004550,0.004506,0.002031,0.006684,0.005628,0.004185,0.004034,0.004073,0.004129,0.005214,0.004321,0.003932,0.004166,0.004265
find_proactive_cmds_time_sec,0.334690,0.098954,0.097859,0.096126,0.130393,0.096247,0.109823,0.124698,0.095606,0.113634,0.094353,0.090261,0.349815,0.122678,0.094925,0.095118,0.086041,0.096629,0.102347,0.095057,0.108319,0.100504,0.095553,0.127941
find_covered_races_time,20.749062,41.250977,36.593822,33.015381,29.600247,24.791114,20.321055,13.395824,9.045982,42.324546,9.984837,5.900952,19.759226,38.483382,33.016621,29.611568,26.372516,24.441072,19.759648,15.089204,9.368151,39.988173,10.065738,5.933836
per_packet_inconsistent_time_sec,3.053573,0.917992,0.780330,0.678095,0.605334,0.468174,0.358377,0.251211,0.177493,0.998410,0.098933,0.006448,3.063202,0.914158,0.779969,0.676392,0.702867,0.475588,0.365118,0.263975,0.180199,1.075624,0.094209,0.003022
find_inconsistent_update_time_sec,-0.004284,-0.004285,-0.003325,-0.003241,-0.006428,-0.003078,-0.002972,-0.002078,-0.004870,-0.003517,-0.000745,-0.000009,-0.004173,-0.002864,-0.002961,-0.002840,-0.002956,-0.002366,-0.001854,-0.012735,-0.003586,-0.003705,-0.000685,-0.000018
