key/t,False-0,False-1,False-2,False-3,False-4,False-5,False-6,False-7,False-8,False-9,False-10,False-inf,True-0,True-1,True-2,True-3,True-4,True-5,True-6,True-7,True-8,True-9,True-10,True-inf
total_time_sec,21.630934,22.894886,20.772086,25.731523,32.097682,35.601367,37.663897,48.097684,44.082400,46.946403,48.848138,32.556840,20.708615,21.628671,20.020232,29.091910,34.115838,36.638675,39.559540,45.292937,49.232068,51.887262,61.438957,36.593266
load_time_sec,7.612674,7.366046,8.112175,8.094742,7.619556,8.287723,7.866278,7.669451,7.797700,7.747074,7.364044,7.524780,7.436672,7.399203,8.053698,7.659816,10.205239,7.347549,7.711986,7.833859,7.580102,7.343122,7.916686,8.621774
detect_races_time_sec,2.826700,2.315160,2.127401,2.033505,1.944979,2.155554,2.010992,1.969316,1.955563,1.897728,1.998526,1.771987,2.802534,2.294496,2.027683,2.022354,2.130591,2.060076,2.077843,1.898592,2.197502,1.893006,1.924495,1.755293
extract_traces_time_sec,4.489162,2.040771,0.537905,0.497818,0.485342,0.467442,0.528555,0.473446,0.480953,0.435811,0.498182,0.125337,4.328470,1.853411,0.524407,0.485245,0.481856,0.582334,0.469188,0.470117,0.466272,0.430666,0.429642,0.127031
find_reactive_cmds_time_sec,0.006128,0.005306,0.004080,0.004140,0.003845,0.004584,0.005190,0.004055,0.004002,0.003373,0.003526,0.001765,0.004229,0.004100,0.004903,0.004154,0.004172,0.004118,0.003656,0.003757,0.003476,0.003359,0.003397,0.001701
find_proactive_cmds_time_sec,0.148347,0.111213,0.094387,0.093768,0.088275,0.098058,0.088022,0.096221,0.100062,0.101196,0.104235,0.352733,0.089602,0.088100,0.098500,0.097847,0.115219,0.099685,0.093684,0.087461,0.100026,0.094593,0.096970,0.345303
find_covered_races_time,6.544951,10.967548,9.705351,14.737811,21.490543,24.128052,26.474258,37.127089,32.970047,35.871009,37.894448,19.673617,6.043999,9.900728,9.129902,18.261239,20.722847,26.036636,28.632441,34.316518,38.054485,41.182658,50.042801,22.509346
per_packet_inconsistent_time_sec,0.002914,0.087602,0.189347,0.267568,0.462511,0.457434,0.687313,0.753086,0.770357,0.887168,0.982365,3.101542,0.003054,0.087906,0.179654,0.557086,0.451773,0.505148,0.567777,0.679155,0.826520,0.936056,1.021613,3.227922
find_inconsistent_update_time_sec,-0.000058,-0.001195,-0.001404,-0.002126,-0.002584,-0.002443,-0.003235,-0.004959,-0.003654,-0.002966,-0.002772,-0.005039,-0.000019,-0.000692,-0.001443,-0.004110,-0.004090,-0.003026,-0.002927,-0.003416,-0.003635,-0.003756,-0.003311,-0.004848
