key/t,False-0,False-1,False-2,False-3,False-4,False-5,False-6,False-7,False-8,False-9,False-10,False-inf,True-0,True-1,True-2,True-3,True-4,True-5,True-6,True-7,True-8,True-9,True-10,True-inf
total_time_sec,24.895444,24.765847,22.226940,28.797551,33.426242,46.446196,44.514752,44.204940,72.860737,61.439781,54.175794,40.655380,23.055784,24.952378,24.075157,29.702926,33.962264,40.991580,56.713275,48.706898,60.330192,67.674957,82.893885,49.229664
load_time_sec,7.712850,7.548875,7.582641,8.892099,7.476701,14.983511,7.873291,7.901018,7.746681,7.617146,8.021995,8.088194,7.658875,7.745056,8.864083,7.568579,7.824277,8.082531,7.989974,7.593245,14.719257,7.699460,14.072428,9.506334
detect_races_time_sec,3.142495,2.473068,2.050218,2.065644,1.991877,3.237429,1.973647,1.932087,1.992822,2.851097,1.936033,1.865313,2.829726,2.341610,2.090775,1.971611,2.295678,1.994074,2.027423,1.935713,4.151430,2.064823,5.511476,2.317066
extract_traces_time_sec,4.513942,2.007419,0.562829,0.537978,0.503249,0.516334,0.438401,0.483873,0.445367,0.609897,0.469101,0.138353,4.152206,1.912618,0.526287,0.480666,0.552835,0.538284,0.465591,0.464690,0.442405,0.489746,1.662354,0.139754
find_reactive_cmds_time_sec,0.006385,0.004405,0.004042,0.005092,0.003749,0.004873,0.003621,0.004062,0.003447,0.005853,0.005120,0.002612,0.004289,0.006434,0.004081,0.003991,0.004305,0.004576,0.004024,0.003758,0.003756,0.004047,0.014369,0.001983
find_proactive_cmds_time_sec,0.107559,0.101417,0.096715,0.098461,0.115747,0.107743,0.083933,0.090006,0.090543,0.166302,0.102889,0.378331,0.103808,0.093516,0.106659,0.089228,0.107547,0.105201,0.090719,0.089492,0.112025,0.111130,0.396256,0.464513
find_covered_races_time,7.364693,10.027638,9.147222,14.095158,19.934342,23.842291,26.860582,29.346504,56.887849,44.957001,38.549001,20.074166,5.975233,10.169439,9.395264,16.442562,19.634081,25.937953,41.809444,34.254686,36.178734,46.800675,56.000638,25.696085
per_packet_inconsistent_time_sec,0.003852,0.097127,0.174900,0.266378,0.370811,0.459312,0.591483,0.700466,1.563499,0.921958,1.007460,3.096718,0.003042,0.089292,0.179012,0.266269,0.351457,0.517947,0.590578,0.685423,0.768469,1.909488,1.000222,3.676203
find_inconsistent_update_time_sec,-0.000030,-0.000686,-0.003401,-0.002465,-0.003000,-0.002426,-0.002657,-0.003433,-0.003287,-0.004025,-0.002923,-0.004053,-0.000020,-0.000702,-0.002509,-0.002398,-0.003271,-0.002819,-0.003091,-0.003576,-0.004647,-0.008496,-0.003680,-0.004893
