key/t,False-0,False-1,False-2,False-3,False-4,False-5,False-6,False-7,False-8,False-9,False-10,False-inf
total_time_sec,0.788864,0.805397,0.813003,0.799030,0.817769,0.821806,0.838273,0.836407,0.864709,0.885968,0.977962,0.933698
load_time_sec,0.550043,0.552862,0.566016,0.545754,0.555842,0.550782,0.561934,0.542030,0.557104,0.558032,0.562208,0.543781
detect_races_time_sec,0.174950,0.169792,0.158829,0.157056,0.162467,0.152125,0.157197,0.159581,0.150714,0.148064,0.167801,0.125824
extract_traces_time_sec,0.013309,0.012878,0.012079,0.011920,0.011401,0.010488,0.013771,0.009795,0.009562,0.009048,0.009208,0.009254
find_reactive_cmds_time_sec,0.001032,0.000974,0.001007,0.000943,0.000959,0.000933,0.001056,0.000982,0.000959,0.000912,0.000925,0.000859
find_proactive_cmds_time_sec,0.013837,0.014517,0.013357,0.013620,0.013238,0.013107,0.013873,0.016670,0.013735,0.013738,0.013458,0.014292
find_covered_races_time,0.035325,0.052085,0.058894,0.066149,0.069200,0.087538,0.083982,0.099853,0.124201,0.146373,0.211412,0.199081
per_packet_inconsistent_time_sec,0.000321,0.002230,0.002667,0.003362,0.004448,0.006288,0.006191,0.007184,0.008013,0.009165,0.011907,0.036524
find_inconsistent_update_time_sec,-0.000013,-0.000022,-0.000118,-0.000168,-0.000180,-0.000480,-0.000231,-0.000277,-0.000384,-0.000602,-0.001006,-0.004010
