key/t,False-0,False-1,False-2,False-3,False-4,False-5,False-6,False-7,False-8,False-9,False-10,False-inf,True-0,True-1,True-2,True-3,True-4,True-5,True-6,True-7,True-8,True-9,True-10,True-inf
total_time_sec,22.317400,24.554649,21.087885,26.961424,32.489594,46.010495,42.959268,58.342422,48.549568,53.691666,63.009920,42.249103,25.848138,24.871000,26.637745,27.683019,35.615262,41.099749,51.816663,51.861214,53.940392,63.561172,61.046819,44.745256
load_time_sec,8.090794,7.730883,7.996715,9.274434,8.072670,8.939181,8.665253,12.652849,8.311786,8.057941,8.547987,8.573913,8.879211,9.396010,9.357682,7.782161,9.112152,10.521017,8.704264,7.929707,7.737708,7.684898,8.809457,7.869800
detect_races_time_sec,2.919880,2.489331,2.435493,2.190720,2.316680,3.280846,2.110493,2.018503,2.204050,2.414355,2.200729,1.804338,3.980655,2.438536,3.629561,2.233744,2.022588,1.997733,2.026414,1.939409,2.019759,1.934029,2.206658,1.751157
extract_traces_time_sec,4.623622,2.096604,0.613743,0.526333,0.547900,0.700600,0.467566,0.484613,0.507950,0.491606,0.458910,0.122892,4.751686,2.152388,0.543521,0.508066,0.517986,0.516169,0.464499,0.481707,0.474061,0.439294,0.527758,0.128707
find_reactive_cmds_time_sec,0.004233,0.005242,0.004054,0.004327,0.009200,0.005477,0.003962,0.004338,0.004474,0.006229,0.003646,0.001693,0.004760,0.006711,0.004279,0.004941,0.004820,0.004681,0.003810,0.003656,0.003473,0.003223,0.003779,0.001762
find_proactive_cmds_time_sec,0.110325,0.107025,0.098300,0.104082,0.119775,0.147593,0.093803,0.090185,0.111859,0.129168,0.100732,0.358997,0.100604,0.111025,0.095117,0.099341,0.104317,0.179512,0.091096,0.092499,0.097061,0.090858,0.100952,0.407700
find_covered_races_time,6.564622,11.927235,9.765180,14.572814,21.039505,32.473713,30.972549,42.410163,36.598174,41.700831,50.645624,27.155865,8.122880,10.675426,12.826498,16.785132,23.489383,27.257684,39.940940,40.626988,42.783279,51.708589,48.173743,31.122701
per_packet_inconsistent_time_sec,0.003863,0.196689,0.172964,0.286725,0.381250,0.460165,0.640545,0.678888,0.808325,0.888476,1.048895,4.223633,0.008212,0.090122,0.179315,0.267478,0.361501,0.617887,0.582484,0.783928,0.821522,1.693711,1.220459,3.459061
find_inconsistent_update_time_sec,-0.000022,-0.001578,-0.001398,-0.001950,-0.002549,-0.002878,-0.005023,-0.002824,-0.002907,-0.003010,-0.003356,-0.007706,-0.000045,-0.000734,-0.001732,-0.002114,-0.002515,-0.005009,-0.003150,-0.003281,-0.003477,-0.006510,-0.003961,-0.004307
