key/t,False-0,False-1,False-2,False-3,False-4,False-5,False-6,False-7,False-8,False-9,False-10,False-inf,True-0,True-1,True-2,True-3,True-4,True-5,True-6,True-7,True-8,True-9,True-10,True-inf
total_time_sec,22.862955,26.202819,23.506752,28.991668,34.002603,38.667448,40.849809,44.401872,47.766048,54.015686,56.055173,39.371437,22.678389,24.886197,22.372125,27.061018,34.639674,38.862226,45.826235,47.416747,52.250812,56.467465,57.817144,39.802995
load_time_sec,7.672666,8.362475,8.082817,7.544469,7.868162,7.581300,7.588112,7.774600,7.697375,7.751673,7.634728,7.411018,7.613116,7.548061,7.670018,7.849071,8.076599,7.625607,9.155850,7.621240,8.353401,7.571778,7.739094,7.461538
detect_races_time_sec,2.855511,2.531682,2.292056,2.039400,2.047311,1.941890,2.053102,2.130997,1.901872,1.995479,1.952055,1.794211,2.728919,2.531275,2.080821,2.022475,2.233323,1.954420,2.315279,1.931608,1.928047,1.958809,2.163883,1.689624
extract_traces_time_sec,4.324406,2.058521,0.529853,0.483007,0.491590,0.442843,0.449777,0.477483,0.478815,0.567187,0.461515,0.117987,4.209971,2.036918,0.517664,0.494358,0.511620,0.457231,0.504168,0.479882,0.435530,0.467938,0.521725,0.123790
find_reactive_cmds_time_sec,0.004265,0.004166,0.004321,0.005214,0.004129,0.004073,0.004034,0.004185,0.005628,0.006684,0.003932,0.002031,0.004506,0.004550,0.004416,0.004993,0.005394,0.003724,0.003832,0.004544,0.003499,0.003863,0.003604,0.001675
find_proactive_cmds_time_sec,0.127941,0.095553,0.108319,0.095057,0.102347,0.096629,0.086041,0.095118,0.094925,0.122678,0.100504,0.349815,0.090261,0.094353,0.095606,0.124698,0.109823,0.096247,0.130393,0.096126,0.097859,0.098954,0.113634,0.334690
find_covered_races_time,5.933836,10.065738,9.368151,15.089204,19.759648,24.441072,26.372516,29.611568,33.016621,38.483382,39.988173,19.759226,5.900952,9.984837,9.045982,13.395824,20.321055,24.791114,29.600247,33.015381,36.593822,41.250977,42.324546,20.749062
per_packet_inconsistent_time_sec,0.003022,0.094209,0.180199,0.263975,0.365118,0.475588,0.702867,0.676392,0.779969,0.914158,1.075624,3.063202,0.006448,0.098933,0.177493,0.251211,0.358377,0.468174,0.605334,0.678095,0.780330,0.917992,0.998410,3.053573
find_inconsistent_update_time_sec,-0.000018,-0.000685,-0.003586,-0.012735,-0.001854,-0.002366,-0.002956,-0.002840,-0.002961,-0.002864,-0.003705,-0.004173,-0.000009,-0.000745,-0.004870,-0.002078,-0.002972,-0.003078,-0.006428,-0.003241,-0.003325,-0.004285,-0.003517,-0.004284
