key/t,False-0,False-1,False-2,False-3,False-4,False-5,False-6,False-7,False-8,False-9,False-10,False-inf,True-0,True-1,True-2,True-3,True-4,True-5,True-6,True-7,True-8,True-9,True-10,True-inf
total_time_sec,15.698328,16.398791,14.767896,18.378815,22.896224,24.857185,27.161247,29.613266,32.031549,34.024636,37.651523,24.094686,16.348230,17.260088,14.931333,18.323753,22.476645,26.488532,29.489808,32.316507,35.059619,37.700102,39.240942,25.581174
load_time_sec,5.712221,5.535574,5.608003,5.862432,5.882035,5.631373,5.567394,5.637060,5.807779,5.629327,5.704223,5.606054,5.828448,5.856467,5.770452,5.952298,5.667752,5.778609,5.575886,5.748795,5.821750,5.771882,5.570055,5.521259
detect_races_time_sec,2.204226,1.853456,1.602577,1.627870,1.653883,1.588050,1.559645,1.686976,1.586485,1.605279,1.568709,1.414693,2.216508,1.947290,1.634627,1.699426,1.628860,1.560134,1.557092,1.545908,1.598001,1.588760,1.669577,1.417138
extract_traces_time_sec,2.889744,1.236176,0.328154,0.340164,0.325356,0.318995,0.301659,0.293804,0.307403,0.301266,0.289193,0.217042,2.890337,1.297459,0.338974,0.318185,0.324919,0.304157,0.314616,0.298945,0.316951,0.297462,0.289883,0.236407
find_reactive_cmds_time_sec,0.002927,0.003227,0.002725,0.003473,0.002934,0.002850,0.002626,0.002488,0.002547,0.002735,0.002297,0.001352,0.002911,0.003322,0.003084,0.002973,0.002668,0.002679,0.002859,0.002396,0.002697,0.002400,0.002309,0.001361
find_proactive_cmds_time_sec,0.018597,0.018903,0.018386,0.019392,0.019726,0.018243,0.017947,0.021428,0.019367,0.018733,0.023486,0.021898,0.018392,0.020853,0.018820,0.018665,0.020974,0.019119,0.020233,0.019700,0.017851,0.018038,0.024604,0.022427
find_covered_races_time,4.868103,7.677131,7.048051,10.291157,14.691277,16.923520,19.230473,21.390047,23.658380,25.712673,29.177985,14.133809,5.388964,8.051783,7.007455,10.096670,14.493006,18.409019,21.442907,24.083947,26.605054,29.254311,30.802177,15.462922
per_packet_inconsistent_time_sec,0.002434,0.073478,0.158276,0.231501,0.317895,0.371274,0.478257,0.577985,0.644553,0.751034,0.881863,2.694669,0.002593,0.082046,0.156078,0.233008,0.335133,0.411203,0.572165,0.611083,0.692585,0.762802,0.877913,2.914467
find_inconsistent_update_time_sec,-0.000013,-0.000784,-0.001662,-0.002752,-0.003044,-0.002817,-0.003180,-0.003417,-0.004973,-0.003527,-0.003702,-0.005109,-0.000019,-0.000817,-0.001789,-0.002471,-0.003273,-0.003560,-0.003997,-0.005669,-0.004661,-0.004384,-0.004362,-0.005130
