key/t,False-0,False-1,False-2,False-3,False-4,False-5,False-6,False-7,False-8,False-9,False-10,False-inf,True-0,True-1,True-2,True-3,True-4,True-5,True-6,True-7,True-8,True-9,True-10,True-inf
total_time_sec,15.530482,16.545128,14.512557,17.708235,22.500067,25.287618,27.170822,30.434588,32.908379,33.404424,37.099611,23.915533,15.787322,16.079052,14.366703,18.377694,22.792979,26.268121,29.751794,31.521740,33.718790,36.408674,38.557572,26.167956
load_time_sec,5.634942,5.740910,5.725620,5.490704,5.516029,5.723244,5.546995,5.505823,5.631655,5.553068,5.814708,5.496166,5.907539,5.493262,5.583101,5.708971,5.772188,5.636827,5.723698,5.569197,5.483261,5.477952,5.516930,5.547890
detect_races_time_sec,2.189396,1.827936,1.644353,1.605766,1.585452,1.562414,1.526974,1.528199,1.560585,1.515467,1.559321,1.391927,2.178633,1.840587,1.612486,1.650192,1.605838,1.579001,1.598571,1.517690,1.506038,1.523725,1.521593,1.402282
extract_traces_time_sec,2.813929,1.238500,0.323227,0.317765,0.326603,0.307754,0.286630,0.301294,0.306928,0.292143,0.274862,0.234588,2.811925,1.307612,0.325436,0.322373,0.321679,0.315791,0.301226,0.312922,0.283061,0.273887,0.280086,0.231937
find_reactive_cmds_time_sec,0.003083,0.003122,0.002864,0.002746,0.002982,0.003949,0.002796,0.002558,0.002768,0.002648,0.002377,0.001357,0.003144,0.002977,0.002699,0.002812,0.002637,0.002605,0.002603,0.002484,0.002697,0.002595,0.002671,0.001391
find_proactive_cmds_time_sec,0.018544,0.019590,0.020209,0.019570,0.020423,0.020761,0.018760,0.018782,0.020008,0.019279,0.023431,0.023301,0.018388,0.019586,0.018868,0.020252,0.017731,0.017921,0.018005,0.019479,0.018451,0.018770,0.023505,0.022084
find_covered_races_time,4.868192,7.636357,6.647933,10.050964,14.741170,17.277069,19.309049,22.495219,24.717370,25.275640,28.518647,13.813140,4.865196,7.335093,6.670265,10.448165,14.726201,18.318460,21.590039,23.528402,25.759920,28.345685,30.356510,15.863430
per_packet_inconsistent_time_sec,0.002331,0.077818,0.146629,0.218298,0.304460,0.389419,0.476412,0.579308,0.665521,0.742538,0.902641,2.950222,0.002411,0.078690,0.152066,0.222358,0.343239,0.393783,0.513726,0.567383,0.660803,0.761495,0.851619,3.093533
find_inconsistent_update_time_sec,-0.000013,-0.000832,-0.001649,-0.002361,-0.002885,-0.002945,-0.003134,-0.003350,-0.003472,-0.003590,-0.003571,-0.004773,-0.000017,-0.001191,-0.001731,-0.002509,-0.003406,-0.003679,-0.003863,-0.004118,-0.004494,-0.004501,-0.004590,-0.005349
