key/t,False-0,False-1,False-2,False-3,False-4,False-5,False-6,False-7,False-8,False-9,False-10,False-inf
total_time_sec,0.402351,0.502923,0.509423,0.415029,0.426881,0.519424,0.494917,0.523977,0.428466,0.426463,0.479614,0.539091
load_time_sec,0.309522,0.400398,0.401056,0.308527,0.313322,0.408448,0.381660,0.403276,0.310478,0.306432,0.313304,0.404835
detect_races_time_sec,0.067430,0.068509,0.073215,0.066125,0.068686,0.065318,0.065243,0.070765,0.064126,0.063796,0.076735,0.063946
extract_traces_time_sec,0.010251,0.009608,0.009390,0.009370,0.009531,0.008856,0.008545,0.008192,0.007918,0.007814,0.010099,0.007859
find_reactive_cmds_time_sec,0.002519,0.002522,0.002517,0.002526,0.002668,0.002529,0.002618,0.002582,0.002523,0.002490,0.003365,0.002537
find_proactive_cmds_time_sec,0.007520,0.007438,0.007474,0.007406,0.007763,0.007409,0.007735,0.007529,0.007509,0.007466,0.010619,0.007526
find_covered_races_time,0.004736,0.010952,0.011648,0.015567,0.018294,0.019664,0.021050,0.022494,0.025736,0.027531,0.043812,0.035899
per_packet_inconsistent_time_sec,0.000351,0.003459,0.004083,0.005460,0.006562,0.007145,0.008007,0.009074,0.010107,0.010859,0.021546,0.016391
find_inconsistent_update_time_sec,0.000013,0.000028,0.000031,0.000038,0.000044,0.000044,0.000047,0.000052,0.000058,0.000062,0.000116,0.000083
