key/t,False-0,False-1,False-2,False-3,False-4,False-5,False-6,False-7,False-8,False-9,False-10,False-inf
total_time_sec,0.675291,0.657695,0.676488,0.684673,0.673046,0.689242,0.686906,0.690867,0.701432,0.698816,0.653755,0.729499
load_time_sec,0.542047,0.516962,0.533430,0.532295,0.517944,0.528950,0.522331,0.523914,0.532518,0.528432,0.487625,0.533749
detect_races_time_sec,0.098298,0.091077,0.091697,0.093352,0.093508,0.096414,0.094059,0.097824,0.092383,0.088759,0.087065,0.095833
extract_traces_time_sec,0.012273,0.012507,0.011981,0.011399,0.010958,0.010425,0.011013,0.011347,0.009553,0.009143,0.010280,0.009724
find_reactive_cmds_time_sec,0.001348,0.001676,0.001320,0.001241,0.001236,0.001286,0.001592,0.001298,0.001304,0.001261,0.001350,0.001674
find_proactive_cmds_time_sec,0.014143,0.015071,0.014658,0.015139,0.014238,0.017295,0.015172,0.014704,0.017073,0.014727,0.014508,0.016415
find_covered_races_time,0.006575,0.015144,0.017136,0.023564,0.025315,0.024811,0.031962,0.028489,0.033385,0.037220,0.036831,0.049868
per_packet_inconsistent_time_sec,0.000555,0.005180,0.006181,0.007597,0.009753,0.009974,0.010682,0.013191,0.015109,0.019144,0.015983,0.022078
find_inconsistent_update_time_sec,-0.000015,-0.000034,-0.000045,-0.000045,-0.000054,-0.000048,-0.000056,-0.000055,-0.000067,-0.000091,-0.000071,-0.000115
