key/t,False-0,False-1,False-2,False-3,False-4,False-5,False-6,False-7,False-8,False-9,False-10,False-inf
total_time_sec,0.520861,0.504608,0.494012,0.506781,0.519296,0.496001,0.510145,0.534169,0.526509,0.521273,0.543381,0.544594
load_time_sec,0.408649,0.402686,0.397723,0.405183,0.411103,0.389466,0.402995,0.406375,0.407992,0.402864,0.407794,0.404167
detect_races_time_sec,0.089151,0.071714,0.064950,0.064728,0.068985,0.064471,0.064204,0.081309,0.068262,0.066577,0.080954,0.074098
extract_traces_time_sec,0.011104,0.009489,0.009207,0.009238,0.008900,0.008876,0.008345,0.008252,0.007869,0.007697,0.007945,0.007855
find_reactive_cmds_time_sec,0.001025,0.000951,0.000957,0.000971,0.000967,0.001026,0.000961,0.000982,0.000959,0.000944,0.000984,0.000991
find_proactive_cmds_time_sec,0.005903,0.005594,0.005538,0.005623,0.005650,0.005652,0.005526,0.005790,0.005656,0.005600,0.005847,0.005758
find_covered_races_time,0.004652,0.010805,0.011564,0.015220,0.017486,0.019406,0.020463,0.022570,0.025557,0.026837,0.028530,0.035884
per_packet_inconsistent_time_sec,0.000355,0.003334,0.004035,0.005772,0.006155,0.007052,0.007598,0.008831,0.010148,0.010687,0.011256,0.015749
find_inconsistent_update_time_sec,0.000014,0.000027,0.000031,0.000038,0.000042,0.000044,0.000045,0.000052,0.000058,0.000060,0.000064,0.000083
