key/t,False-0,False-1,False-2,False-3,False-4,False-5,False-6,False-7,False-8,False-9,False-10,False-inf
total_time_sec,0.390828,0.389495,0.396644,0.395755,0.397448,0.395360,0.395553,0.398729,0.394694,0.397668,0.406247,0.404942
load_time_sec,0.279463,0.275950,0.282259,0.280364,0.280467,0.279929,0.279829,0.281858,0.277183,0.279117,0.286039,0.278948
detect_races_time_sec,0.088538,0.087609,0.087452,0.086938,0.087775,0.085403,0.084941,0.084723,0.084253,0.084264,0.084999,0.083924
extract_traces_time_sec,0.013620,0.012768,0.012629,0.012481,0.011971,0.011662,0.011214,0.010933,0.010405,0.010399,0.010425,0.010321
find_reactive_cmds_time_sec,0.001301,0.001317,0.001321,0.001281,0.001320,0.001274,0.001276,0.001326,0.001270,0.001273,0.001337,0.001260
find_proactive_cmds_time_sec,0.007417,0.007293,0.007413,0.007329,0.007389,0.007351,0.007387,0.007442,0.007368,0.007314,0.007592,0.007366
find_covered_races_time,0.000001,0.000001,0.000001,0.000001,0.000001,0.000002,0.000001,0.000001,0.000001,0.000001,0.000001,0.000001
per_packet_inconsistent_time_sec,0.000461,0.004510,0.005518,0.007299,0.008459,0.009668,0.010827,0.012363,0.014122,0.015206,0.015762,0.023003
find_inconsistent_update_time_sec,0.000017,0.000036,0.000041,0.000051,0.000056,0.000060,0.000064,0.000069,0.000076,0.000079,0.000081,0.000108
