key/t,False-0,False-1,False-2,False-3,False-4,False-5,False-6,False-7,False-8,False-9,False-10,False-inf,True-0,True-1,True-2,True-3,True-4,True-5,True-6,True-7,True-8,True-9,True-10,True-inf
total_time_sec,90.163168,92.717812,93.420692,95.223149,95.987921,95.597302,94.620030,94.018447,95.798968,95.399599,93.901024,101.190382,86.114965,90.514541,93.910186,93.101416,106.926278,121.419034,151.005631,162.754472,179.400526,203.037793,252.895291,315.989031
load_time_sec,38.948103,37.515291,37.756461,38.612921,37.833769,38.494992,37.188048,37.324939,38.379221,37.510366,36.677522,37.099711,36.667912,35.996081,37.811312,37.525353,41.744353,43.520049,62.879425,66.616567,72.221098,89.681604,99.907388,112.103313
detect_races_time_sec,34.062738,33.705106,33.194121,33.709394,33.560837,32.838720,32.800914,32.719789,32.653682,33.127915,32.389256,31.773982,32.614642,32.093519,33.348412,33.097492,40.772394,41.281231,52.718533,53.233622,65.215705,69.045246,90.824241,100.051030
extract_traces_time_sec,2.315254,1.813081,1.589317,1.440961,0.938875,0.891340,0.698050,0.574987,1.003082,0.945037,1.011428,0.151144,2.632402,1.576959,1.543395,1.396415,0.822645,0.893804,1.168879,0.970635,1.026098,1.240103,1.111043,0.495228
find_reactive_cmds_time_sec,0.018782,0.022012,0.020999,0.021178,0.024147,0.031388,0.022720,0.022439,0.022868,0.022016,0.022845,0.021932,0.018032,0.019829,0.020507,0.020823,0.021640,0.024890,0.038167,0.041748,0.037957,0.055649,0.047608,0.118753
find_proactive_cmds_time_sec,9.491682,9.426330,9.482197,9.292894,10.392113,9.479659,9.859006,9.325259,9.587634,9.446143,9.370778,9.273079,9.228095,10.042949,9.556165,9.413193,9.734044,13.093596,13.703410,13.250756,13.110291,13.643732,18.986183,22.812698
find_covered_races_time,0.538828,1.569777,1.974030,2.080102,2.630026,2.694552,2.462896,2.707127,2.340078,2.392936,2.493223,4.056908,0.470167,1.595289,1.961439,2.049340,2.722113,4.842134,4.796199,5.919406,5.522862,5.576937,8.083481,17.064872
per_packet_inconsistent_time_sec,0.005451,0.756324,1.162035,1.361803,1.602714,1.811920,2.130125,2.178316,2.207599,2.243552,2.632171,6.411381,0.005268,0.833982,0.994898,1.279090,1.733553,3.803279,3.415411,5.064717,4.212295,5.440843,7.434847,25.276069
find_inconsistent_update_time_sec,-0.000317,-0.001026,-0.008176,-0.029414,-0.048406,-0.056463,-0.077897,-0.096708,-0.111400,-0.129210,-0.152852,-1.177675,-0.000245,-0.000862,-0.006962,-0.035965,-0.083848,-0.155446,-0.131569,-0.311917,-0.313168,-0.316258,-0.581105,-4.975968
