key/t,False-0,False-1,False-2,False-3,False-4,False-5,False-6,False-7,False-8,False-9,False-10,False-inf
total_time_sec,25.266104,25.634865,24.580161,25.465136,25.233801,25.044167,24.890050,23.747810,24.053874,23.897646,23.808807,25.916884
load_time_sec,10.402625,10.706865,10.303312,10.704155,10.719895,10.631838,10.596409,10.289335,10.460525,10.355128,10.325735,10.389255
detect_races_time_sec,12.633438,12.413955,12.093986,12.290356,12.002560,11.723503,11.674481,11.168426,11.217779,11.142098,11.080487,11.025981
extract_traces_time_sec,1.881682,1.296950,1.151226,1.131102,1.049696,1.002777,0.487020,0.399346,0.359351,0.339346,0.316170,0.230495
find_reactive_cmds_time_sec,0.032977,0.035408,0.032591,0.033345,0.034092,0.032438,0.036549,0.032489,0.033370,0.032339,0.032069,0.031517
find_proactive_cmds_time_sec,0.045070,0.365156,0.039710,0.040704,0.046988,0.043779,0.395499,0.039377,0.044245,0.040429,0.039076,0.044222
find_covered_races_time,0.267324,0.714687,0.763469,0.962572,0.994795,1.055898,1.023622,0.985213,1.000958,0.968731,0.942977,1.304073
per_packet_inconsistent_time_sec,0.002740,0.096334,0.182109,0.272574,0.338354,0.490902,0.517383,0.592220,0.647119,0.689631,0.719063,2.041867
find_inconsistent_update_time_sec,0.000234,0.005487,0.013742,0.030304,0.047406,0.063009,0.159062,0.241387,0.290510,0.329918,0.353212,0.849459
