key/t,False-0,False-1,False-2,False-3,False-4,False-5,False-6,False-7,False-8,False-9,False-10,False-inf
total_time_sec,35.325928,35.733502,35.203428,35.000529,35.084371,35.151724,34.970581,34.840460,34.271297,34.228502,34.588633,35.589618
load_time_sec,17.713408,17.976980,17.693417,17.623089,17.763475,17.757945,17.693061,17.873759,17.642141,17.711867,17.808207,17.616252
detect_races_time_sec,15.151404,14.873147,14.664030,14.550145,14.384873,14.196443,13.975048,13.659635,13.546035,13.453334,13.739261,12.699182
extract_traces_time_sec,1.999586,1.759858,1.229269,1.169374,1.090642,1.038311,0.944998,0.501658,0.450158,0.411105,0.384540,0.226055
find_reactive_cmds_time_sec,0.038865,0.039628,0.039592,0.038288,0.041496,0.039401,0.038680,0.045896,0.043120,0.039785,0.040380,0.047994
find_proactive_cmds_time_sec,0.060664,0.062020,0.361760,0.069376,0.061225,0.072035,0.062053,0.370642,0.065552,0.069375,0.072574,0.061760
find_covered_races_time,0.357797,0.885817,0.978807,1.189744,1.270175,1.454784,1.467009,1.419580,1.451297,1.377761,1.287680,1.583933
per_packet_inconsistent_time_sec,0.003929,0.130196,0.221365,0.328655,0.420938,0.521357,0.626671,0.709544,0.771138,0.832788,0.878019,2.467585
find_inconsistent_update_time_sec,-0.000233,-0.005814,-0.015148,-0.031817,-0.051508,-0.071406,-0.163019,-0.259703,-0.301814,-0.332443,-0.377929,-0.886809
