key/t,False-0,False-1,False-2,False-3,False-4,False-5,False-6,False-7,False-8,False-9,False-10,False-inf,True-0,True-1,True-2,True-3,True-4,True-5,True-6,True-7,True-8,True-9,True-10,True-inf
total_time_sec,315.989031,203.037793,179.400526,162.754472,151.005631,121.419034,106.926278,93.101416,93.910186,252.895291,90.514541,86.114965,101.190382,95.399599,95.798968,94.018447,94.620030,95.597302,95.987921,95.223149,93.420692,93.901024,92.717812,90.163168
load_time_sec,112.103313,89.681604,72.221098,66.616567,62.879425,43.520049,41.744353,37.525353,37.811312,99.907388,35.996081,36.667912,37.099711,37.510366,38.379221,37.324939,37.188048,38.494992,37.833769,38.612921,37.756461,36.677522,37.515291,38.948103
detect_races_time_sec,100.051030,69.045246,65.215705,53.233622,52.718533,41.281231,40.772394,33.097492,33.348412,90.824241,32.093519,32.614642,31.773982,33.127915,32.653682,32.719789,32.800914,32.838720,33.560837,33.709394,33.194121,32.389256,33.705106,34.062738
extract_traces_time_sec,0.495228,1.240103,1.026098,0.970635,1.168879,0.893804,0.822645,1.396415,1.543395,1.111043,1.576959,2.632402,0.151144,0.945037,1.003082,0.574987,0.698050,0.891340,0.938875,1.440961,1.589317,1.011428,1.813081,2.315254
find_reactive_cmds_time_sec,0.118753,0.055649,0.037957,0.041748,0.038167,0.024890,0.021640,0.020823,0.020507,0.047608,0.019829,0.018032,0.021932,0.022016,0.022868,0.022439,0.022720,0.031388,0.024147,0.021178,0.020999,0.022845,0.022012,0.018782
find_proactive_cmds_time_sec,22.812698,13.643732,13.110291,13.250756,13.703410,13.093596,9.734044,9.413193,9.556165,18.986183,10.042949,9.228095,9.273079,9.446143,9.587634,9.325259,9.859006,9.479659,10.392113,9.292894,9.482197,9.370778,9.426330,9.491682
find_covered_races_time,17.064872,5.576937,5.522862,5.919406,4.796199,4.842134,2.722113,2.049340,1.961439,8.083481,1.595289,0.470167,4.056908,2.392936,2.340078,2.707127,2.462896,2.694552,2.630026,2.080102,1.974030,2.493223,1.569777,0.538828
per_packet_inconsistent_time_sec,25.276069,5.440843,4.212295,5.064717,3.415411,3.803279,1.733553,1.279090,0.994898,7.434847,0.833982,0.005268,6.411381,2.243552,2.207599,2.178316,2.130125,1.811920,1.602714,1.361803,1.162035,2.632171,0.756324,0.005451
find_inconsistent_update_time_sec,-4.975968,-0.316258,-0.313168,-0.311917,-0.131569,-0.155446,-0.083848,-0.035965,-0.006962,-0.581105,-0.000862,-0.000245,-1.177675,-0.129210,-0.111400,-0.096708,-0.077897,-0.056463,-0.048406,-0.029414,-0.008176,-0.152852,-0.001026,-0.000317
