key/t,False-0,False-1,False-2,False-3,False-4,False-5,False-6,False-7,False-8,False-9,False-10,False-inf
total_time_sec,33.477905,33.385249,33.109303,33.188599,33.449952,32.840252,32.331273,31.608737,31.614321,31.786470,31.574574,34.051005
load_time_sec,13.252728,13.082312,13.446663,13.166734,13.508954,13.259228,13.067938,13.023794,13.011617,13.162142,13.089893,13.095525
detect_races_time_sec,15.974607,15.791796,15.509558,15.495121,15.322679,14.942879,14.619933,14.276670,14.193915,14.109476,14.131655,13.945077
extract_traces_time_sec,2.314236,1.545809,1.421606,1.392658,1.269905,1.183386,0.639048,0.507546,0.453062,0.409766,0.405144,0.283339
find_reactive_cmds_time_sec,0.785683,0.795534,0.777028,0.770944,0.774157,0.784178,0.781230,0.777977,0.780572,0.769172,0.762138,0.772289
find_proactive_cmds_time_sec,0.793146,1.135989,0.780359,0.797697,0.795858,0.791463,1.149245,0.781965,0.807737,0.826932,0.776942,0.790282
find_covered_races_time,0.352250,0.908169,0.934357,1.213158,1.316526,1.313153,1.323039,1.320468,1.350553,1.383055,1.241751,1.771079
per_packet_inconsistent_time_sec,0.004887,0.121793,0.229739,0.330560,0.421283,0.516401,0.625208,0.713180,0.786209,0.857687,0.875724,2.631427
find_inconsistent_update_time_sec,0.000351,0.003821,0.009972,0.021705,0.040568,0.049529,0.125610,0.207113,0.230633,0.268215,0.291304,0.761964
