key/t,False-0,False-1,False-2,False-3,False-4,False-5,False-6,False-7,False-8,False-9,False-10,False-inf
total_time_sec,21.828643,21.547794,21.108592,21.479036,20.729342,20.315668,20.367767,20.368110,20.245997,20.724791,20.562901,21.686480
load_time_sec,7.663721,7.721320,7.598004,7.928674,7.514657,7.545863,7.683901,7.646730,7.648072,7.709703,7.826848,7.706786
detect_races_time_sec,12.244313,11.985725,11.757939,11.741538,11.686460,11.243351,11.039519,10.988770,10.796007,11.130061,10.874581,10.645687
extract_traces_time_sec,1.844869,1.653708,1.482558,1.106190,1.050886,0.970744,0.854387,0.758869,0.719061,0.708925,0.675871,0.229607
find_reactive_cmds_time_sec,0.032499,0.034149,0.032475,0.032474,0.036791,0.031982,0.031993,0.032923,0.032479,0.035739,0.032115,0.031185
find_proactive_cmds_time_sec,0.040082,0.046350,0.039349,0.044857,0.041094,0.043476,0.045634,0.044694,0.039974,0.045041,0.043715,0.043329
find_covered_races_time,0.000002,0.000002,0.000001,0.000002,0.000003,0.000001,0.000002,0.000001,0.000002,0.000003,0.000001,0.000001
per_packet_inconsistent_time_sec,0.002909,0.100671,0.183494,0.595042,0.349987,0.416187,0.543100,0.628965,0.696748,0.751535,0.756904,2.170757
find_inconsistent_update_time_sec,0.000235,0.005856,0.014757,0.030244,0.049446,0.064049,0.169217,0.267145,0.313639,0.343763,0.352849,0.859111
