key/t,False-0,False-1,False-2,False-3,False-4,False-5,False-6,False-7,False-8,False-9,False-10,False-inf,True-0,True-1,True-2,True-3,True-4,True-5,True-6,True-7,True-8,True-9,True-10,True-inf
total_time_sec,40.193850,38.298334,38.362580,39.165584,38.827555,38.602315,38.185210,38.536917,38.525578,37.537073,37.464221,40.448242,40.247011,39.911103,39.556308,40.815450,40.963666,40.933127,38.712890,37.698626,37.857915,37.788324,39.759238,39.952047
load_time_sec,20.645524,19.296354,19.432206,19.771403,19.910392,19.792433,19.288413,19.731365,19.956171,19.642078,19.669100,19.751467,20.039753,20.006930,20.106932,21.642511,20.404637,20.359245,20.054300,19.497669,19.454928,19.482297,20.977500,18.964136
detect_races_time_sec,16.838744,15.938254,15.876282,16.358570,15.701368,15.449579,15.324786,15.182009,15.056844,14.653756,14.314525,14.853479,17.035857,16.818435,16.291475,15.719057,16.828027,16.385900,14.839470,14.627986,14.616838,14.490857,14.964637,13.927306
extract_traces_time_sec,2.236370,1.932478,1.391138,1.311779,1.203449,1.155009,1.051511,0.544245,0.492604,0.475568,0.709999,0.253216,2.662057,1.911571,1.709086,1.621816,1.605041,1.533805,0.955444,0.843667,0.780001,0.745986,0.703997,0.248623
find_reactive_cmds_time_sec,0.043669,0.040943,0.039877,0.041427,0.040144,0.041051,0.046984,0.042216,0.063986,0.042820,0.045454,0.055938,0.044071,0.042951,0.051676,0.046576,0.043568,0.048715,0.039741,0.041945,0.044376,0.041764,0.045642,0.051273
find_proactive_cmds_time_sec,0.066383,0.072018,0.362572,0.064565,0.072425,0.062425,0.075396,0.062106,0.080717,0.064727,0.065893,0.064764,0.079690,0.077924,0.075639,0.065505,0.078247,0.083767,0.359976,0.068433,0.065333,0.064368,0.074252,0.061634
find_covered_races_time,0.358994,0.894228,1.006692,1.247823,1.393700,1.493434,1.585468,1.610852,1.733357,1.465965,1.391796,1.854855,0.380945,0.917428,1.068602,1.330436,1.470243,1.799066,1.559932,1.534917,1.691884,1.663087,1.568025,2.218314
per_packet_inconsistent_time_sec,0.003886,0.118112,0.237626,0.336755,0.448276,0.528487,0.627604,1.060480,0.807809,0.829813,0.859465,2.626567,0.004175,0.129831,0.236416,0.352548,0.465977,0.616141,0.682377,0.753275,0.824514,0.886520,0.965427,3.147075
find_inconsistent_update_time_sec,-0.000217,-0.005885,-0.016125,-0.033205,-0.057727,-0.079844,-0.184979,-0.303563,-0.334028,-0.362278,-0.407934,-0.987897,-0.000402,-0.005978,-0.016393,-0.036937,-0.067870,-0.106424,-0.221585,-0.330658,-0.379975,-0.413388,-0.459687,-1.333618
