key/t,False-0,False-1,False-2,False-3,False-4,False-5,False-6,False-7,False-8,False-9,False-10,False-inf
total_time_sec,38.142725,37.568929,36.858190,38.626255,38.201304,37.536197,37.056749,36.346941,37.758794,36.490655,36.167500,37.947023
load_time_sec,17.182626,16.983262,17.173509,17.514686,17.557853,17.412806,17.454354,17.054262,17.795503,17.302061,17.377082,17.282557
detect_races_time_sec,18.062860,17.360812,16.586078,17.598719,17.208410,16.684734,16.189389,15.849239,16.269432,15.511081,15.206255,14.838461
extract_traces_time_sec,2.374085,2.003886,1.427136,1.352697,1.319339,1.181551,0.995702,0.840161,0.512210,0.490148,0.493450,0.298207
find_reactive_cmds_time_sec,0.044113,0.047107,0.048202,0.040159,0.047689,0.050957,0.044576,0.040677,0.047427,0.049181,0.042410,0.040776
find_proactive_cmds_time_sec,0.091186,0.072820,0.386200,0.379423,0.080016,0.068016,0.067375,0.071357,0.390834,0.077645,0.073174,0.075047
find_covered_races_time,0.380862,0.953323,0.975666,1.312796,1.445441,1.471512,1.355448,1.358556,1.416324,1.454098,1.292817,1.646592
per_packet_inconsistent_time_sec,0.006209,0.141870,0.241576,0.391846,0.486135,0.589107,0.762398,0.837082,0.960990,1.229548,1.267783,2.842099
find_inconsistent_update_time_sec,-0.000722,-0.005807,-0.019774,-0.035877,-0.056372,-0.077465,-0.187457,-0.295555,-0.366022,-0.376842,-0.414481,-0.923235
