key/t,False-0,False-1,False-2,False-3,False-4,False-5,False-6,False-7,False-8,False-9,False-10,False-inf
total_time_sec,3.568120,3.602627,3.681961,3.617851,3.606015,3.638158,3.612287,3.619194,3.664233,3.604858,3.656996,3.680245
load_time_sec,2.847622,2.839762,2.874736,2.832851,2.825968,2.839895,2.822299,2.817956,2.862216,2.818346,2.885067,2.836521
detect_races_time_sec,0.638822,0.622213,0.661039,0.632790,0.624974,0.639711,0.627712,0.644278,0.639108,0.624122,0.613545,0.612698
extract_traces_time_sec,0.036937,0.039719,0.035106,0.038307,0.033681,0.033449,0.032686,0.030649,0.030583,0.031087,0.032059,0.032110
find_reactive_cmds_time_sec,0.003684,0.003789,0.003938,0.003825,0.003629,0.003631,0.004021,0.003631,0.003653,0.003602,0.003613,0.003669
find_proactive_cmds_time_sec,0.019554,0.018793,0.018454,0.018400,0.019021,0.019181,0.021788,0.018664,0.018259,0.023874,0.018938,0.019246
find_covered_races_time,0.020672,0.049018,0.057663,0.059245,0.064284,0.066079,0.066295,0.065950,0.070966,0.065340,0.065276,0.114082
per_packet_inconsistent_time_sec,0.000762,0.029158,0.030888,0.032291,0.034323,0.036075,0.037343,0.037913,0.039247,0.038349,0.038356,0.061694
find_inconsistent_update_time_sec,-0.000034,-0.000123,-0.000089,-0.000103,-0.000099,-0.000101,-0.000103,-0.000106,-0.000104,-0.000103,-0.000104,-0.000187
