key/t,False-0,False-1,False-2,False-3,False-4,False-5,False-6,False-7,False-8,False-9,False-10,False-inf,True-0,True-1,True-2,True-3,True-4,True-5,True-6,True-7,True-8,True-9,True-10,True-inf
total_time_sec,100.597776,88.028824,85.774402,88.578280,93.620557,84.133614,92.334456,81.149815,79.109006,88.853416,72.419616,73.830965,79.984401,60.151868,57.574610,58.153955,54.442658,53.410826,49.839122,50.227996,44.634088,63.523381,47.977029,44.936338
load_time_sec,59.772562,54.395766,52.554575,55.546989,56.056184,51.803408,55.814534,52.287874,50.174047,52.204735,45.102173,51.309616,46.865624,37.108645,36.530059,37.553209,32.235718,33.561890,31.772587,32.044703,30.286423,38.111017,28.699956,33.632546
detect_races_time_sec,21.696335,18.635962,20.155162,19.235433,24.551176,19.135189,20.833465,18.656564,19.443515,18.347909,19.506626,18.222301,18.705729,14.294752,12.715564,13.844157,13.649081,11.905437,10.148024,13.020440,9.541987,14.854717,13.394188,8.327692
extract_traces_time_sec,0.177874,0.098557,0.106327,0.266552,0.128553,0.108447,0.114402,0.148016,0.117109,0.110253,0.119945,0.130038,0.099527,0.072837,0.093952,0.076813,0.063997,0.438397,0.453730,0.378098,0.309330,0.072523,0.449205,0.340543
find_reactive_cmds_time_sec,0.007455,0.006493,0.007073,0.016338,0.006403,0.006505,0.006796,0.007907,0.007137,0.006009,0.006709,0.004630,0.007120,0.003850,0.006109,0.003597,0.003439,0.006430,0.005984,0.003297,0.003000,0.006341,0.006078,0.003279
find_proactive_cmds_time_sec,0.699578,0.966742,1.205585,1.260013,1.144968,0.654429,0.634029,0.671390,0.665036,1.383260,0.591987,0.469017,0.710349,1.021432,1.007216,0.608703,0.761588,0.532643,0.533497,0.353488,0.330168,0.746418,0.524145,0.351082
find_covered_races_time,6.027330,3.473852,2.833451,3.260885,2.527465,3.177401,4.063231,1.449262,1.540776,4.383503,1.378298,0.227919,4.437623,1.662266,1.495361,1.016222,2.043159,1.174434,1.405610,0.696438,0.584196,2.296107,0.863808,0.121278
per_packet_inconsistent_time_sec,2.456798,1.142748,1.158994,1.038724,1.024881,1.104373,1.555658,0.782694,0.544544,1.817838,0.530651,0.004788,1.965742,0.506979,0.528857,0.505529,1.077115,0.835425,0.635533,0.288050,0.266642,1.066025,0.390517,0.002590
find_inconsistent_update_time_sec,-0.347970,-0.031082,-0.040688,-0.027672,-0.022473,-0.021463,-0.021588,-0.007388,-0.001728,-0.033661,-0.000443,-0.000159,-0.001425,-0.000343,-0.000348,-0.000337,-0.000719,-0.000601,-0.000535,-0.000291,-0.000241,-0.000767,-0.000409,-0.000080
