key/t,False-0,False-1,False-2,False-3,False-4,False-5,False-6,False-7,False-8,False-9,False-10,False-inf,True-0,True-1,True-2,True-3,True-4,True-5,True-6,True-7,True-8,True-9,True-10,True-inf
total_time_sec,31.819063,32.827293,32.863292,32.672129,32.400831,32.663906,32.403318,32.574792,33.149576,32.729868,33.474025,35.771983,33.042173,33.002987,32.685111,34.594808,33.546036,33.671265,33.589523,33.561027,33.828655,34.409710,34.219386,39.842525
load_time_sec,21.195311,21.300055,21.177910,20.988795,20.598488,20.699158,20.786571,20.912719,21.129227,20.866005,21.539960,21.332767,22.005950,22.083457,21.365299,22.334036,21.596713,21.686524,21.457304,21.435923,21.426545,21.730641,21.346799,22.387411
detect_races_time_sec,10.068968,10.195250,10.012807,9.835644,9.795186,9.877964,9.502773,9.494591,9.767907,9.557627,9.509338,9.938907,10.443454,9.652389,9.639677,10.239218,9.788794,9.755061,9.845350,9.596638,9.794089,9.849217,10.029318,10.280588
extract_traces_time_sec,0.286312,0.297092,0.285099,0.260788,0.261629,0.254931,0.254706,0.247896,0.245718,0.233112,0.225430,0.144934,0.305924,0.282340,0.276880,0.268579,0.287609,0.256477,0.242165,0.253305,0.261999,0.242896,0.242009,0.140402
find_reactive_cmds_time_sec,0.015147,0.015537,0.015126,0.014440,0.014736,0.015083,0.014589,0.015680,0.014845,0.014391,0.017862,0.015687,0.015838,0.014942,0.014904,0.015865,0.016423,0.018115,0.017756,0.015940,0.017452,0.015052,0.014866,0.014192
find_proactive_cmds_time_sec,0.040836,0.047614,0.039463,0.043009,0.045299,0.048361,0.041111,0.040955,0.043536,0.039324,0.039291,0.051298,0.044595,0.046205,0.042193,0.050972,0.049608,0.038980,0.039032,0.040151,0.043749,0.039792,0.045900,0.048569
find_covered_races_time,0.209341,0.729993,0.979398,1.097146,1.199602,1.250904,1.282198,1.306284,1.385960,1.414005,1.464753,2.836242,0.222822,0.684255,0.987912,1.218634,1.293375,1.351544,1.389724,1.620473,1.664386,1.848897,1.813863,5.047986
per_packet_inconsistent_time_sec,0.002991,0.241523,0.353219,0.432015,0.485593,0.517202,0.521057,0.556240,0.562006,0.605072,0.676893,1.451403,0.003425,0.239125,0.357975,0.465753,0.507042,0.555793,0.584868,0.585739,0.603396,0.663954,0.707349,1.803403
find_inconsistent_update_time_sec,-0.000095,-0.000177,-0.000206,-0.000239,-0.000234,-0.000242,-0.000251,-0.000361,-0.000320,-0.000270,-0.000435,-0.000682,-0.000111,-0.000209,-0.000212,-0.001688,-0.006415,-0.008718,-0.013272,-0.012793,-0.016977,-0.019194,-0.019221,-0.119917
