key/t,False-0,False-1,False-2,False-3,False-4,False-5,False-6,False-7,False-8,False-9,False-10,False-inf,True-0,True-1,True-2,True-3,True-4,True-5,True-6,True-7,True-8,True-9,True-10,True-inf
total_time_sec,42.342468,45.254001,43.651132,49.288876,48.686149,44.707615,49.200433,44.373531,45.147945,44.792917,46.268486,49.113429,42.544486,46.545506,44.455383,44.248852,44.820290,46.449443,46.157081,45.828667,44.517580,45.038743,45.113250,53.444724
load_time_sec,28.300116,27.945067,27.950931,27.795731,30.139576,28.139526,31.853705,27.899706,27.522543,28.241902,28.855666,28.274215,28.661911,29.116153,28.558092,28.449471,29.011311,29.918048,29.963133,28.969412,27.548900,27.717532,27.922576,29.576029
detect_races_time_sec,13.256727,14.981235,13.015375,16.526281,15.319844,13.167400,13.898467,12.865214,13.914849,12.837365,13.208509,13.350398,12.936230,14.325459,12.670851,12.710149,12.494821,12.972985,12.597533,12.993045,12.975866,12.596854,12.716910,12.877421
extract_traces_time_sec,0.376808,0.377299,0.367848,0.590914,0.352238,0.338136,0.344366,0.310241,0.324427,0.306044,0.517912,0.191553,0.466124,0.417789,0.399389,0.353167,0.343026,0.344839,0.332067,0.330866,0.311483,0.314715,0.296868,0.206969
find_reactive_cmds_time_sec,0.020610,0.019617,0.021288,0.035322,0.022280,0.020935,0.020359,0.019368,0.022219,0.020039,0.039304,0.018717,0.023597,0.023582,0.021201,0.020525,0.019569,0.021197,0.020574,0.020613,0.019661,0.020225,0.020938,0.020506
find_proactive_cmds_time_sec,0.126151,0.152526,0.131154,0.189945,0.142879,0.123647,0.131940,0.125909,0.136252,0.125711,0.173671,0.125451,0.137159,0.742704,0.651345,0.120686,0.131778,0.131867,0.119769,0.119323,0.125737,0.136495,0.122663,0.128361
find_covered_races_time,0.256908,1.345947,1.566475,3.025912,1.910614,2.086053,2.102864,2.233601,2.307764,2.325570,2.411798,5.058517,0.313590,1.438828,1.542810,1.826501,1.999278,2.176500,2.247584,2.412045,2.557370,3.016388,2.961782,7.839393
per_packet_inconsistent_time_sec,0.004939,0.431973,0.597684,1.124074,0.798305,0.831473,0.848291,0.919034,0.919422,0.935819,1.061092,2.093653,0.005649,0.480652,0.611318,0.764844,0.810342,0.868337,0.855376,0.958300,0.950968,1.201020,1.035947,2.555689
find_inconsistent_update_time_sec,-0.000173,-0.000298,-0.000334,-0.000617,-0.000369,-0.000404,-0.000398,-0.000420,-0.000424,-0.000428,-0.000477,-0.000826,-0.000188,-0.000300,-0.000340,-0.003468,-0.010125,-0.015618,-0.020996,-0.025010,-0.027545,-0.035464,-0.035513,-0.240356
