key/t,False-0,False-1,False-2,False-3,False-4,False-5,False-6,False-7,False-8,False-9,False-10,False-inf
total_time_sec,1.504848,1.527527,1.522112,1.508106,1.551982,1.508443,1.538322,1.504923,1.491487,1.500920,1.522399,1.540425
load_time_sec,0.967258,0.981262,0.969282,0.963801,0.990478,0.959762,0.985294,0.960057,0.953438,0.957420,0.971978,0.972251
detect_races_time_sec,0.495306,0.487898,0.489788,0.481716,0.495803,0.484218,0.487495,0.480795,0.473894,0.478846,0.485188,0.480312
extract_traces_time_sec,0.030196,0.029063,0.028614,0.027580,0.028005,0.027054,0.026246,0.025478,0.025419,0.025577,0.025462,0.026646
find_reactive_cmds_time_sec,0.002701,0.002685,0.002746,0.002669,0.002948,0.002656,0.002807,0.002644,0.002637,0.002630,0.002800,0.002709
find_proactive_cmds_time_sec,0.008830,0.008759,0.008992,0.008734,0.009129,0.008691,0.008950,0.008783,0.008708,0.008742,0.008959,0.008896
find_covered_races_time,0.000001,0.000001,0.000001,0.000001,0.000001,0.000001,0.000001,0.000001,0.000001,0.000001,0.000001,0.000001
per_packet_inconsistent_time_sec,0.000521,0.017770,0.022597,0.023512,0.025516,0.025961,0.027422,0.027060,0.027285,0.027598,0.027903,0.049440
find_inconsistent_update_time_sec,0.000025,0.000079,0.000082,0.000083,0.000090,0.000090,0.000097,0.000095,0.000095,0.000095,0.000096,0.000160
