key/t,False-0,False-1,False-2,False-3,False-4,False-5,False-6,False-7,False-8,False-9,False-10,False-inf
total_time_sec,4.032137,4.029666,3.938840,3.914975,3.909422,3.981072,3.966158,3.925815,3.884917,3.983183,4.041525,4.029448
load_time_sec,3.214026,3.186717,3.102539,3.096514,3.102340,3.147955,3.145713,3.100404,3.064222,3.152880,3.155468,3.102349
detect_races_time_sec,0.729089,0.694749,0.683498,0.655004,0.644706,0.661592,0.658130,0.657519,0.662958,0.654395,0.717102,0.666826
extract_traces_time_sec,0.039416,0.037581,0.035250,0.035032,0.034123,0.034193,0.031851,0.035325,0.031234,0.032569,0.034549,0.034038
find_reactive_cmds_time_sec,0.003777,0.003862,0.003895,0.003754,0.003972,0.003724,0.003753,0.004030,0.003602,0.003839,0.004017,0.003738
find_proactive_cmds_time_sec,0.024623,0.026834,0.021652,0.022386,0.018531,0.021083,0.019257,0.022478,0.018969,0.022009,0.021595,0.022366
find_covered_races_time,0.020097,0.053695,0.058577,0.064999,0.066660,0.070730,0.066241,0.066137,0.065771,0.069333,0.066409,0.124132
per_packet_inconsistent_time_sec,0.001024,0.026099,0.033298,0.037108,0.038954,0.041649,0.041007,0.039756,0.038020,0.047967,0.042236,0.075749
find_inconsistent_update_time_sec,-0.000041,-0.000089,-0.000092,-0.000129,-0.000098,-0.000102,-0.000156,-0.000128,-0.000104,-0.000144,-0.000108,-0.000206
