key/t,False-0,False-1,False-2,False-3,False-4,False-5,False-6,False-7,False-8,False-9,False-10,False-inf,True-0,True-1,True-2,True-3,True-4,True-5,True-6,True-7,True-8,True-9,True-10,True-inf
total_time_sec,35.193883,36.785236,37.529640,36.658780,37.933024,38.885543,42.895695,50.271335,38.199789,38.219960,39.975788,40.958407,36.065774,42.380031,39.499579,37.408112,38.814443,40.190228,38.608648,40.880421,40.274448,50.251440,44.125655,50.228322
load_time_sec,23.835408,24.078869,23.502850,23.344373,23.332712,24.335333,26.922329,23.759368,23.718833,23.781633,24.230043,23.836528,24.073117,29.704287,24.269218,24.288236,24.753854,25.089339,23.994100,24.397184,24.650005,33.931036,26.593651,27.485418
detect_races_time_sec,8.438327,8.275674,8.945303,8.081217,8.183483,8.570375,9.266698,15.859576,8.251515,8.137588,8.673011,8.763640,9.561378,8.366980,8.389350,8.340389,8.657305,8.984550,8.336165,9.327651,8.564295,9.439208,9.014371,8.927088
extract_traces_time_sec,0.583024,0.478989,0.517594,0.588465,0.486320,0.537866,0.126540,0.101196,0.051679,0.053838,0.055577,0.050702,0.090609,0.071528,0.086430,0.061942,0.060362,0.062930,0.054624,0.115803,0.058445,0.057704,0.059316,0.051970
find_reactive_cmds_time_sec,0.002670,0.002484,0.003041,0.002395,0.002885,0.002276,0.005564,0.005217,0.002289,0.002363,0.003495,0.003000,0.003447,0.002428,0.001727,0.002412,0.002389,0.002486,0.003002,0.005621,0.005162,0.002419,0.004784,0.002612
find_proactive_cmds_time_sec,0.385224,0.374376,0.392901,0.386533,0.397809,0.374913,0.961477,1.165333,0.790675,0.757413,0.796022,0.379878,0.377932,0.426921,0.522659,0.379609,0.379405,0.429563,0.847590,1.238173,0.868102,0.836057,0.869064,0.377278
find_covered_races_time,0.117559,0.724016,0.914116,0.951258,1.202958,1.219396,1.529468,2.244405,1.477295,1.440211,1.769975,2.764431,0.113424,0.960885,1.029587,0.984736,1.200705,1.404549,1.531813,1.638152,1.757377,1.753188,1.928027,4.516507
per_packet_inconsistent_time_sec,0.003441,0.355028,0.457628,0.470060,0.565408,0.582595,0.627231,1.016775,0.664132,0.646060,0.703213,1.193583,0.002995,0.355011,0.420270,0.483371,0.594513,0.604064,0.615046,0.672662,0.688450,0.669101,0.720148,2.059354
find_inconsistent_update_time_sec,-0.000103,-0.000601,-0.000423,-0.000395,-0.000379,-0.000433,-0.000466,-0.000746,-0.000469,-0.000463,-0.000471,-0.000781,-0.000103,-0.000372,-0.001752,-0.007924,-0.008553,-0.011741,-0.013751,-0.016463,-0.017263,-0.021007,-0.019265,-0.177787
