key/t,False-0,False-1,False-2,False-3,False-4,False-5,False-6,False-7,False-8,False-9,False-10,False-inf,True-0,True-1,True-2,True-3,True-4,True-5,True-6,True-7,True-8,True-9,True-10,True-inf
total_time_sec,69.496024,66.688794,76.919948,73.846186,68.729973,70.295095,67.841279,73.429247,69.486026,72.142219,79.943741,74.000969,73.522878,72.614633,287.689048,50.097856,55.415952,52.996588,51.901452,58.525413,51.583846,72.420366,85.851592,84.729394
load_time_sec,44.724597,43.096295,43.171059,43.233860,43.130141,43.585526,42.489325,47.477420,43.753675,45.091891,43.562756,44.023081,51.071620,48.800664,243.095593,35.977259,36.901008,33.354033,31.518097,39.099608,31.060769,46.642069,56.687461,47.922903
detect_races_time_sec,23.426317,21.076916,30.389304,26.734413,21.461239,22.186452,21.154620,21.564217,21.031007,21.971529,27.278520,21.510424,21.204865,20.824438,37.832901,11.955548,15.767190,15.008434,16.727871,15.922699,16.706569,19.861198,23.501231,24.738521
extract_traces_time_sec,0.624580,0.538106,0.524677,0.521562,0.507494,0.583393,0.473351,0.469498,0.457422,0.474241,0.833633,0.272389,0.571086,0.543365,0.964577,0.286395,0.321035,0.477586,0.386689,0.294016,0.503440,0.389829,0.291804,0.295745
find_reactive_cmds_time_sec,0.038361,0.034795,0.034393,0.035257,0.035676,0.054669,0.034525,0.034954,0.034597,0.036343,0.064816,0.035016,0.036074,0.035597,0.064213,0.019746,0.021557,0.032647,0.022085,0.021468,0.022447,0.021861,0.022022,0.038169
find_proactive_cmds_time_sec,0.176807,0.166599,0.169140,0.172089,0.170581,0.201916,0.165741,0.173987,0.167904,0.177117,0.268906,0.173409,0.159977,0.570772,0.847987,0.097576,0.115315,0.164614,0.110728,0.108376,0.119298,0.119526,0.133052,0.179286
find_covered_races_time,0.499538,1.399655,2.073600,2.377942,2.564612,2.751058,2.651612,2.815655,2.834409,3.279220,5.939898,5.427074,0.473546,1.460266,3.804736,1.318982,1.719035,3.062634,2.304430,2.442060,2.284641,4.059073,3.857835,7.878686
per_packet_inconsistent_time_sec,0.005535,0.376084,0.557342,0.770589,0.859706,0.931566,0.871259,0.892992,1.206113,1.111295,1.993984,2.558068,0.005492,0.379170,1.078234,0.440246,0.563793,0.882169,0.812216,0.620840,0.857565,1.303102,1.318591,3.436547
find_inconsistent_update_time_sec,-0.000239,-0.000297,-0.000386,-0.000425,-0.000473,-0.000466,-0.000781,-0.000478,-0.000839,-0.000536,-0.001155,-0.001455,-0.000173,-0.000312,-0.000740,-0.002073,-0.006982,-0.014420,-0.019301,-0.016309,-0.029062,-0.023672,-0.039539,-0.239481
