key/t,False-0,False-1,False-2,False-3,False-4,False-5,False-6,False-7,False-8,False-9,False-10,False-inf
total_time_sec,2.716393,2.880331,2.742059,2.723962,2.733204,2.923843,2.930153,2.973548,2.731460,2.712507,3.105858,2.939496
load_time_sec,2.020046,2.038453,2.009482,1.999945,1.978241,2.055297,2.064481,2.131760,1.993681,1.969820,2.235843,2.091825
detect_races_time_sec,0.609416,0.683316,0.582102,0.571665,0.592275,0.684749,0.682196,0.659084,0.576151,0.584883,0.696160,0.616374
extract_traces_time_sec,0.038449,0.041976,0.035032,0.034225,0.036117,0.038515,0.036284,0.035911,0.030891,0.030309,0.034470,0.033620
find_reactive_cmds_time_sec,0.011364,0.012929,0.011151,0.011297,0.011510,0.012777,0.012880,0.012830,0.011072,0.010937,0.012639,0.011584
find_proactive_cmds_time_sec,0.020416,0.022946,0.019730,0.019640,0.020888,0.022687,0.022830,0.022551,0.020179,0.020119,0.022251,0.021025
find_covered_races_time,0.015750,0.057325,0.058275,0.060146,0.065183,0.075565,0.076126,0.076124,0.068004,0.065547,0.072999,0.115777
per_packet_inconsistent_time_sec,0.000903,0.023250,0.026154,0.026930,0.028851,0.034114,0.035193,0.035137,0.031335,0.030765,0.031371,0.049075
find_inconsistent_update_time_sec,0.000035,0.000119,0.000117,0.000099,0.000124,0.000124,0.000146,0.000135,0.000132,0.000111,0.000110,0.000200
