key/t,False-0,False-1,False-2,False-3,False-4,False-5,False-6,False-7,False-8,False-9,False-10,False-inf,True-0,True-1,True-2,True-3,True-4,True-5,True-6,True-7,True-8,True-9,True-10,True-inf
total_time_sec,36.661846,45.124946,39.147467,39.311364,44.529719,42.241081,49.695785,46.604263,49.615687,48.132604,45.661193,55.535104,45.130702,42.201222,53.874906,43.842641,40.882188,44.951629,45.420120,44.043907,43.401361,45.478610,45.387652,43.126441
load_time_sec,24.194313,25.859488,25.360768,25.086638,28.325185,25.533965,33.831209,30.194330,31.745239,26.912623,27.982532,34.964016,30.817174,29.184875,35.559931,26.346856,25.009036,26.345458,24.819717,26.346886,26.801913,28.165549,28.534220,24.277274
detect_races_time_sec,9.197284,12.986741,8.720235,8.633588,8.986315,9.579242,8.851781,9.173683,9.172009,8.863269,8.932481,9.153436,11.698101,8.629440,9.789455,9.588738,9.892760,12.287942,13.120359,10.593521,9.597351,10.224971,8.971798,9.294018
extract_traces_time_sec,0.650355,0.746578,0.484730,0.520919,0.551333,0.513385,0.058194,0.057604,0.059575,0.061131,0.056674,0.051358,0.104534,0.074016,0.117206,0.072058,0.063664,0.119723,0.108488,0.095784,0.055947,0.064038,0.073032,0.050278
find_reactive_cmds_time_sec,0.002645,0.004947,0.002634,0.002528,0.004771,0.002519,0.002472,0.002355,0.002485,0.002439,0.003088,0.002748,0.003260,0.004115,0.003546,0.002668,0.003008,0.005125,0.005706,0.006969,0.003244,0.003061,0.003940,0.002597
find_proactive_cmds_time_sec,0.433380,0.667613,0.383696,0.390694,0.543606,0.403128,0.819834,0.835304,0.839419,0.869577,0.811894,0.394659,0.411447,0.409180,0.527266,0.415468,0.416994,0.632048,1.123786,0.810913,0.815099,0.892636,0.920093,0.391387
find_covered_races_time,0.124120,1.315625,0.912951,1.040710,1.511386,1.260810,1.343440,1.371015,1.534207,2.006051,1.602300,3.221521,0.119738,0.789303,1.323505,1.066805,1.416634,1.511657,1.845810,1.728439,1.797030,1.903885,1.924409,3.467177
per_packet_inconsistent_time_sec,0.003805,0.549854,0.490810,0.529772,0.581428,0.572451,0.604995,0.621261,0.658725,1.293024,0.936354,1.112691,0.003126,0.413044,0.732431,0.516243,0.630502,0.559906,0.647398,0.680698,0.666487,0.687004,0.717217,1.137034
find_inconsistent_update_time_sec,-0.000114,-0.000377,-0.000360,-0.000414,-0.000439,-0.000436,-0.000446,-0.000449,-0.000481,-0.001012,-0.001003,-0.000788,0.000000,-0.000350,-0.001702,-0.004053,-0.007981,-0.011648,-0.014162,-0.015143,-0.017467,-0.017505,-0.018757,-0.074819
