key/t,False-0,False-1,False-2,False-3,False-4,False-5,False-6,False-7,False-8,False-9,False-10,False-inf
total_time_sec,3.498410,3.546735,3.598483,3.596389,3.586257,3.581957,3.617461,3.648659,3.581875,3.613617,3.548547,3.632831
load_time_sec,2.794491,2.790215,2.827602,2.816537,2.789130,2.808149,2.833103,2.859280,2.812783,2.840286,2.782490,2.797705
detect_races_time_sec,0.624063,0.628508,0.626628,0.636197,0.646005,0.621884,0.628732,0.629023,0.616985,0.621029,0.610106,0.610782
extract_traces_time_sec,0.038256,0.034512,0.034602,0.033347,0.033057,0.032802,0.031691,0.030431,0.031109,0.029760,0.030512,0.032066
find_reactive_cmds_time_sec,0.003824,0.003555,0.003728,0.003742,0.003677,0.003670,0.003792,0.003643,0.004298,0.003502,0.003573,0.003590
find_proactive_cmds_time_sec,0.018177,0.018223,0.020103,0.018536,0.018331,0.018186,0.018648,0.017919,0.018820,0.017861,0.018467,0.018785
find_covered_races_time,0.018840,0.049283,0.057926,0.058900,0.065032,0.065106,0.065163,0.068935,0.064103,0.067068,0.069598,0.116354
per_packet_inconsistent_time_sec,0.000668,0.022315,0.027703,0.029002,0.030889,0.032030,0.036159,0.039292,0.033615,0.033977,0.033667,0.053349
find_inconsistent_update_time_sec,-0.000026,-0.000086,-0.000133,-0.000091,-0.000092,-0.000094,-0.000131,-0.000098,-0.000122,-0.000098,-0.000097,-0.000164
