key/t,False-0,False-1,False-2,False-3,False-4,False-5,False-6,False-7,False-8,False-9,False-10,False-inf,True-0,True-1,True-2,True-3,True-4,True-5,True-6,True-7,True-8,True-9,True-10,True-inf
total_time_sec,58.835216,58.647336,57.796140,58.857260,59.412687,57.105113,59.710644,56.151241,57.837328,58.163143,62.279769,67.550034,51.157182,56.674470,57.952041,61.845859,61.784442,60.263961,57.181949,56.033111,60.054930,74.652073,71.339251,72.316633
load_time_sec,36.599331,37.249247,34.772224,36.222113,37.544449,37.527400,37.448639,36.704474,36.924950,36.124783,38.670844,36.129890,34.510734,36.966572,36.384900,41.116067,39.433583,37.356334,34.886622,33.809624,36.331499,46.346011,43.766969,42.861122
detect_races_time_sec,21.076321,18.328242,20.152630,17.828946,17.689615,15.629722,18.207060,15.408627,16.364914,17.296344,18.998429,21.982361,15.214496,16.656928,17.145604,17.095638,17.880895,16.483194,18.134608,16.951439,17.818478,22.695131,22.193090,17.501551
extract_traces_time_sec,0.453951,0.616120,0.369027,0.386633,0.373867,0.511359,0.341275,0.362751,0.389748,0.570139,0.473766,0.297731,0.693612,0.463855,0.510586,0.407604,0.541723,0.644192,0.384921,0.340022,0.354178,0.536922,0.332709,0.229830
find_reactive_cmds_time_sec,0.021293,0.035831,0.021339,0.021451,0.021615,0.021399,0.019982,0.022313,0.021401,0.038457,0.036799,0.034861,0.037823,0.023211,0.036933,0.023721,0.035768,0.047695,0.021740,0.020199,0.024329,0.022717,0.020396,0.039249
find_proactive_cmds_time_sec,0.139886,0.175416,0.136880,0.134796,0.142937,0.144633,0.126818,0.190584,0.148342,0.223940,0.160347,0.218901,0.195416,0.683105,0.948255,0.164503,0.189203,0.242538,0.152583,0.143510,0.151748,0.147756,0.138487,0.238876
find_covered_races_time,0.535686,1.724099,1.595798,3.234874,2.783829,2.175823,2.595932,2.580004,3.010130,2.912538,2.913668,6.246594,0.496815,1.455235,2.112828,2.265526,2.599393,4.028717,2.642203,3.671599,4.129685,3.704071,3.513624,7.199711
per_packet_inconsistent_time_sec,0.008371,0.517863,0.747772,1.028002,0.855957,1.094063,0.969147,0.882042,0.977374,0.996460,1.025350,2.637505,0.007876,0.425241,0.812341,0.768577,1.093664,1.433799,0.937783,1.073153,1.207561,1.162077,1.332863,3.920950
find_inconsistent_update_time_sec,-0.000320,-0.000461,-0.000420,-0.000404,-0.000379,-0.000656,-0.000479,-0.000406,-0.000429,-0.000442,-0.000521,-0.002131,-0.000349,-0.000281,-0.000540,-0.004180,-0.010169,-0.027430,-0.021401,-0.023515,-0.037388,-0.037337,-0.041059,-0.325270
