key/t,False-0,False-1,False-2,False-3,False-4,False-5,False-6,False-7,False-8,False-9,False-10,False-inf
total_time_sec,2.329586,2.350806,2.386305,2.376369,2.366975,2.398633,2.369394,2.392262,2.361213,2.386984,2.403496,2.456045
load_time_sec,1.779171,1.759279,1.778556,1.768526,1.758057,1.779451,1.765413,1.782825,1.758079,1.779169,1.794643,1.790387
detect_races_time_sec,0.494019,0.489419,0.493133,0.490632,0.486945,0.495470,0.480878,0.485805,0.480896,0.485035,0.486939,0.481563
extract_traces_time_sec,0.030830,0.029729,0.029339,0.028685,0.028310,0.028155,0.025934,0.025785,0.025380,0.025545,0.025288,0.026950
find_reactive_cmds_time_sec,0.002814,0.002816,0.002784,0.002752,0.002818,0.002767,0.002760,0.002753,0.002752,0.002735,0.002765,0.002846
find_proactive_cmds_time_sec,0.009361,0.009432,0.009476,0.009509,0.009454,0.009446,0.009522,0.009561,0.009454,0.009460,0.009418,0.010297
find_covered_races_time,0.012808,0.042590,0.050336,0.052422,0.056315,0.057550,0.057960,0.058124,0.057527,0.057457,0.056725,0.100651
per_packet_inconsistent_time_sec,0.000543,0.017453,0.022586,0.023743,0.024974,0.025690,0.026820,0.027301,0.027019,0.027476,0.027610,0.043178
find_inconsistent_update_time_sec,0.000029,0.000074,0.000083,0.000087,0.000090,0.000091,0.000095,0.000095,0.000094,0.000095,0.000095,0.000160
