key/t,False-0,False-1,False-2,False-3,False-4,False-5,False-6,False-7,False-8,False-9,False-10,False-inf,True-0,True-1,True-2,True-3,True-4,True-5,True-6,True-7,True-8,True-9,True-10,True-inf
total_time_sec,44.936338,47.977029,44.634088,50.227996,49.839122,53.410826,54.442658,58.153955,57.574610,60.151868,63.523381,79.984401,73.830965,72.419616,79.109006,81.149815,92.334456,84.133614,93.620557,88.578280,85.774402,88.028824,88.853416,100.597776
load_time_sec,33.632546,28.699956,30.286423,32.044703,31.772587,33.561890,32.235718,37.553209,36.530059,37.108645,38.111017,46.865624,51.309616,45.102173,50.174047,52.287874,55.814534,51.803408,56.056184,55.546989,52.554575,54.395766,52.204735,59.772562
detect_races_time_sec,8.327692,13.394188,9.541987,13.020440,10.148024,11.905437,13.649081,13.844157,12.715564,14.294752,14.854717,18.705729,18.222301,19.506626,19.443515,18.656564,20.833465,19.135189,24.551176,19.235433,20.155162,18.635962,18.347909,21.696335
extract_traces_time_sec,0.340543,0.449205,0.309330,0.378098,0.453730,0.438397,0.063997,0.076813,0.093952,0.072837,0.072523,0.099527,0.130038,0.119945,0.117109,0.148016,0.114402,0.108447,0.128553,0.266552,0.106327,0.098557,0.110253,0.177874
find_reactive_cmds_time_sec,0.003279,0.006078,0.003000,0.003297,0.005984,0.006430,0.003439,0.003597,0.006109,0.003850,0.006341,0.007120,0.004630,0.006709,0.007137,0.007907,0.006796,0.006505,0.006403,0.016338,0.007073,0.006493,0.006009,0.007455
find_proactive_cmds_time_sec,0.351082,0.524145,0.330168,0.353488,0.533497,0.532643,0.761588,0.608703,1.007216,1.021432,0.746418,0.710349,0.469017,0.591987,0.665036,0.671390,0.634029,0.654429,1.144968,1.260013,1.205585,0.966742,1.383260,0.699578
find_covered_races_time,0.121278,0.863808,0.584196,0.696438,1.405610,1.174434,2.043159,1.016222,1.495361,1.662266,2.296107,4.437623,0.227919,1.378298,1.540776,1.449262,4.063231,3.177401,2.527465,3.260885,2.833451,3.473852,4.383503,6.027330
per_packet_inconsistent_time_sec,0.002590,0.390517,0.266642,0.288050,0.635533,0.835425,1.077115,0.505529,0.528857,0.506979,1.066025,1.965742,0.004788,0.530651,0.544544,0.782694,1.555658,1.104373,1.024881,1.038724,1.158994,1.142748,1.817838,2.456798
find_inconsistent_update_time_sec,-0.000080,-0.000409,-0.000241,-0.000291,-0.000535,-0.000601,-0.000719,-0.000337,-0.000348,-0.000343,-0.000767,-0.001425,-0.000159,-0.000443,-0.001728,-0.007388,-0.021588,-0.021463,-0.022473,-0.027672,-0.040688,-0.031082,-0.033661,-0.347970
