key/t,False-0,False-1,False-2,False-3,False-4,False-5,False-6,False-7,False-8,False-9,False-10,False-inf,True-0,True-1,True-2,True-3,True-4,True-5,True-6,True-7,True-8,True-9,True-10,True-inf
total_time_sec,0.376691,0.359753,0.358539,0.372267,0.360310,0.370167,0.358853,0.430495,0.355924,0.356986,0.368840,0.366655,0.341887,0.332489,0.343555,0.326482,0.333957,0.332585,0.336165,0.409079,0.367794,0.347743,0.353988,0.342494
load_time_sec,0.238458,0.222177,0.223439,0.226783,0.220517,0.222043,0.221717,0.222558,0.215429,0.220637,0.230191,0.224163,0.209829,0.207491,0.219010,0.204435,0.210354,0.208636,0.208883,0.260287,0.224421,0.214492,0.223780,0.209731
detect_races_time_sec,0.033098,0.033391,0.030063,0.031115,0.029906,0.035040,0.030591,0.032543,0.030652,0.029350,0.028799,0.027208,0.030452,0.029018,0.030286,0.028628,0.029643,0.028097,0.029197,0.032695,0.029531,0.029411,0.028716,0.027684
extract_traces_time_sec,0.011551,0.009796,0.010316,0.010798,0.009643,0.010018,0.007731,0.007780,0.006714,0.007224,0.006726,0.007158,0.009271,0.008601,0.008080,0.007517,0.008125,0.008297,0.006763,0.007925,0.007334,0.007477,0.006473,0.006538
find_reactive_cmds_time_sec,0.000087,0.000639,0.000436,0.000935,0.000906,0.000385,0.000029,0.000335,0.000327,0.000307,0.000314,0.000841,0.000361,0.000302,0.000310,0.000301,0.000000,0.000692,0.000296,0.000351,0.000323,0.000321,0.000331,0.000722
find_proactive_cmds_time_sec,0.081006,0.080294,0.080889,0.087657,0.084139,0.086373,0.081385,0.125872,0.083650,0.080725,0.081428,0.084624,0.083966,0.078288,0.076465,0.075498,0.075879,0.076167,0.078859,0.094059,0.092015,0.081171,0.081087,0.077220
find_covered_races_time,0.012310,0.013342,0.013106,0.013788,0.014574,0.014164,0.015583,0.036315,0.017003,0.016521,0.018316,0.019378,0.007749,0.007935,0.007951,0.008759,0.008466,0.009102,0.009448,0.011143,0.011492,0.012112,0.010898,0.015880
per_packet_inconsistent_time_sec,0.000181,0.000076,0.000290,0.001191,0.000582,0.002095,0.001817,0.005013,0.002100,0.002177,0.003024,0.003200,0.000226,0.000815,0.001406,0.001306,0.001451,0.001555,0.002674,0.002574,0.002624,0.002703,0.002652,0.004632
find_inconsistent_update_time_sec,0.000000,-0.000009,0.000000,0.000000,-0.000010,-0.000012,0.000000,-0.000025,-0.000013,-0.000014,-0.000013,-0.000034,-0.000008,-0.000012,-0.000014,-0.000013,-0.000013,-0.000014,-0.000017,-0.000017,-0.000018,-0.000019,-0.000018,-0.000056
