key/t,False-0,False-1,False-2,False-3,False-4,False-5,False-6,False-7,False-8,False-9,False-10,False-inf,True-0,True-1,True-2,True-3,True-4,True-5,True-6,True-7,True-8,True-9,True-10,True-inf
total_time_sec,0.217741,0.229436,0.225591,0.216712,0.219706,0.217297,0.214042,0.214954,0.212205,0.218557,0.213305,0.232906,0.220114,0.218163,0.225486,0.215046,0.218221,0.211284,0.225367,0.231019,0.216118,0.213652,0.224626,0.240521
load_time_sec,0.156500,0.169927,0.166431,0.161871,0.163590,0.160136,0.154765,0.157784,0.155994,0.161932,0.155885,0.172740,0.166703,0.165153,0.169803,0.162488,0.163352,0.160700,0.164189,0.174077,0.162871,0.158763,0.169632,0.165529
detect_races_time_sec,0.025189,0.024263,0.027739,0.023236,0.023947,0.023702,0.023524,0.022770,0.022659,0.023533,0.022134,0.022647,0.028093,0.026803,0.025479,0.023148,0.023753,0.023356,0.030461,0.024039,0.023293,0.025771,0.023410,0.022377
extract_traces_time_sec,0.010254,0.009828,0.007177,0.007261,0.006735,0.006621,0.007625,0.005374,0.005519,0.005199,0.005285,0.005330,0.006922,0.006239,0.006594,0.008199,0.006441,0.005583,0.005712,0.005789,0.005044,0.004709,0.006396,0.004759
find_reactive_cmds_time_sec,0.000323,0.000332,0.000271,0.000241,0.000231,0.000231,0.000252,0.000231,0.000272,0.000227,0.000226,0.000227,0.000281,0.000275,0.000244,0.000318,0.000326,0.000257,0.000272,0.000293,0.000248,0.000250,0.000278,0.000227
find_proactive_cmds_time_sec,0.013708,0.012824,0.011782,0.012411,0.011874,0.013069,0.013555,0.013623,0.011922,0.012951,0.013676,0.012741,0.011428,0.012118,0.013877,0.012778,0.013323,0.012653,0.011984,0.012864,0.013052,0.011675,0.012505,0.030257
find_covered_races_time,0.011526,0.011714,0.011385,0.010747,0.012061,0.011963,0.012757,0.013339,0.013961,0.012748,0.014013,0.015594,0.006467,0.006809,0.008325,0.006817,0.009356,0.007263,0.010280,0.011617,0.009153,0.010069,0.009976,0.012835
per_packet_inconsistent_time_sec,0.000191,0.000497,0.000755,0.000884,0.001204,0.001512,0.001495,0.001767,0.001811,0.001908,0.002033,0.003551,0.000170,0.000696,0.001106,0.001219,0.001596,0.001417,0.002401,0.002281,0.002402,0.002353,0.002371,0.004444
find_inconsistent_update_time_sec,-0.000006,-0.000006,-0.000007,-0.000006,-0.000009,-0.000007,-0.000008,-0.000010,-0.000010,-0.000011,-0.000010,-0.000028,-0.000005,-0.000009,-0.000011,-0.000021,-0.000013,-0.000011,-0.000015,-0.000013,-0.000013,-0.000013,-0.000014,-0.000049
