key/t,False-0,False-1,False-2,False-3,False-4,False-5,False-6,False-7,False-8,False-9,False-10,False-inf
total_time_sec,0.190834,0.194307,0.193550,0.196133,0.191272,0.192607,0.192607,0.195868,0.198464,0.190505,0.191876,0.196649
load_time_sec,0.140038,0.143190,0.142921,0.144820,0.140741,0.141784,0.140744,0.143732,0.147543,0.139908,0.140579,0.143685
detect_races_time_sec,0.023161,0.022430,0.022124,0.021822,0.021454,0.021435,0.020829,0.021167,0.020539,0.020429,0.020573,0.019924
extract_traces_time_sec,0.007418,0.007066,0.006656,0.006784,0.006219,0.006241,0.005496,0.005419,0.004959,0.004822,0.004950,0.004850
find_reactive_cmds_time_sec,0.000217,0.000214,0.000211,0.000213,0.000213,0.000253,0.000211,0.000247,0.000208,0.000205,0.000212,0.000207
find_proactive_cmds_time_sec,0.011067,0.010627,0.010937,0.011587,0.010786,0.011179,0.011300,0.012021,0.010927,0.011023,0.011686,0.010945
find_covered_races_time,0.008703,0.010229,0.009893,0.009993,0.010742,0.010420,0.012203,0.011391,0.012126,0.012163,0.011802,0.013515
per_packet_inconsistent_time_sec,0.000193,0.000512,0.000763,0.000871,0.001073,0.001251,0.001777,0.001839,0.002113,0.001907,0.002023,0.003450
find_inconsistent_update_time_sec,-0.000006,-0.000008,-0.000010,-0.000011,-0.000011,-0.000013,-0.000015,-0.000018,-0.000016,-0.000017,-0.000017,-0.000042
