key/t,False-0,False-1,False-2,False-3,False-4,False-5,False-6,False-7,False-8,False-9,False-10,False-inf
total_time_sec,0.161956,0.169376,0.157934,0.159813,0.161683,0.154746,0.154966,0.151662,0.150771,0.157781,0.153762,0.170709
load_time_sec,0.112157,0.113244,0.112986,0.116241,0.115143,0.108528,0.112348,0.108765,0.107086,0.111640,0.111134,0.121820
detect_races_time_sec,0.017672,0.023827,0.017628,0.017547,0.018822,0.017288,0.016733,0.016658,0.015960,0.016002,0.015577,0.015766
extract_traces_time_sec,0.009872,0.007602,0.007546,0.007464,0.007293,0.007327,0.006680,0.006249,0.006173,0.006015,0.005895,0.005964
find_reactive_cmds_time_sec,0.000343,0.000325,0.000229,0.000228,0.000335,0.000379,0.000227,0.000229,0.000269,0.000248,0.000223,0.000240
find_proactive_cmds_time_sec,0.013608,0.014577,0.012720,0.011526,0.012072,0.013920,0.011123,0.011217,0.012170,0.014608,0.011568,0.013886
find_covered_races_time,0.007955,0.009517,0.006521,0.006411,0.007348,0.006765,0.007089,0.007552,0.008068,0.008158,0.008146,0.011096
per_packet_inconsistent_time_sec,0.000288,0.000233,0.000265,0.000356,0.000614,0.000498,0.000723,0.000946,0.001001,0.001064,0.001164,0.001874
find_inconsistent_update_time_sec,-0.000011,-0.000010,-0.000008,-0.000009,-0.000010,-0.000010,-0.000010,-0.000014,-0.000014,-0.000013,-0.000020,-0.000029
