key/t,False-0,False-1,False-2,False-3,False-4,False-5,False-6,False-7,False-8,False-9,False-10,False-inf
total_time_sec,0.081392,0.081833,0.082377,0.080581,0.079908,0.079502,0.080417,0.079163,0.079760,0.079085,0.078850,0.080279
load_time_sec,0.050079,0.050399,0.050786,0.049811,0.049516,0.049260,0.050329,0.050206,0.050928,0.050217,0.050046,0.050391
detect_races_time_sec,0.019028,0.019093,0.019139,0.018711,0.018482,0.018279,0.018198,0.017446,0.017321,0.017338,0.017317,0.017003
extract_traces_time_sec,0.008013,0.008049,0.007992,0.007613,0.007413,0.007333,0.007015,0.006384,0.006140,0.006160,0.006112,0.006136
find_reactive_cmds_time_sec,0.000272,0.000281,0.000278,0.000268,0.000269,0.000277,0.000268,0.000274,0.000271,0.000276,0.000271,0.000270
find_proactive_cmds_time_sec,0.003806,0.003815,0.003831,0.003720,0.003665,0.003722,0.003824,0.003742,0.003813,0.003803,0.003817,0.003852
find_covered_races_time,0.000001,0.000001,0.000001,0.000001,0.000001,0.000001,0.000001,0.000001,0.000001,0.000001,0.000001,0.000001
per_packet_inconsistent_time_sec,0.000175,0.000179,0.000332,0.000437,0.000541,0.000606,0.000758,0.001084,0.001257,0.001263,0.001258,0.002577
find_inconsistent_update_time_sec,0.000009,0.000008,0.000010,0.000011,0.000012,0.000012,0.000014,0.000015,0.000017,0.000016,0.000017,0.000037
