key/t,False-0,False-1,False-2,False-3,False-4,False-5,False-6,False-7,False-8,False-9,False-10,False-inf
total_time_sec,0.126519,0.124832,0.126640,0.126664,0.126173,0.126645,0.124362,0.124557,0.125655,0.133369,0.123769,0.127331
load_time_sec,0.088390,0.086931,0.088717,0.088772,0.087968,0.088523,0.087314,0.087580,0.088418,0.095793,0.086727,0.088289
detect_races_time_sec,0.019064,0.018973,0.018721,0.018640,0.018436,0.018373,0.017949,0.017327,0.017236,0.017310,0.017183,0.017078
extract_traces_time_sec,0.008014,0.007986,0.007855,0.007646,0.007437,0.007311,0.006949,0.006374,0.006173,0.006308,0.006157,0.006312
find_reactive_cmds_time_sec,0.000275,0.000267,0.000271,0.000271,0.000269,0.000269,0.000275,0.000266,0.000274,0.000269,0.000277,0.000286
find_proactive_cmds_time_sec,0.003850,0.003749,0.003813,0.003799,0.003776,0.003737,0.003739,0.003783,0.003778,0.003962,0.003720,0.003894
find_covered_races_time,0.006720,0.006732,0.006940,0.007140,0.007810,0.007838,0.007443,0.008268,0.008702,0.008661,0.008641,0.009474
per_packet_inconsistent_time_sec,0.000188,0.000176,0.000305,0.000377,0.000457,0.000573,0.000670,0.000935,0.001049,0.001042,0.001039,0.001949
find_inconsistent_update_time_sec,0.000009,0.000009,0.000010,0.000010,0.000011,0.000012,0.000014,0.000015,0.000016,0.000016,0.000017,0.000039
