key/t,False-0,False-1,False-2,False-3,False-4,False-5,False-6,False-7,False-8,False-9,False-10,False-inf,True-0,True-1,True-2,True-3,True-4,True-5,True-6,True-7,True-8,True-9,True-10,True-inf
total_time_sec,0.349113,0.347835,0.339376,0.343932,0.374351,0.360335,0.292535,0.295763,0.320097,0.305385,0.297476,0.354743,0.343380,0.329247,0.334335,0.341474,0.373229,0.353906,0.349551,0.355947,0.349923,0.367064,0.364898,0.336318
load_time_sec,0.266026,0.259566,0.257032,0.272794,0.292050,0.268052,0.220922,0.219913,0.240306,0.225910,0.221534,0.264236,0.266656,0.252769,0.256179,0.264622,0.282228,0.267556,0.266062,0.274702,0.264398,0.275436,0.278125,0.245381
detect_races_time_sec,0.038479,0.038827,0.035635,0.030686,0.038805,0.042507,0.030082,0.030923,0.037664,0.033907,0.030843,0.039862,0.040356,0.039076,0.040746,0.040799,0.048752,0.046876,0.043307,0.041819,0.044473,0.045393,0.042196,0.042071
extract_traces_time_sec,0.015566,0.011001,0.011746,0.007979,0.008568,0.009388,0.008009,0.007182,0.007470,0.008160,0.006552,0.007196,0.012738,0.010521,0.008584,0.006023,0.008340,0.007495,0.005661,0.008599,0.007386,0.010463,0.009948,0.006632
find_reactive_cmds_time_sec,0.000119,0.000131,0.000331,0.000070,0.000073,0.000072,0.000072,0.000076,0.000074,0.000070,0.000070,0.000070,0.000129,0.000124,0.000073,0.000071,0.000098,0.000139,0.000122,0.000077,0.000074,0.000119,0.000083,0.000121
find_proactive_cmds_time_sec,0.016038,0.016306,0.016962,0.015301,0.016467,0.017487,0.015755,0.015281,0.014079,0.014927,0.015187,0.015672,0.016681,0.013892,0.016503,0.015374,0.019033,0.014032,0.017373,0.016077,0.015343,0.016828,0.016006,0.015384
find_covered_races_time,0.012586,0.020716,0.016325,0.015653,0.016849,0.020642,0.015592,0.019729,0.017759,0.019177,0.019352,0.021947,0.006560,0.011471,0.010581,0.012994,0.011633,0.015109,0.014751,0.011509,0.014906,0.015266,0.014378,0.019564
per_packet_inconsistent_time_sec,0.000230,0.001190,0.001286,0.001317,0.001475,0.002109,0.002035,0.002589,0.002656,0.003148,0.003866,0.005683,0.000206,0.001297,0.001562,0.001506,0.003068,0.002584,0.002187,0.003050,0.003255,0.003488,0.004041,0.007043
find_inconsistent_update_time_sec,-0.000006,-0.000014,-0.000009,-0.000009,-0.000009,-0.000011,-0.000011,-0.000013,-0.000013,-0.000014,-0.000016,-0.000021,-0.000005,-0.000020,-0.000021,-0.000012,-0.000015,-0.000028,-0.000015,-0.000030,-0.000016,-0.000018,-0.000036,-0.000068
