key/t,False-0,False-1,False-2,False-3,False-4,False-5,False-6,False-7,False-8,False-9,False-10,False-inf
total_time_sec,0.127855,0.127592,0.157108,0.128178,0.114083,0.127465,0.126012,0.126506,0.126874,0.126701,0.112985,0.114796
load_time_sec,0.088381,0.088128,0.117649,0.088830,0.078904,0.088452,0.087557,0.088223,0.088117,0.088430,0.078943,0.079148
detect_races_time_sec,0.019619,0.019430,0.019678,0.019331,0.016895,0.018847,0.018383,0.017792,0.017704,0.017625,0.015651,0.015407
extract_traces_time_sec,0.008126,0.008107,0.007892,0.007784,0.006744,0.007398,0.007062,0.006505,0.006375,0.006335,0.005602,0.005662
find_reactive_cmds_time_sec,0.000297,0.000293,0.000294,0.000285,0.000269,0.000294,0.000279,0.000289,0.000307,0.000291,0.000252,0.000249
find_proactive_cmds_time_sec,0.004307,0.004285,0.004234,0.004201,0.003981,0.004318,0.004203,0.004301,0.004468,0.004264,0.003848,0.003842
find_covered_races_time,0.006886,0.007112,0.007013,0.007303,0.006817,0.007571,0.007779,0.008379,0.008771,0.008636,0.007682,0.008592
per_packet_inconsistent_time_sec,0.000215,0.000215,0.000324,0.000419,0.000450,0.000558,0.000722,0.000987,0.001100,0.001088,0.000979,0.001845
find_inconsistent_update_time_sec,0.000010,0.000009,0.000011,0.000011,0.000011,0.000013,0.000014,0.000017,0.000017,0.000018,0.000015,0.000038
