key/t,False-0,False-1,False-2,False-3,False-4,False-5,False-6,False-7,False-8,False-9,False-10,False-inf,True-0,True-1,True-2,True-3,True-4,True-5,True-6,True-7,True-8,True-9,True-10,True-inf
total_time_sec,14.178398,15.211589,17.632042,15.538613,16.255766,15.855653,17.199336,16.658479,21.232050,24.410966,17.310482,19.727997,18.894998,18.408659,15.992177,15.451120,15.938515,17.046238,16.692945,16.842170,17.442314,16.587546,16.799283,17.576952
load_time_sec,10.628573,10.893837,12.897196,10.696575,11.223098,10.934473,11.959351,11.142443,13.334471,14.488981,11.507145,13.576902,11.851240,13.907140,11.001090,10.795730,10.805238,11.888949,11.155132,11.221665,11.843969,10.766300,10.931576,11.642973
detect_races_time_sec,2.170719,2.180316,2.411832,2.324408,2.412334,2.193836,2.299698,2.363994,3.298707,3.709716,2.287407,2.319395,4.486998,2.201441,2.202323,2.194094,2.212740,2.241513,2.292476,2.244814,2.213231,2.223915,2.357183,2.080494
extract_traces_time_sec,0.276168,0.238729,0.236052,0.248513,0.243790,0.226286,0.234771,0.299290,0.321694,0.391667,0.244022,0.270896,0.376988,0.239412,0.261242,0.226213,0.234246,0.229376,0.268219,0.231433,0.230998,0.256579,0.283308,0.222884
find_reactive_cmds_time_sec,0.001370,0.001324,0.001970,0.001329,0.001311,0.001311,0.001053,0.001412,0.002927,0.003392,0.001376,0.001325,0.002432,0.001307,0.001918,0.001787,0.001414,0.001500,0.001425,0.001476,0.001403,0.001366,0.001344,0.002619
find_proactive_cmds_time_sec,0.139829,0.132836,0.129313,0.134955,0.132324,0.136380,0.136051,0.153761,0.161298,0.210267,0.141657,0.153831,0.211307,0.138402,0.133726,0.130582,0.139705,0.131341,0.137823,0.135316,0.136018,0.146123,0.130173,0.135930
find_covered_races_time,0.065864,0.267109,0.315684,0.362574,0.395661,0.450048,0.493555,0.593942,0.764499,1.116115,0.743264,0.856650,0.140302,0.280424,0.318372,0.408488,0.512135,0.607928,0.692650,0.757467,0.800971,0.882948,0.865997,0.907791
per_packet_inconsistent_time_sec,0.001725,0.102959,0.125455,0.149239,0.161566,0.179503,0.187774,0.209357,0.263305,0.432899,0.305476,0.336179,0.002559,0.116960,0.129014,0.146859,0.182669,0.178886,0.189284,0.218219,0.220495,0.253464,0.235594,0.315685
find_inconsistent_update_time_sec,-0.000061,-0.000123,-0.000155,-0.000183,-0.000189,-0.000209,-0.000227,-0.000246,-0.000280,-0.000463,-0.000324,-0.000324,-0.000097,-0.000156,-0.000324,-0.002071,-0.003847,-0.004208,-0.005905,-0.005568,-0.006542,-0.007702,-0.008422,-0.016442
