key/t,False-0,False-1,False-2,False-3,False-4,False-5,False-6,False-7,False-8,False-9,False-10,False-inf,True-0,True-1,True-2,True-3,True-4,True-5,True-6,True-7,True-8,True-9,True-10,True-inf
total_time_sec,19.342091,15.434391,16.422427,17.398053,17.117558,17.039040,19.834817,17.681002,21.381901,17.861892,18.136111,22.989176,14.690161,15.515318,15.603532,16.514562,19.415252,18.734476,22.816151,25.097587,21.354874,27.260423,24.182908,17.903791
load_time_sec,15.287557,11.012072,11.853693,11.270822,11.543694,11.590725,13.359861,11.467741,14.584855,11.238468,11.558527,15.485116,10.945008,11.172641,11.053726,11.694729,11.488825,12.553129,16.948208,14.135152,15.244243,21.168263,12.876613,11.707465
detect_races_time_sec,2.673003,2.336818,2.227470,3.212643,2.361657,2.245584,2.755024,2.279830,2.661833,2.209568,2.289150,2.567114,2.246006,2.220496,2.251838,2.228289,2.415533,3.052618,2.485303,4.611669,2.167641,2.483090,4.803275,2.304034
extract_traces_time_sec,0.240440,0.233618,0.244856,0.247874,0.244552,0.259253,0.241764,0.246580,0.247629,0.239649,0.262895,0.247797,0.265829,0.244821,0.242607,0.236895,0.320838,0.251620,0.250816,0.353569,0.236437,0.266726,0.360070,0.227861
find_reactive_cmds_time_sec,0.001348,0.001653,0.001650,0.001746,0.001338,0.001358,0.001352,0.001453,0.001433,0.001475,0.001368,0.001341,0.001387,0.001163,0.001324,0.001335,0.001855,0.001919,0.001311,0.003261,0.001505,0.001380,0.002675,0.001303
find_proactive_cmds_time_sec,0.128427,0.133873,0.131087,0.160560,0.144607,0.138704,0.136078,0.135497,0.148011,0.148340,0.139236,0.208314,0.135391,0.136372,0.141266,0.145361,0.192927,0.143422,0.143829,0.225791,0.188779,0.156465,0.230564,0.152570
find_covered_races_time,0.066973,0.275623,0.331696,0.378407,0.484409,0.480188,0.517273,0.567061,0.595641,0.638158,0.677814,0.968647,0.070077,0.279409,0.307106,0.399751,1.005461,0.623778,0.700841,1.407103,1.209588,0.914257,1.653357,0.911505
per_packet_inconsistent_time_sec,0.001860,0.103711,0.137471,0.190581,0.210073,0.177193,0.184746,0.213347,0.229982,0.224168,0.253365,0.275926,0.002448,0.101561,0.125650,0.147394,0.317034,0.211628,0.187546,0.387503,0.267481,0.236132,0.444448,0.295497
find_inconsistent_update_time_sec,-0.000056,-0.000145,-0.000035,-0.000298,-0.000197,-0.000232,-0.000239,-0.000261,-0.000268,-0.000255,-0.000232,-0.000353,-0.000060,-0.000118,-0.000314,-0.001558,-0.009605,-0.005658,-0.005144,-0.011992,-0.007510,-0.008919,-0.017449,-0.014834
