key/t,False-0,False-1,False-2,False-3,False-4,False-5,False-6,False-7,False-8,False-9,False-10,False-inf,True-0,True-1,True-2,True-3,True-4,True-5,True-6,True-7,True-8,True-9,True-10,True-inf
total_time_sec,0.224221,0.260444,0.320594,0.306067,0.318205,0.328407,0.430981,0.488720,0.340937,0.366708,0.347772,0.389258,0.303641,0.346586,0.294978,0.349840,0.352370,0.372879,0.349596,0.349899,0.363283,0.330603,0.349909,0.349755
load_time_sec,0.066424,0.066989,0.081500,0.076262,0.067083,0.068605,0.081838,0.139581,0.071490,0.066333,0.067922,0.082693,0.088338,0.067181,0.071339,0.069663,0.078895,0.084168,0.069380,0.070839,0.067435,0.065506,0.068798,0.071841
detect_races_time_sec,0.012565,0.012327,0.013706,0.012648,0.012446,0.011746,0.014205,0.018911,0.011441,0.010568,0.010683,0.012959,0.016316,0.012157,0.013451,0.021766,0.014835,0.014888,0.011426,0.012067,0.012373,0.011638,0.012103,0.010864
extract_traces_time_sec,0.006986,0.003178,0.003774,0.003071,0.003074,0.003115,0.003475,0.005467,0.002921,0.003722,0.003952,0.004557,0.007819,0.004105,0.002915,0.007569,0.003561,0.003869,0.003332,0.003389,0.003108,0.002938,0.002938,0.003791
find_reactive_cmds_time_sec,0.000079,0.000083,0.000089,0.000086,0.000080,0.000080,0.000091,0.000088,0.000072,0.000074,0.000079,0.000079,0.000087,0.000135,0.000077,0.000245,0.000081,0.000400,0.000092,0.000070,0.000077,0.000080,0.000075,0.000081
find_proactive_cmds_time_sec,0.082100,0.083026,0.091733,0.085167,0.086935,0.091524,0.087178,0.113029,0.080448,0.105746,0.089290,0.100979,0.105453,0.120858,0.090663,0.126647,0.098055,0.099211,0.085585,0.085698,0.086269,0.084799,0.083044,0.093438
find_covered_races_time,0.003011,0.005699,0.007633,0.007031,0.009613,0.009196,0.009433,0.010748,0.009945,0.009082,0.008624,0.011201,0.003428,0.010132,0.005752,0.008604,0.009859,0.011585,0.011297,0.010772,0.012847,0.011551,0.010575,0.011217
per_packet_inconsistent_time_sec,0.000153,0.000618,0.000858,0.000889,0.001116,0.001231,0.001377,0.002383,0.001471,0.001540,0.001550,0.001852,0.000177,0.001153,0.001814,0.000887,0.002179,0.001512,0.001558,0.002655,0.001746,0.002537,0.002115,0.001970
find_inconsistent_update_time_sec,-0.000008,-0.000011,-0.000014,-0.000012,-0.000015,-0.000015,-0.000016,-0.000024,-0.000017,-0.000018,-0.000019,-0.000019,-0.000008,-0.000020,-0.000012,0.000000,-0.000037,-0.000076,0.000000,-0.000041,-0.000044,-0.000040,-0.000040,-0.000042
