key/t,False-0,False-1,False-2,False-3,False-4,False-5,False-6,False-7,False-8,False-9,False-10,False-inf,True-0,True-1,True-2,True-3,True-4,True-5,True-6,True-7,True-8,True-9,True-10,True-inf
total_time_sec,0.242394,0.259756,0.285249,0.424392,0.330375,0.307327,0.333626,0.310611,0.319058,0.317653,0.327639,0.315334,0.227706,0.264668,0.254913,0.355927,0.309424,0.350828,0.332442,0.388839,0.388401,0.362437,0.333673,0.316321
load_time_sec,0.069366,0.069130,0.074232,0.122473,0.069116,0.070779,0.074702,0.060724,0.065906,0.066080,0.062814,0.063872,0.065139,0.066213,0.062895,0.090990,0.068554,0.074526,0.093463,0.084440,0.076758,0.073854,0.067008,0.061900
detect_races_time_sec,0.013700,0.012794,0.011261,0.021968,0.011750,0.012579,0.011619,0.010385,0.011836,0.010452,0.011309,0.010820,0.011947,0.012187,0.012017,0.013924,0.013297,0.012829,0.011158,0.013278,0.013079,0.013815,0.012961,0.010994
extract_traces_time_sec,0.007251,0.003124,0.003256,0.025847,0.003132,0.003190,0.003243,0.002838,0.003422,0.003854,0.003444,0.003231,0.006277,0.002887,0.002901,0.004047,0.003085,0.003214,0.002755,0.003763,0.004126,0.003781,0.002959,0.003177
find_reactive_cmds_time_sec,0.000119,0.000079,0.000081,0.000102,0.000000,0.000076,0.000079,0.000070,0.000128,0.000000,0.000271,0.000090,0.000086,0.000073,0.000079,0.000000,0.000078,0.000514,0.000075,0.000079,0.000000,0.000104,0.000079,0.000079
find_proactive_cmds_time_sec,0.085895,0.083108,0.084026,0.111086,0.096259,0.078982,0.087029,0.083516,0.080221,0.087561,0.086598,0.084393,0.083440,0.082543,0.080087,0.088087,0.090358,0.093643,0.080116,0.099400,0.091234,0.094054,0.081889,0.081981
find_covered_races_time,0.003438,0.005387,0.007269,0.008507,0.009566,0.008553,0.009284,0.009531,0.007985,0.008638,0.008073,0.007779,0.003004,0.004740,0.006367,0.008749,0.010379,0.011679,0.010645,0.012251,0.012631,0.013104,0.010438,0.012602
per_packet_inconsistent_time_sec,0.000000,0.000699,0.000813,0.001450,0.002596,0.001266,0.001135,0.002112,0.001646,0.001559,0.002014,0.001678,0.000146,0.000973,0.000746,0.001147,0.001593,0.001326,0.001244,0.002638,0.002172,0.002037,0.001996,0.001757
find_inconsistent_update_time_sec,0.000000,-0.000022,-0.000012,-0.000015,0.000000,-0.000015,-0.000028,0.000000,0.000000,0.000000,-0.000018,0.000000,-0.000007,-0.000011,0.000000,0.000000,-0.000077,-0.000050,0.000000,0.000000,0.000000,-0.000070,-0.000045,-0.000046
